ticket_id,customer_id,agent_id,category_id,channel,created_at,resolved_at,resolution_hours,sla_met,escalated,csat_score,status
T00001,CU0126,A007,C04,Web,2025-06-12 13:00:00,2025-06-13 02:55:01.604676187,13.92,1,0,5,Resolved
T00002,CU0565,A001,C01,Chat,2025-08-11 09:00:00,2025-08-11 18:07:27.891773745,9.12,1,0,5,Resolved
T00003,CU0459,A008,C04,Chat,2025-02-26 17:00:00,2025-02-27 04:30:58.297048660,11.52,1,1,5,Resolved
T00004,CU0697,A001,C02,Chat,2025-08-16 18:00:00,2025-08-18 04:51:53.438705514,34.86,0,1,4,Resolved
T00005,CU0133,A011,C01,Web,2025-12-04 17:00:00,2025-12-05 07:06:08.466453838,14.1,0,0,5,Resolved
T00006,CU0288,A011,C04,Chat,2025-02-19 17:00:00,2025-02-20 10:54:56.691505569,17.92,1,0,5,Resolved
T00007,CU0109,A007,C05,Chat,2025-04-30 11:00:00,2025-05-01 15:44:23.374366234,28.74,1,0,5,Resolved
T00008,CU0278,A003,C06,Chat,2025-09-11 14:00:00,2025-09-12 04:24:57.942313671,14.42,1,0,5,Resolved
T00009,CU0865,A010,C06,Email,2025-08-14 09:00:00,2025-08-15 20:19:25.761981572,35.32,1,0,4,Resolved
T00010,CU0808,A001,C06,Chat,2025-09-04 12:00:00,2025-09-05 14:50:49.707670952,26.85,1,0,5,Resolved
T00011,CU0447,A005,C06,Email,2025-07-24 14:00:00,2025-07-26 01:37:07.743391586,35.62,1,0,4,Resolved
T00012,CU0090,A018,C05,Chat,2025-09-07 16:00:00,2025-09-09 02:37:04.431256590,34.62,1,0,5,Resolved
T00013,CU0896,A017,C01,Chat,2025-08-11 09:00:00,2025-08-11 19:08:41.551197561,10.14,1,0,4,Resolved
T00014,CU0142,A012,C05,Chat,2025-01-28 18:00:00,2025-01-29 13:25:12.678741692,19.42,1,0,5,Resolved
T00015,CU0092,A007,C01,Email,2025-10-02 13:00:00,2025-10-02 17:29:44.476476162,4.5,1,0,5,Resolved
T00016,CU0370,A001,C01,Chat,2025-06-13 19:00:00,2025-06-14 08:52:08.229003639,13.87,0,0,5,Resolved
T00017,CU0848,A012,C02,Web,2025-01-19 14:00:00,2025-01-19 23:02:58.261769401,9.05,1,0,5,Resolved
T00018,CU0719,A009,C06,Chat,2025-05-30 15:00:00,2025-05-31 16:00:13.431825082,25.0,1,0,4,Resolved
T00019,CU0324,A013,C05,Email,2025-06-08 17:00:00,2025-06-10 16:37:57.614590671,47.63,1,0,4,Resolved
T00020,CU0410,A003,C06,Chat,2025-02-01 18:00:00,2025-02-03 07:43:28.598042996,37.72,0,0,5,Resolved
T00021,CU0055,A015,C06,Chat,2025-12-30 10:00:00,2025-12-31 21:45:00.932813269,35.75,1,0,3,Resolved
T00022,CU0244,A015,C06,Web,2025-03-23 14:00:00,2025-03-24 18:39:01.269994683,28.65,1,0,4,Resolved
T00023,CU0604,A008,C01,Email,2025-05-01 08:00:00,2025-05-01 19:04:52.042821844,11.08,1,0,5,Resolved
T00024,CU0379,A001,C06,Email,2025-06-10 14:00:00,2025-06-12 12:22:30.828677307,46.38,0,0,4,Resolved
T00025,CU0881,A009,C06,Email,2025-10-31 18:00:00,2025-11-02 00:16:09.697351432,30.27,1,0,5,Resolved
T00026,CU0401,A007,C06,Chat,2025-09-29 19:00:00,2025-09-30 11:31:08.284134136,16.52,1,0,5,Resolved
T00027,CU0763,A014,C02,Web,2025-10-09 11:00:00,2025-10-09 22:02:11.774480085,11.04,1,0,4,Resolved
T00028,CU0655,A005,C01,Chat,2025-03-28 13:00:00,2025-03-28 23:56:39.058473901,10.94,1,0,4,Resolved
T00029,CU0457,A001,C06,Web,2025-11-05 15:00:00,2025-11-06 09:51:11.519588667,18.85,1,0,4,Resolved
T00030,CU0782,A018,C02,Email,2025-10-30 13:00:00,2025-11-01 00:24:31.115849734,35.41,0,1,3,Resolved
T00031,CU0784,A005,C03,Chat,2025-06-19 10:00:00,2025-06-20 02:31:24.529291996,16.52,1,0,5,Resolved
T00032,CU0290,A002,C04,Email,2025-07-19 11:00:00,2025-07-20 01:37:50.269134295,14.63,1,0,4,Resolved
T00033,CU0251,A016,C01,Web,2025-01-14 13:00:00,2025-01-15 05:11:25.953843055,16.19,0,1,3,Resolved
T00034,CU0638,A013,C01,Chat,2025-10-05 14:00:00,2025-10-05 21:22:05.139226182,7.37,1,0,4,Resolved
T00035,CU0025,A005,C06,Chat,2025-12-17 19:00:00,2025-12-19 04:01:04.619609176,33.02,1,1,5,Resolved
T00036,CU0632,A009,C06,Email,2025-06-22 15:00:00,2025-06-24 04:28:04.011913704,37.47,0,0,4,Resolved
T00037,CU0392,A013,C06,Chat,2025-07-17 13:00:00,2025-07-18 12:44:59.734302036,23.75,1,1,4,Resolved
T00038,CU0691,A015,C03,Chat,2025-07-02 16:00:00,2025-07-03 11:08:17.720574619,19.14,1,0,4,Resolved
T00039,CU0118,A007,C02,Email,2025-01-31 18:00:00,2025-02-01 14:19:53.759016710,20.33,1,0,4,Resolved
T00040,CU0518,A004,C04,Web,2025-08-15 13:00:00,2025-08-16 03:30:06.617712052,14.5,1,0,5,Resolved
T00041,CU0483,A001,C04,Email,2025-09-21 14:00:00,2025-09-22 17:15:00.200620152,27.25,0,0,5,Resolved
T00042,CU0014,A016,C01,Web,2025-12-05 10:00:00,2025-12-05 14:48:08.831840749,4.8,1,1,4,Resolved
T00043,CU0473,A015,C06,Chat,2025-12-06 19:00:00,2025-12-07 06:41:08.905233033,11.69,1,0,4,Resolved
T00044,CU0591,A018,C06,Chat,2025-06-29 19:00:00,2025-07-01 14:07:27.320523330,43.12,0,1,3,Resolved
T00045,CU0365,A014,C04,Chat,2025-12-17 10:00:00,2025-12-18 02:14:25.823215672,16.24,1,0,5,Resolved
T00046,CU0552,A004,C03,Chat,2025-07-12 12:00:00,2025-07-13 07:56:51.509623873,19.95,1,0,4,Resolved
T00047,CU0294,A005,C03,Email,2025-08-23 11:00:00,2025-08-24 13:03:21.865837338,26.06,0,0,5,Resolved
T00048,CU0551,A005,C01,Chat,2025-08-08 19:00:00,2025-08-09 09:19:11.360656729,14.32,0,0,5,Resolved
T00049,CU0220,A009,C02,Chat,2025-12-31 08:00:00,2025-12-31 17:42:24.207998544,9.71,1,0,4,Resolved
T00050,CU0254,A018,C04,Email,2025-09-27 10:00:00,2025-09-27 20:14:37.714570429,10.24,1,0,5,Resolved
T00051,CU0064,A013,C04,Email,2025-02-13 12:00:00,2025-02-13 23:58:49.443119389,11.98,1,0,5,Resolved
T00052,CU0089,A008,C04,Email,2025-01-27 15:00:00,,16.52,1,0,5,Open
T00053,CU0122,A014,C06,Email,2025-05-30 11:00:00,2025-05-31 05:02:53.527143040,18.05,1,1,5,Resolved
T00054,CU0171,A016,C02,Web,2025-07-08 14:00:00,2025-07-09 06:23:34.006771572,16.39,1,0,4,Resolved
T00055,CU0647,A008,C01,Email,2025-09-02 17:00:00,2025-09-03 02:10:27.117974308,9.17,1,0,5,Resolved
T00056,CU0195,A016,C01,Web,2025-06-25 18:00:00,2025-06-26 03:39:19.641418174,9.66,1,0,5,Resolved
T00057,CU0320,A001,C01,Web,2025-07-07 09:00:00,2025-07-07 19:11:59.986517049,10.2,1,0,4,Resolved
T00058,CU0157,A006,C05,Web,2025-12-03 09:00:00,2025-12-04 09:14:53.275923247,24.25,1,0,4,Resolved
T00059,CU0382,A004,C06,Chat,2025-05-03 09:00:00,2025-05-05 04:50:53.008123563,43.85,0,0,4,Resolved
T00060,CU0221,A004,C06,Email,2025-06-30 19:00:00,2025-07-01 14:36:48.024788616,19.61,1,0,5,Resolved
T00061,CU0296,A004,C05,Chat,2025-07-23 16:00:00,2025-07-25 09:03:18.846349023,41.06,1,0,4,Resolved
T00062,CU0062,A007,C03,Chat,2025-06-20 14:00:00,2025-06-20 22:18:23.431908380,8.31,1,0,5,Resolved
T00063,CU0455,A014,C02,Email,2025-12-20 18:00:00,2025-12-21 06:23:18.953259907,12.39,1,1,5,Resolved
T00064,CU0243,A011,C03,Chat,2025-12-18 15:00:00,2025-12-19 17:09:42.301580184,26.16,0,1,3,Resolved
T00065,CU0587,A008,C03,Email,2025-07-07 11:00:00,2025-07-08 12:08:13.511120513,25.14,0,0,4,Resolved
T00066,CU0899,A009,C06,Email,2025-06-14 14:00:00,2025-06-15 22:44:31.177954039,32.74,1,0,5,Resolved
T00067,CU0437,A004,C04,Chat,2025-08-03 17:00:00,2025-08-04 11:02:30.875645623,18.04,0,0,5,Resolved
T00068,CU0461,A014,C02,Web,2025-03-08 08:00:00,2025-03-09 19:49:14.869125652,35.82,0,0,4,Resolved
T00069,CU0748,A014,C03,Email,2025-06-05 15:00:00,2025-06-06 03:08:31.477785421,12.14,1,0,5,Resolved
T00070,CU0310,A010,C01,Email,2025-03-21 14:00:00,2025-03-21 17:51:36.467937021,3.86,1,0,5,Resolved
T00071,CU0127,A015,C06,Chat,2025-02-22 08:00:00,2025-02-22 23:34:55.793194582,15.58,1,0,5,Resolved
T00072,CU0649,A015,C01,Web,2025-02-04 11:00:00,2025-02-04 16:49:43.408646752,5.83,1,0,4,Resolved
T00073,CU0585,A015,C01,Chat,2025-08-03 13:00:00,2025-08-03 19:36:18.655334503,6.61,1,0,5,Resolved
T00074,CU0423,A002,C02,Web,2025-01-01 12:00:00,2025-01-02 02:36:09.628945750,14.6,1,0,5,Resolved
T00075,CU0349,A002,C06,Chat,2025-08-24 11:00:00,2025-08-27 05:21:00.307651816,66.35,0,0,3,Resolved
T00076,CU0027,A008,C04,Chat,2025-06-07 16:00:00,,21.99,0,0,5,Open
T00077,CU0502,A002,C05,Chat,2025-05-14 13:00:00,2025-05-16 03:53:50.446753893,38.9,1,0,5,Resolved
T00078,CU0493,A001,C03,Email,2025-10-08 14:00:00,2025-10-10 10:33:27.858355336,44.56,0,0,4,Resolved
T00079,CU0465,A003,C01,Web,2025-07-16 18:00:00,2025-07-17 02:43:21.874532466,8.72,1,0,4,Resolved
T00080,CU0274,A003,C06,Email,2025-09-25 09:00:00,2025-09-26 07:05:51.250678994,22.1,1,1,4,Resolved
T00081,CU0137,A006,C02,Email,2025-09-16 12:00:00,2025-09-17 16:47:05.287052328,28.78,0,0,4,Resolved
T00082,CU0515,A006,C01,Chat,2025-01-12 08:00:00,2025-01-12 11:29:51.322810120,3.5,1,0,4,Resolved
T00083,CU0559,A015,C05,Web,2025-03-20 20:00:00,2025-03-21 18:04:13.320821153,22.07,1,0,3,Resolved
T00084,CU0156,A017,C01,Chat,2025-07-28 10:00:00,2025-07-28 22:56:25.343275009,12.94,0,0,5,Resolved
T00085,CU0109,A004,C01,Web,2025-12-23 18:00:00,2025-12-24 01:38:23.237392848,7.64,1,0,4,Resolved
T00086,CU0435,A007,C06,Email,2025-02-26 10:00:00,2025-02-27 08:56:29.365646442,22.94,1,0,5,Resolved
T00087,CU0044,A010,C04,Chat,2025-02-08 12:00:00,2025-02-08 18:27:57.182839491,6.47,1,0,5,Resolved
T00088,CU0175,A005,C02,Chat,2025-12-10 15:00:00,2025-12-11 04:55:55.596321260,13.93,1,0,5,Resolved
T00089,CU0573,A006,C03,Email,2025-12-19 18:00:00,2025-12-20 20:42:19.023894043,26.71,0,0,5,Resolved
T00090,CU0269,A013,C05,Web,2025-03-03 10:00:00,2025-03-04 17:16:47.307603604,31.28,1,0,5,Resolved
T00091,CU0415,A008,C01,Email,2025-05-27 10:00:00,2025-05-27 15:30:21.629516781,5.51,1,0,5,Resolved
T00092,CU0619,A013,C01,Web,2025-08-17 19:00:00,2025-08-18 00:50:27.753444938,5.84,1,0,4,Resolved
T00093,CU0160,A002,C05,Web,2025-03-13 12:00:00,2025-03-14 09:32:05.234329798,21.53,1,0,4,Resolved
T00094,CU0205,A009,C05,Chat,2025-04-30 10:00:00,2025-05-01 22:59:09.324435062,36.99,1,0,4,Resolved
T00095,CU0268,A006,C06,Email,2025-05-25 17:00:00,2025-05-26 22:10:49.397130404,29.18,1,0,4,Resolved
T00096,CU0376,A006,C03,Email,2025-08-23 09:00:00,2025-08-24 03:31:01.657058030,18.52,1,1,4,Resolved
T00097,CU0504,A009,C01,Chat,2025-04-23 19:00:00,2025-04-23 21:57:29.720495426,2.96,1,0,5,Resolved
T00098,CU0066,A006,C04,Email,2025-05-31 19:00:00,2025-06-01 08:17:18.696486382,13.29,1,0,5,Resolved
T00099,CU0427,A014,C05,Chat,2025-04-16 19:00:00,2025-04-17 15:41:51.443708028,20.7,1,0,4,Resolved
T00100,CU0619,A004,C01,Email,2025-10-05 11:00:00,2025-10-05 21:54:29.710742518,10.91,1,0,3,Resolved
T00101,CU0767,A017,C04,Email,2025-02-25 09:00:00,2025-02-25 18:32:58.474871480,9.55,1,1,4,Resolved
T00102,CU0486,A007,C02,Web,2025-03-26 13:00:00,2025-03-26 21:58:31.912520703,8.98,1,0,4,Resolved
T00103,CU0564,A010,C06,Chat,2025-04-02 12:00:00,2025-04-03 14:47:02.254289272,26.78,1,0,4,Resolved
T00104,CU0733,A004,C06,Email,2025-11-27 20:00:00,2025-11-30 20:13:44.101251904,72.23,0,0,4,Resolved
T00105,CU0655,A017,C04,Chat,2025-12-11 16:00:00,2025-12-12 07:24:32.789112577,15.41,1,0,5,Resolved
T00106,CU0482,A012,C06,Email,2025-07-02 20:00:00,2025-07-04 12:08:49.389061599,40.15,0,0,5,Resolved
T00107,CU0510,A014,C06,Chat,2025-02-27 17:00:00,2025-02-28 22:22:52.743324558,29.38,1,0,5,Resolved
T00108,CU0895,A017,C01,Email,2025-10-03 17:00:00,2025-10-03 20:38:16.869726441,3.64,1,0,5,Resolved
T00109,CU0682,A018,C03,Web,2025-06-29 09:00:00,2025-06-29 19:15:32.577575540,10.26,1,0,5,Resolved
T00110,CU0218,A005,C05,Chat,2025-11-07 08:00:00,2025-11-07 18:00:53.468066674,10.01,1,0,5,Resolved
T00111,CU0409,A006,C01,Chat,2025-05-12 08:00:00,2025-05-13 01:25:28.672496238,17.42,0,0,4,Resolved
T00112,CU0668,A005,C03,Chat,2025-12-31 15:00:00,2026-01-02 00:48:09.279024134,33.8,0,0,4,Resolved
T00113,CU0470,A010,C02,Email,2025-10-22 10:00:00,2025-10-23 02:42:25.072079493,16.71,1,0,4,Resolved
T00114,CU0390,A017,C06,Chat,2025-03-23 20:00:00,2025-03-24 22:34:01.943819356,26.57,1,0,5,Resolved
T00115,CU0548,A014,C04,Chat,2025-09-22 09:00:00,2025-09-22 16:00:15.873451113,7.0,1,0,4,Resolved
T00116,CU0339,A011,C06,Chat,2025-04-15 20:00:00,2025-04-16 18:39:02.527031138,22.65,1,0,4,Resolved
T00117,CU0611,A009,C03,Chat,2025-05-08 16:00:00,2025-05-10 14:27:44.165761164,46.46,0,1,4,Resolved
T00118,CU0659,A014,C01,Chat,2025-04-02 09:00:00,2025-04-02 17:29:14.518700912,8.49,1,0,4,Resolved
T00119,CU0809,A009,C06,Email,2025-09-07 08:00:00,2025-09-08 13:17:14.855306168,29.29,1,0,3,Resolved
T00120,CU0861,A017,C01,Email,2025-04-06 13:00:00,2025-04-06 16:37:35.945059404,3.63,1,0,4,Resolved
T00121,CU0641,A011,C01,Email,2025-08-22 12:00:00,2025-08-23 07:03:25.523058805,19.06,0,0,5,Resolved
T00122,CU0681,A012,C03,Chat,2025-08-01 12:00:00,2025-08-02 09:05:04.013135350,21.08,1,0,4,Resolved
T00123,CU0696,A013,C05,Web,2025-10-02 14:00:00,2025-10-03 04:03:42.230407690,14.06,1,0,5,Resolved
T00124,CU0298,A014,C03,Chat,2025-12-29 09:00:00,2025-12-29 20:12:55.680366603,11.22,1,0,5,Resolved
T00125,CU0824,A009,C01,Web,2025-01-04 09:00:00,2025-01-04 13:30:07.648806013,4.5,1,0,5,Resolved
T00126,CU0459,A007,C03,Email,2025-12-28 17:00:00,2025-12-29 09:01:17.237769279,16.02,1,0,4,Resolved
T00127,CU0781,A008,C02,Chat,2025-02-09 20:00:00,2025-02-10 11:22:08.807899944,15.37,1,0,4,Resolved
T00128,CU0196,A017,C01,Email,2025-07-12 11:00:00,2025-07-12 19:09:53.918116178,8.16,1,0,4,Resolved
T00129,CU0280,A002,C04,Chat,2025-05-05 20:00:00,2025-05-06 11:36:16.588011506,15.6,1,0,5,Resolved
T00130,CU0559,A013,C01,Web,2025-08-22 12:00:00,2025-08-22 22:36:34.688952367,10.61,1,0,5,Resolved
T00131,CU0521,A018,C03,Email,2025-09-21 12:00:00,2025-09-22 23:05:48.990086977,35.1,0,0,5,Resolved
T00132,CU0363,A002,C05,Chat,2025-11-10 09:00:00,2025-11-11 11:23:49.152677114,26.4,1,0,5,Resolved
T00133,CU0199,A012,C05,Chat,2025-05-27 13:00:00,2025-06-01 15:02:39.316256469,122.04,0,0,4,Resolved
T00134,CU0206,A011,C02,Email,2025-12-07 14:00:00,2025-12-08 00:51:34.087843659,10.86,1,0,4,Resolved
T00135,CU0655,A007,C03,Chat,2025-04-28 16:00:00,2025-04-29 03:19:17.859539650,11.32,1,0,5,Resolved
T00136,CU0019,A002,C02,Chat,2025-03-16 10:00:00,2025-03-16 18:49:18.357769552,8.82,1,0,5,Resolved
T00137,CU0108,A013,C06,Web,2025-05-19 10:00:00,2025-05-20 13:44:16.804236901,27.74,1,1,5,Resolved
T00138,CU0833,A010,C02,Chat,2025-07-12 13:00:00,2025-07-12 21:15:56.869476778,8.27,1,0,5,Resolved
T00139,CU0882,A014,C02,Chat,2025-09-01 08:00:00,2025-09-02 04:27:35.920948431,20.46,1,0,3,Resolved
T00140,CU0071,A002,C04,Chat,2025-10-31 09:00:00,2025-10-31 13:40:01.067431101,4.67,1,0,4,Resolved
T00141,CU0129,A017,C02,Email,2025-03-24 16:00:00,2025-03-25 07:03:23.370393985,15.06,1,0,4,Resolved
T00142,CU0297,A012,C02,Email,2025-04-21 20:00:00,2025-04-22 03:37:17.971912556,7.62,1,0,4,Resolved
T00143,CU0528,A008,C01,Email,2025-12-09 15:00:00,2025-12-09 21:44:19.137579727,6.74,1,0,5,Resolved
T00144,CU0172,A009,C05,Web,2025-06-10 09:00:00,2025-06-12 01:41:31.034635436,40.69,1,0,5,Resolved
T00145,CU0885,A018,C05,Chat,2025-03-30 20:00:00,2025-04-04 06:39:39.385071392,106.66,0,1,2,Resolved
T00146,CU0445,A010,C05,Chat,2025-12-26 14:00:00,2025-12-27 09:05:04.920220622,19.08,1,0,5,Resolved
T00147,CU0484,A011,C06,Chat,2025-06-13 17:00:00,2025-06-14 16:21:53.478198226,23.36,1,0,5,Resolved
T00148,CU0176,A012,C03,Chat,2025-12-26 10:00:00,2025-12-26 22:16:28.111656997,12.27,1,0,5,Resolved
T00149,CU0277,A006,C06,Chat,2025-12-02 15:00:00,2025-12-03 07:54:07.335177897,16.9,1,0,5,Resolved
T00150,CU0663,A005,C05,Chat,2025-11-27 08:00:00,2025-11-28 11:24:54.962852306,27.42,1,1,4,Resolved
T00151,CU0570,A014,C06,Email,2025-08-01 16:00:00,2025-08-03 22:42:42.646833201,54.71,0,0,4,Resolved
T00152,CU0203,A006,C05,Chat,2025-10-19 10:00:00,2025-10-20 16:21:45.506083140,30.36,1,1,4,Resolved
T00153,CU0398,A001,C03,Web,2025-12-17 19:00:00,2025-12-19 17:46:39.293046822,46.78,0,0,4,Resolved
T00154,CU0167,A009,C03,Web,2025-04-09 08:00:00,2025-04-10 04:29:58.459298240,20.5,1,0,5,Resolved
T00155,CU0367,A001,C04,Chat,2025-01-14 16:00:00,2025-01-14 22:58:56.584147792,6.98,1,0,5,Resolved
T00156,CU0196,A011,C01,Web,2025-04-28 09:00:00,2025-04-28 15:46:58.915446268,6.78,1,0,4,Resolved
T00157,CU0882,A012,C04,Email,2025-08-21 16:00:00,2025-08-22 01:48:54.437348707,9.82,1,0,5,Resolved
T00158,CU0268,A017,C01,Chat,2025-07-19 14:00:00,2025-07-20 04:40:39.887939442,14.68,0,0,4,Resolved
T00159,CU0427,A011,C01,Email,2025-01-30 20:00:00,2025-01-30 23:49:35.953079052,3.83,1,0,5,Resolved
T00160,CU0578,A007,C06,Chat,2025-07-24 16:00:00,2025-07-25 12:39:07.947420901,20.65,1,0,5,Resolved
T00161,CU0037,A012,C05,Chat,2025-03-05 12:00:00,2025-03-06 16:58:51.794780991,28.98,1,1,3,Resolved
T00162,CU0189,A011,C04,Web,2025-07-04 09:00:00,2025-07-05 04:08:44.744715668,19.15,0,0,4,Resolved
T00163,CU0891,A014,C03,Email,2025-07-30 15:00:00,2025-08-01 04:53:59.922716258,37.9,0,0,5,Resolved
T00164,CU0628,A017,C05,Chat,2025-08-21 13:00:00,2025-08-25 23:19:13.206084913,106.32,0,1,2,Resolved
T00165,CU0218,A002,C06,Email,2025-05-31 08:00:00,2025-06-01 15:43:50.730453015,31.73,1,0,4,Resolved
T00166,CU0388,A013,C05,Web,2025-05-30 15:00:00,2025-05-31 20:51:53.966341648,29.86,1,0,5,Resolved
T00167,CU0772,A015,C05,Chat,2025-09-05 10:00:00,2025-09-08 04:56:59.340642093,66.95,0,0,3,Resolved
T00168,CU0178,A006,C04,Chat,2025-10-01 11:00:00,2025-10-01 17:34:20.425454774,6.57,1,0,4,Resolved
T00169,CU0270,A008,C03,Chat,2025-10-22 08:00:00,2025-10-22 15:24:43.661242465,7.41,1,0,5,Resolved
T00170,CU0217,A008,C05,Web,2025-05-02 12:00:00,2025-05-04 01:43:50.523771234,37.73,1,0,4,Resolved
T00171,CU0599,A007,C06,Email,2025-06-04 10:00:00,2025-06-05 01:54:00.081734486,15.9,1,0,5,Resolved
T00172,CU0475,A016,C04,Chat,2025-05-01 08:00:00,2025-05-01 18:40:53.168134994,10.68,1,0,4,Resolved
T00173,CU0451,A006,C03,Email,2025-07-12 13:00:00,2025-07-13 11:57:48.565301713,22.96,1,0,5,Resolved
T00174,CU0341,A008,C04,Chat,2025-02-16 10:00:00,2025-02-16 22:17:57.777733348,12.3,1,0,5,Resolved
T00175,CU0296,A011,C04,Chat,2025-06-06 09:00:00,2025-06-07 01:46:30.711535892,16.78,1,0,3,Resolved
T00176,CU0463,A005,C06,Web,2025-03-10 14:00:00,2025-03-12 02:21:15.109394641,36.35,0,0,5,Resolved
T00177,CU0720,A013,C05,Email,2025-07-14 08:00:00,2025-07-16 22:21:44.658006789,62.36,0,1,3,Resolved
T00178,CU0732,A010,C03,Chat,2025-11-07 20:00:00,2025-11-08 09:56:01.124448439,13.93,1,0,5,Resolved
T00179,CU0707,A004,C03,Web,2025-12-26 14:00:00,2025-12-27 07:50:40.903206882,17.84,1,0,5,Resolved
T00180,CU0042,A004,C04,Chat,2025-06-12 20:00:00,2025-06-13 04:24:41.423259682,8.41,1,0,5,Resolved
T00181,CU0442,A001,C01,Chat,2025-01-21 19:00:00,2025-01-22 02:19:23.549945278,7.32,1,0,4,Resolved
T00182,CU0355,A011,C04,Chat,2025-03-25 20:00:00,2025-03-27 07:43:58.630433937,35.73,0,0,4,Resolved
T00183,CU0842,A015,C06,Chat,2025-02-08 15:00:00,2025-02-09 18:08:09.593225840,27.14,1,0,4,Resolved
T00184,CU0374,A018,C05,Email,2025-10-05 13:00:00,2025-10-07 02:57:44.813012364,37.96,1,0,4,Resolved
T00185,CU0223,A012,C02,Chat,2025-12-26 17:00:00,2025-12-27 03:11:30.757459898,10.19,1,0,5,Resolved
T00186,CU0226,A018,C05,Chat,2025-07-22 09:00:00,2025-07-25 11:05:54.458381490,74.1,0,0,4,Resolved
T00187,CU0176,A018,C05,Web,2025-03-06 18:00:00,2025-03-08 13:38:45.310044908,43.65,1,0,3,Resolved
T00188,CU0398,A012,C02,Chat,2025-01-08 12:00:00,2025-01-09 07:46:26.260171190,19.77,1,0,4,Resolved
T00189,CU0238,A007,C05,Chat,2025-12-23 08:00:00,2025-12-25 01:39:35.653321360,41.66,1,1,4,Resolved
T00190,CU0510,A016,C05,Chat,2025-04-26 11:00:00,2025-04-28 23:13:59.500703769,60.23,0,1,3,Resolved
T00191,CU0208,A012,C06,Web,2025-02-10 11:00:00,2025-02-12 17:03:14.687066188,54.05,0,1,3,Resolved
T00192,CU0527,A015,C01,Chat,2025-03-06 08:00:00,2025-03-06 17:05:12.913259388,9.09,1,0,5,Resolved
T00193,CU0555,A005,C02,Chat,2025-04-04 16:00:00,2025-04-05 05:17:46.486955490,13.3,1,0,4,Resolved
T00194,CU0603,A018,C04,Web,2025-08-28 09:00:00,2025-08-29 06:03:31.207789933,21.06,0,0,3,Resolved
T00195,CU0795,A008,C01,Chat,2025-11-22 19:00:00,2025-11-23 00:19:33.306000718,5.33,1,0,4,Resolved
T00196,CU0070,A016,C04,Web,2025-04-11 13:00:00,2025-04-11 20:57:47.010221470,7.96,1,0,5,Resolved
T00197,CU0048,A007,C06,Email,2025-09-08 17:00:00,2025-09-10 05:51:54.344464606,36.87,0,0,4,Resolved
T00198,CU0415,A017,C02,Web,2025-01-24 12:00:00,2025-01-24 18:23:40.393437871,6.39,1,0,4,Resolved
T00199,CU0465,A013,C04,Chat,2025-01-04 09:00:00,2025-01-05 00:57:49.075823415,15.96,1,0,5,Resolved
T00200,CU0682,A005,C06,Web,2025-01-21 10:00:00,2025-01-22 02:12:32.279326110,16.21,1,0,5,Resolved
T00201,CU0205,A003,C04,Chat,2025-12-03 16:00:00,2025-12-04 02:51:16.021473796,10.85,1,1,4,Resolved
T00202,CU0410,A003,C04,Chat,2025-08-01 17:00:00,2025-08-02 05:47:29.337595533,12.79,1,0,5,Resolved
T00203,CU0551,A007,C04,Email,2025-10-21 11:00:00,2025-10-21 22:11:46.316271213,11.2,1,0,4,Resolved
T00204,CU0591,A001,C02,Chat,2025-01-08 12:00:00,2025-01-09 02:37:58.007814776,14.63,1,1,4,Resolved
T00205,CU0489,A010,C02,Chat,2025-01-09 20:00:00,2025-01-10 09:34:54.954139418,13.58,1,0,5,Resolved
T00206,CU0532,A012,C05,Email,2025-11-06 19:00:00,2025-11-08 01:10:45.318227768,30.18,1,0,5,Resolved
T00207,CU0148,A014,C03,Chat,2025-02-07 13:00:00,2025-02-08 02:54:08.035717431,13.9,1,0,5,Resolved
T00208,CU0419,A017,C03,Chat,2025-02-26 11:00:00,2025-02-26 23:00:15.951880332,12.0,1,0,5,Resolved
T00209,CU0488,A015,C01,Chat,2025-07-09 11:00:00,2025-07-10 03:39:33.256090756,16.66,0,0,4,Resolved
T00210,CU0072,A018,C06,Chat,2025-08-10 14:00:00,2025-08-11 04:38:50.899959920,14.65,1,0,5,Resolved
T00211,CU0872,A011,C01,Email,2025-03-25 15:00:00,2025-03-25 22:17:33.611632868,7.29,1,0,4,Resolved
T00212,CU0570,A016,C05,Email,2025-06-12 10:00:00,2025-06-13 11:06:10.355487854,25.1,1,0,5,Resolved
T00213,CU0646,A014,C03,Chat,2025-09-04 08:00:00,2025-09-05 16:03:09.607676432,32.05,0,1,5,Resolved
T00214,CU0482,A015,C05,Chat,2025-06-11 14:00:00,2025-06-12 06:06:42.684358215,16.11,1,0,4,Resolved
T00215,CU0838,A008,C02,Chat,2025-05-20 18:00:00,2025-05-21 05:10:49.105157984,11.18,1,0,5,Resolved
T00216,CU0006,A010,C02,Chat,2025-01-27 09:00:00,2025-01-27 22:22:11.136433317,13.37,1,0,5,Resolved
T00217,CU0863,A017,C04,Chat,2025-06-14 13:00:00,2025-06-15 06:48:14.736260066,17.8,1,0,5,Resolved
T00218,CU0187,A009,C05,Email,2025-10-21 10:00:00,2025-10-23 05:55:04.331925811,43.92,1,1,2,Resolved
T00219,CU0797,A011,C02,Chat,2025-08-17 11:00:00,,10.52,1,0,3,Open
T00220,CU0056,A012,C04,Email,2025-11-22 15:00:00,2025-11-22 23:49:59.946100636,8.83,1,0,5,Resolved
T00221,CU0282,A004,C04,Chat,2025-02-16 11:00:00,2025-02-17 03:23:20.872206517,16.39,1,0,3,Resolved
T00222,CU0514,A001,C02,Chat,2025-01-05 11:00:00,2025-01-05 19:09:20.272510969,8.16,1,0,5,Resolved
T00223,CU0592,A013,C04,Chat,2025-07-20 20:00:00,2025-07-21 09:35:25.526540644,13.59,1,0,5,Resolved
T00224,CU0014,A015,C02,Chat,2025-03-07 10:00:00,2025-03-07 23:56:33.572037663,13.94,1,0,5,Resolved
T00225,CU0323,A011,C04,Email,2025-08-05 10:00:00,2025-08-05 21:50:09.908461708,11.84,1,0,4,Resolved
T00226,CU0759,A012,C01,Email,2025-11-26 20:00:00,2025-11-27 22:54:39.088378659,26.91,0,0,5,Resolved
T00227,CU0165,A002,C04,Web,2025-05-04 15:00:00,2025-05-05 00:08:07.740577633,9.14,1,0,5,Resolved
T00228,CU0853,A004,C03,Chat,2025-07-20 08:00:00,2025-07-21 10:38:29.169176074,26.64,0,0,4,Resolved
T00229,CU0640,A014,C04,Chat,2025-09-06 13:00:00,2025-09-06 22:58:24.178881104,9.97,1,0,5,Resolved
T00230,CU0879,A012,C04,Web,2025-02-24 15:00:00,2025-02-25 04:56:55.096805317,13.95,1,0,5,Resolved
T00231,CU0813,A004,C06,Email,2025-11-24 11:00:00,2025-11-25 23:59:35.004809025,36.99,0,0,4,Resolved
T00232,CU0204,A011,C04,Chat,2025-03-16 15:00:00,2025-03-16 23:26:34.002468394,8.44,1,0,5,Resolved
T00233,CU0848,A001,C06,Chat,2025-10-23 16:00:00,2025-10-24 16:23:31.621348467,24.39,1,0,4,Resolved
T00234,CU0446,A015,C02,Chat,2025-08-29 11:00:00,2025-08-29 22:58:39.501102640,11.98,1,0,5,Resolved
T00235,CU0233,A001,C03,Chat,2025-02-21 18:00:00,2025-02-22 04:09:27.705009560,10.16,1,0,5,Resolved
T00236,CU0803,A016,C01,Email,2025-09-22 13:00:00,2025-09-23 05:19:39.514991041,16.33,0,0,5,Resolved
T00237,CU0424,A005,C04,Chat,2025-03-13 20:00:00,2025-03-14 04:34:22.093788644,8.57,1,0,4,Resolved
T00238,CU0619,A005,C05,Web,2025-08-07 09:00:00,2025-08-08 00:48:12.869590608,15.8,1,0,4,Resolved
T00239,CU0550,A017,C06,Chat,2025-12-17 12:00:00,2025-12-19 19:19:42.191439992,55.33,0,0,4,Resolved
T00240,CU0269,A015,C04,Email,2025-12-14 17:00:00,2025-12-15 00:40:01.944492888,7.67,1,0,4,Resolved
T00241,CU0885,A007,C05,Chat,2025-11-15 19:00:00,2025-11-16 22:44:48.361789118,27.75,1,0,5,Resolved
T00242,CU0751,A004,C02,Email,2025-06-30 10:00:00,2025-07-01 15:17:47.104915786,29.3,0,0,5,Resolved
T00243,CU0477,A002,C01,Web,2025-07-24 20:00:00,2025-07-25 05:36:26.088083225,9.61,1,0,4,Resolved
T00244,CU0517,A008,C06,Chat,2025-04-20 10:00:00,2025-04-21 14:20:18.998738786,28.34,1,1,4,Resolved
T00245,CU0063,A011,C02,Email,2025-12-03 13:00:00,2025-12-03 21:03:20.506780677,8.06,1,0,4,Resolved
T00246,CU0657,A009,C01,Chat,2025-06-24 12:00:00,2025-06-24 15:50:00.436502922,3.83,1,0,4,Resolved
T00247,CU0819,A017,C06,Chat,2025-10-09 13:00:00,2025-10-10 12:11:47.450152676,23.2,1,0,4,Resolved
T00248,CU0873,A015,C06,Email,2025-05-12 19:00:00,2025-05-14 00:26:01.314363552,29.43,1,0,4,Resolved
T00249,CU0504,A005,C05,Email,2025-09-28 17:00:00,2025-10-01 10:32:33.053359970,65.54,0,1,3,Resolved
T00250,CU0898,A017,C03,Email,2025-03-23 18:00:00,2025-03-24 07:41:23.025100401,13.69,1,0,5,Resolved
T00251,CU0719,A009,C06,Chat,2025-09-25 11:00:00,2025-09-27 01:06:20.859349561,38.11,0,0,5,Resolved
T00252,CU0455,A001,C02,Web,2025-01-17 20:00:00,2025-01-18 02:07:28.546407991,6.12,1,0,4,Resolved
T00253,CU0721,A016,C04,Email,2025-02-08 13:00:00,2025-02-09 02:31:50.970788036,13.53,1,0,5,Resolved
T00254,CU0141,A014,C03,Chat,2025-05-09 16:00:00,2025-05-10 10:16:50.527613834,18.28,1,0,5,Resolved
T00255,CU0609,A007,C06,Web,2025-06-25 17:00:00,2025-06-28 05:45:56.026093118,60.77,0,0,3,Resolved
T00256,CU0558,A016,C06,Chat,2025-09-17 16:00:00,2025-09-19 05:53:14.309813918,37.89,0,0,4,Resolved
T00257,CU0444,A017,C05,Chat,2025-05-12 15:00:00,2025-05-13 11:16:59.011699533,20.28,1,0,4,Resolved
T00258,CU0580,A018,C01,Web,2025-01-07 14:00:00,2025-01-07 21:49:10.073815482,7.82,1,0,5,Resolved
T00259,CU0767,A017,C04,Chat,2025-04-29 16:00:00,2025-04-30 01:29:29.013940676,9.49,1,0,5,Resolved
T00260,CU0515,A005,C02,Chat,2025-06-10 19:00:00,2025-06-11 12:01:29.572106973,17.02,1,0,5,Resolved
T00261,CU0342,A011,C06,Chat,2025-07-18 13:00:00,2025-07-20 11:37:41.036472595,46.63,0,1,4,Resolved
T00262,CU0380,A004,C01,Web,2025-08-24 14:00:00,2025-08-24 19:48:30.667795750,5.81,1,0,4,Resolved
T00263,CU0512,A013,C01,Chat,2025-04-01 10:00:00,2025-04-01 13:49:54.788935152,3.83,1,0,5,Resolved
T00264,CU0524,A009,C05,Chat,2025-08-11 12:00:00,2025-08-13 16:42:10.426639712,52.7,0,0,4,Resolved
T00265,CU0283,A016,C04,Chat,2025-08-19 18:00:00,2025-08-21 02:00:31.321395198,32.01,0,1,4,Resolved
T00266,CU0481,A017,C06,Chat,2025-10-11 16:00:00,2025-10-12 17:54:31.651398655,25.91,1,0,5,Resolved
T00267,CU0259,A006,C01,Chat,2025-07-10 10:00:00,2025-07-11 00:45:55.377433569,14.77,0,0,5,Resolved
T00268,CU0851,A006,C06,Web,2025-10-23 15:00:00,2025-10-25 06:26:04.040515010,39.43,0,0,4,Resolved
T00269,CU0482,A001,C01,Email,2025-03-22 18:00:00,2025-03-23 03:01:13.738539388,9.02,1,0,5,Resolved
T00270,CU0754,A010,C01,Web,2025-09-17 09:00:00,2025-09-17 16:05:51.966886243,7.1,1,0,5,Resolved
T00271,CU0342,A007,C04,Email,2025-01-17 08:00:00,2025-01-17 20:00:37.914315282,12.01,1,0,4,Resolved
T00272,CU0355,A018,C02,Chat,2025-02-07 13:00:00,2025-02-08 13:06:02.454348348,24.1,0,0,5,Resolved
T00273,CU0260,A015,C05,Chat,2025-11-12 16:00:00,2025-11-14 07:20:51.780692018,39.35,1,0,3,Resolved
T00274,CU0514,A009,C01,Email,2025-06-23 12:00:00,2025-06-23 23:12:09.604063360,11.2,1,0,5,Resolved
T00275,CU0555,A011,C01,Chat,2025-08-15 18:00:00,2025-08-16 02:18:56.834830296,8.32,1,0,5,Resolved
T00276,CU0510,A012,C05,Email,2025-08-09 19:00:00,2025-08-11 13:44:49.740387032,42.75,1,0,4,Resolved
T00277,CU0754,A017,C02,Chat,2025-09-11 14:00:00,2025-09-12 06:59:15.754545096,16.99,1,0,5,Resolved
T00278,CU0460,A018,C05,Email,2025-03-31 12:00:00,2025-04-01 18:17:31.358352490,30.29,1,0,4,Resolved
T00279,CU0739,A008,C05,Chat,2025-03-07 08:00:00,2025-03-09 12:26:04.893722041,52.43,0,0,4,Resolved
T00280,CU0053,A007,C01,Chat,2025-01-16 18:00:00,2025-01-16 20:46:55.633371351,2.78,1,0,5,Resolved
T00281,CU0325,A013,C06,Web,2025-11-12 19:00:00,2025-11-13 20:20:45.338606379,25.35,1,0,5,Resolved
T00282,CU0642,A005,C02,Chat,2025-03-23 13:00:00,2025-03-24 02:30:28.890353815,13.51,1,0,4,Resolved
T00283,CU0346,A003,C03,Chat,2025-07-29 14:00:00,2025-07-30 01:44:19.608742334,11.74,1,0,5,Resolved
T00284,CU0659,A006,C01,Chat,2025-06-16 17:00:00,2025-06-17 03:49:25.266027072,10.82,1,0,5,Resolved
T00285,CU0533,A006,C06,Chat,2025-03-01 17:00:00,2025-03-02 11:02:40.837216477,18.04,1,0,4,Resolved
T00286,CU0436,A012,C04,Email,2025-06-01 09:00:00,2025-06-01 20:25:41.415263868,11.43,1,1,4,Resolved
T00287,CU0503,A014,C04,Web,2025-01-31 16:00:00,2025-02-01 17:16:32.854071781,25.28,0,0,4,Resolved
T00288,CU0812,A003,C06,Web,2025-03-06 20:00:00,2025-03-08 11:23:03.013168362,39.38,0,0,4,Resolved
T00289,CU0611,A001,C03,Email,2025-02-20 17:00:00,2025-02-21 19:51:30.694853898,26.86,0,1,4,Resolved
T00290,CU0886,A003,C06,Email,2025-10-28 14:00:00,2025-10-29 19:40:21.507882682,29.67,1,0,4,Resolved
T00291,CU0087,A017,C05,Chat,2025-07-27 14:00:00,2025-07-29 09:28:40.901387768,43.48,1,0,5,Resolved
T00292,CU0732,A005,C06,Web,2025-12-04 11:00:00,2025-12-07 00:28:22.255653748,61.47,0,0,4,Resolved
T00293,CU0803,A010,C06,Email,2025-06-09 16:00:00,2025-06-11 11:45:33.158020701,43.76,0,1,5,Resolved
T00294,CU0836,A010,C06,Chat,2025-03-15 11:00:00,2025-03-16 04:50:32.686011927,17.84,1,0,5,Resolved
T00295,CU0486,A006,C01,Web,2025-08-11 12:00:00,2025-08-11 18:39:11.723857628,6.65,1,1,4,Resolved
T00296,CU0439,A016,C06,Chat,2025-12-06 11:00:00,2025-12-07 19:15:50.500840928,32.26,1,0,3,Resolved
T00297,CU0526,A002,C06,Chat,2025-07-14 12:00:00,2025-07-16 00:49:21.021402032,36.82,0,0,5,Resolved
T00298,CU0823,A010,C05,Email,2025-01-07 12:00:00,2025-01-08 04:17:48.260570802,16.3,1,0,5,Resolved
T00299,CU0781,A008,C02,Chat,2025-04-21 09:00:00,2025-04-22 05:42:47.578515552,20.71,1,1,4,Resolved
T00300,CU0842,A015,C06,Chat,2025-12-04 17:00:00,2025-12-05 20:01:20.475575590,27.02,1,1,5,Resolved
T00301,CU0873,A004,C02,Chat,2025-07-09 13:00:00,2025-07-10 11:45:12.407040061,22.75,1,0,5,Resolved
T00302,CU0562,A018,C04,Email,2025-12-14 20:00:00,2025-12-15 09:25:08.726384294,13.42,1,0,4,Resolved
T00303,CU0234,A015,C04,Chat,2025-07-05 10:00:00,2025-07-05 20:42:30.550748043,10.71,1,0,4,Resolved
T00304,CU0136,A014,C02,Chat,2025-01-05 16:00:00,2025-01-06 10:36:45.273085869,18.61,1,0,5,Resolved
T00305,CU0808,A009,C05,Chat,2025-11-15 10:00:00,2025-11-16 10:46:38.458920572,24.78,1,0,4,Resolved
T00306,CU0138,A012,C01,Chat,2025-10-06 15:00:00,2025-10-06 23:01:56.992640210,8.03,1,1,4,Resolved
T00307,CU0064,A004,C05,Chat,2025-09-19 14:00:00,2025-09-21 02:50:57.873381633,36.85,1,0,5,Resolved
T00308,CU0426,A001,C06,Chat,2025-12-21 13:00:00,2025-12-23 06:35:17.197238918,41.59,0,0,3,Resolved
T00309,CU0669,A014,C03,Chat,2025-03-13 16:00:00,2025-03-14 06:59:00.933018079,14.98,1,0,5,Resolved
T00310,CU0663,A009,C05,Chat,2025-11-27 18:00:00,2025-11-30 03:29:18.953472847,57.49,0,0,5,Resolved
T00311,CU0229,A007,C02,Chat,2025-03-26 12:00:00,2025-03-27 19:14:15.700038856,31.24,0,0,5,Resolved
T00312,CU0452,A005,C06,Chat,2025-12-21 19:00:00,2025-12-22 12:55:46.510615113,17.93,1,0,5,Resolved
T00313,CU0805,A012,C06,Web,2025-03-11 10:00:00,2025-03-11 18:11:34.760501772,8.19,1,1,4,Resolved
T00314,CU0720,A010,C02,Chat,2025-07-20 11:00:00,2025-07-21 15:40:21.849178126,28.67,0,0,5,Resolved
T00315,CU0826,A013,C05,Chat,2025-10-16 12:00:00,2025-10-17 14:34:42.335188147,26.58,1,0,4,Resolved
T00316,CU0693,A018,C04,Chat,2025-01-29 20:00:00,2025-01-30 03:26:57.247188907,7.45,1,0,5,Resolved
T00317,CU0083,A016,C04,Email,2025-01-25 09:00:00,2025-01-25 17:26:23.690583733,8.44,1,0,5,Resolved
T00318,CU0184,A006,C05,Chat,2025-11-07 13:00:00,2025-11-08 14:43:16.822826310,25.72,1,0,5,Resolved
T00319,CU0153,A005,C04,Email,2025-01-23 13:00:00,2025-01-24 08:43:11.915834494,19.72,0,0,4,Resolved
T00320,CU0120,A003,C05,Email,2025-08-13 18:00:00,2025-08-15 20:18:57.357386362,50.32,0,0,4,Resolved
T00321,CU0773,A011,C02,Chat,2025-12-09 14:00:00,2025-12-10 14:56:42.297411328,24.95,0,0,4,Resolved
T00322,CU0636,A015,C03,Chat,2025-08-13 20:00:00,2025-08-14 23:10:47.125921857,27.18,0,0,5,Resolved
T00323,CU0823,A005,C06,Web,2025-06-25 17:00:00,2025-06-26 14:45:08.475772525,21.75,1,0,4,Resolved
T00324,CU0289,A018,C01,Chat,2025-06-02 17:00:00,2025-06-02 23:42:40.393149966,6.71,1,0,4,Resolved
T00325,CU0882,A008,C05,Email,2025-08-21 17:00:00,2025-08-24 18:32:52.340139063,73.55,0,1,3,Resolved
T00326,CU0839,A015,C02,Email,2025-07-28 10:00:00,2025-07-29 17:37:31.349408743,31.63,0,1,4,Resolved
T00327,CU0096,A006,C06,Chat,2025-07-03 13:00:00,,59.13,0,0,3,Open
T00328,CU0782,A003,C05,Email,2025-02-26 15:00:00,2025-02-27 18:33:28.998397396,27.56,1,0,4,Resolved
T00329,CU0100,A010,C03,Chat,2025-08-30 10:00:00,2025-08-31 09:32:42.218150056,23.55,1,0,5,Resolved
T00330,CU0407,A010,C02,Chat,2025-09-28 09:00:00,2025-09-29 13:26:02.485804635,28.43,0,1,4,Resolved
T00331,CU0163,A009,C04,Email,2025-09-16 09:00:00,2025-09-16 20:50:44.782543006,11.85,1,0,5,Resolved
T00332,CU0523,A008,C06,Web,2025-01-28 18:00:00,2025-01-29 09:00:05.541146236,15.0,1,0,4,Resolved
T00333,CU0016,A012,C04,Chat,2025-09-14 16:00:00,2025-09-15 01:47:44.162308068,9.8,1,0,5,Resolved
T00334,CU0763,A012,C04,Email,2025-09-24 11:00:00,2025-09-24 23:37:57.752350395,12.63,1,0,5,Resolved
T00335,CU0429,A003,C05,Chat,2025-03-08 17:00:00,2025-03-10 19:56:57.526820041,50.95,0,1,4,Resolved
T00336,CU0785,A013,C03,Email,2025-11-06 17:00:00,2025-11-07 22:57:24.142792183,29.96,0,0,5,Resolved
T00337,CU0391,A006,C04,Chat,2025-07-11 18:00:00,2025-07-12 01:38:55.276164960,7.65,1,0,5,Resolved
T00338,CU0502,A015,C03,Chat,2025-06-22 19:00:00,2025-06-23 07:59:34.675433592,12.99,1,0,4,Resolved
T00339,CU0665,A009,C02,Web,2025-09-21 19:00:00,2025-09-22 10:15:16.460433874,15.25,1,0,4,Resolved
T00340,CU0875,A005,C05,Email,2025-07-06 10:00:00,2025-07-09 04:57:09.234447274,66.95,0,0,4,Resolved
T00341,CU0337,A004,C06,Chat,2025-07-18 18:00:00,2025-07-19 23:46:22.656140644,29.77,1,0,5,Resolved
T00342,CU0469,A018,C06,Web,2025-04-24 13:00:00,2025-04-25 09:36:15.219070772,20.6,1,0,5,Resolved
T00343,CU0292,A013,C06,Chat,2025-12-05 13:00:00,2025-12-06 02:14:35.279334657,13.24,1,0,5,Resolved
T00344,CU0037,A004,C04,Email,2025-12-20 16:00:00,2025-12-21 05:40:23.069724916,13.67,1,0,5,Resolved
T00345,CU0786,A010,C03,Email,2025-02-17 15:00:00,2025-02-18 06:48:32.648273697,15.81,1,0,5,Resolved
T00346,CU0507,A003,C05,Web,2025-09-25 13:00:00,2025-09-26 23:53:04.055662737,34.88,1,0,4,Resolved
T00347,CU0336,A016,C06,Chat,2025-01-09 20:00:00,2025-01-10 18:14:40.206951520,22.24,1,0,5,Resolved
T00348,CU0700,A015,C05,Email,2025-05-15 10:00:00,2025-05-17 13:28:37.213784378,51.48,0,0,4,Resolved
T00349,CU0737,A015,C04,Email,2025-12-21 09:00:00,2025-12-21 15:59:54.608154885,7.0,1,0,4,Resolved
T00350,CU0887,A009,C05,Chat,2025-03-05 08:00:00,2025-03-06 09:53:45.852885013,25.9,1,1,3,Resolved
T00351,CU0394,A003,C06,Web,2025-05-18 18:00:00,2025-05-20 23:35:00.426410412,53.58,0,1,3,Resolved
T00352,CU0095,A009,C06,Chat,2025-03-22 13:00:00,2025-03-23 14:52:01.802723397,25.87,1,0,3,Resolved
T00353,CU0437,A010,C06,Chat,2025-09-23 13:00:00,2025-09-26 03:16:14.415389749,62.27,0,1,3,Resolved
T00354,CU0397,A006,C04,Email,2025-06-19 16:00:00,2025-06-20 05:10:47.198288668,13.18,1,0,5,Resolved
T00355,CU0187,A007,C02,Chat,2025-08-05 13:00:00,2025-08-06 06:38:14.335962320,17.64,1,0,5,Resolved
T00356,CU0528,A001,C04,Web,2025-12-11 15:00:00,2025-12-12 00:24:15.264601761,9.4,1,0,5,Resolved
T00357,CU0373,A010,C03,Chat,2025-07-10 08:00:00,2025-07-11 15:38:07.187780983,31.64,0,0,5,Resolved
T00358,CU0794,A004,C06,Chat,2025-09-25 10:00:00,2025-09-28 01:42:26.885725934,63.71,0,0,5,Resolved
T00359,CU0043,A016,C04,Email,2025-02-05 20:00:00,2025-02-06 13:55:03.138041060,17.92,1,0,4,Resolved
T00360,CU0645,A014,C04,Web,2025-03-20 13:00:00,2025-03-20 19:27:08.195943157,6.45,1,0,4,Resolved
T00361,CU0542,A011,C03,Email,2025-12-12 10:00:00,2025-12-13 16:34:56.488286542,30.58,0,0,5,Resolved
T00362,CU0209,A005,C05,Chat,2025-11-10 12:00:00,2025-11-11 14:23:17.462959861,26.39,1,0,5,Resolved
T00363,CU0318,A013,C04,Chat,2025-08-28 12:00:00,2025-08-28 22:01:26.755136706,10.02,1,0,5,Resolved
T00364,CU0774,A018,C01,Email,2025-05-19 11:00:00,2025-05-19 18:24:47.036511730,7.41,1,0,5,Resolved
T00365,CU0328,A012,C06,Web,2025-03-14 11:00:00,2025-03-15 23:20:19.363386836,36.34,0,0,3,Resolved
T00366,CU0598,A015,C03,Email,2025-11-07 17:00:00,2025-11-08 19:27:01.611832071,26.45,0,1,4,Resolved
T00367,CU0462,A017,C04,Email,2025-10-14 09:00:00,2025-10-14 18:48:20.786103986,9.81,1,0,5,Resolved
T00368,CU0806,A016,C02,Chat,2025-03-30 12:00:00,2025-03-31 12:53:59.105844103,24.9,0,1,5,Resolved
T00369,CU0595,A003,C04,Chat,2025-08-04 14:00:00,2025-08-05 04:59:40.693644427,14.99,1,0,5,Resolved
T00370,CU0751,A016,C05,Chat,2025-08-14 15:00:00,2025-08-16 03:10:50.355091956,36.18,1,0,5,Resolved
T00371,CU0814,A014,C06,Chat,2025-06-24 19:00:00,2025-06-25 13:10:43.933108288,18.18,1,0,4,Resolved
T00372,CU0117,A013,C01,Chat,2025-12-05 20:00:00,2025-12-06 05:37:19.029519865,9.62,1,0,4,Resolved
T00373,CU0751,A005,C06,Email,2025-02-15 11:00:00,2025-02-16 11:05:19.319382650,24.09,1,0,5,Resolved
T00374,CU0865,A009,C05,Chat,2025-04-05 15:00:00,2025-04-06 07:41:36.026882466,16.69,1,0,4,Resolved
T00375,CU0033,A017,C03,Chat,2025-02-04 08:00:00,2025-02-05 08:53:21.302920586,24.89,0,0,5,Resolved
T00376,CU0409,A017,C02,Web,2025-09-10 16:00:00,2025-09-11 06:26:13.163048008,14.44,1,0,4,Resolved
T00377,CU0230,A003,C03,Chat,2025-08-24 09:00:00,2025-08-26 05:32:46.385866075,44.55,0,0,5,Resolved
T00378,CU0885,A008,C06,Email,2025-12-27 08:00:00,2025-12-27 21:17:48.811575282,13.3,1,0,5,Resolved
T00379,CU0317,A011,C03,Email,2025-07-17 16:00:00,2025-07-18 12:03:37.933326079,20.06,1,0,5,Resolved
T00380,CU0169,A002,C04,Web,2025-02-24 10:00:00,2025-02-24 18:01:39.929632759,8.03,1,0,4,Resolved
T00381,CU0087,A005,C05,Web,2025-06-14 14:00:00,2025-06-15 09:59:10.682265084,19.99,1,0,3,Resolved
T00382,CU0714,A011,C06,Email,2025-02-02 09:00:00,2025-02-03 09:29:59.800978813,24.5,1,1,4,Resolved
T00383,CU0053,A012,C05,Chat,2025-09-02 17:00:00,2025-09-07 23:43:06.560234767,126.72,0,1,2,Resolved
T00384,CU0275,A002,C06,Email,2025-09-04 17:00:00,2025-09-06 18:08:14.166085372,49.14,0,1,4,Resolved
T00385,CU0499,A008,C02,Web,2025-11-10 15:00:00,2025-11-11 00:48:14.338110988,9.8,1,0,4,Resolved
T00386,CU0041,A012,C06,Chat,2025-05-05 18:00:00,2025-05-06 04:58:44.743190422,10.98,1,0,5,Resolved
T00387,CU0158,A018,C02,Email,2025-04-24 13:00:00,2025-04-24 19:27:08.454848439,6.45,1,0,4,Resolved
T00388,CU0895,A018,C01,Chat,2025-01-27 10:00:00,2025-01-27 16:17:02.997384777,6.28,1,0,5,Resolved
T00389,CU0413,A006,C06,Email,2025-06-01 09:00:00,2025-06-02 03:47:50.482300948,18.8,1,0,3,Resolved
T00390,CU0274,A013,C02,Chat,2025-06-23 10:00:00,2025-06-23 22:39:26.297678862,12.66,1,0,5,Resolved
T00391,CU0783,A010,C01,Email,2025-10-03 10:00:00,2025-10-03 12:52:39.382977961,2.88,1,0,5,Resolved
T00392,CU0073,A004,C05,Chat,2025-10-03 12:00:00,2025-10-04 17:44:49.435611860,29.75,1,0,3,Resolved
T00393,CU0238,A010,C03,Chat,2025-02-21 10:00:00,2025-02-22 18:56:06.791967196,32.94,0,1,3,Resolved
T00394,CU0775,A003,C01,Chat,2025-04-15 15:00:00,2025-04-16 07:36:18.971290699,16.61,0,0,4,Resolved
T00395,CU0678,A003,C05,Email,2025-07-06 09:00:00,2025-07-07 04:57:45.391003466,19.96,1,0,4,Resolved
T00396,CU0389,A007,C06,Web,2025-05-03 16:00:00,2025-05-04 09:25:51.528022564,17.43,1,0,4,Resolved
T00397,CU0883,A005,C06,Chat,2025-01-10 12:00:00,2025-01-11 05:01:16.991682956,17.02,1,0,4,Resolved
T00398,CU0519,A003,C02,Chat,2025-11-05 16:00:00,2025-11-06 06:56:55.730745265,14.95,1,0,4,Resolved
T00399,CU0671,A001,C04,Email,2025-09-24 14:00:00,2025-09-24 22:07:56.688518388,8.13,1,0,4,Resolved
T00400,CU0887,A011,C06,Email,2025-07-09 19:00:00,2025-07-13 21:12:40.107913171,98.21,0,1,3,Resolved
T00401,CU0454,A001,C02,Chat,2025-04-26 13:00:00,2025-04-27 03:16:36.819202987,14.28,1,0,5,Resolved
T00402,CU0433,A015,C02,Email,2025-11-04 11:00:00,2025-11-05 00:14:43.019295018,13.25,1,0,5,Resolved
T00403,CU0598,A002,C01,Web,2025-01-13 15:00:00,2025-01-14 07:22:53.994016002,16.38,0,0,5,Resolved
T00404,CU0061,A012,C04,Chat,2025-06-12 16:00:00,2025-06-13 02:55:15.061409270,10.92,1,0,4,Resolved
T00405,CU0386,A003,C02,Chat,2025-10-20 13:00:00,2025-10-21 05:45:47.994026990,16.76,1,0,5,Resolved
T00406,CU0623,A012,C05,Chat,2025-12-14 15:00:00,2025-12-15 13:06:43.799726278,22.11,1,0,5,Resolved
T00407,CU0342,A003,C06,Web,2025-04-02 14:00:00,2025-04-03 03:29:33.773292351,13.49,1,0,5,Resolved
T00408,CU0640,A008,C02,Email,2025-08-26 11:00:00,2025-08-27 00:36:58.046137621,13.62,1,0,5,Resolved
T00409,CU0363,A012,C05,Chat,2025-03-11 12:00:00,2025-03-15 17:11:15.713731129,101.19,0,1,3,Resolved
T00410,CU0175,A004,C02,Web,2025-02-12 19:00:00,2025-02-13 17:42:32.914502748,22.71,1,1,3,Resolved
T00411,CU0132,A003,C01,Chat,2025-05-09 16:00:00,2025-05-10 01:03:07.085638958,9.05,1,0,5,Resolved
T00412,CU0491,A012,C06,Email,2025-11-20 09:00:00,2025-11-21 01:06:39.920783684,16.11,1,0,5,Resolved
T00413,CU0175,A012,C04,Email,2025-09-09 20:00:00,2025-09-10 17:13:02.381171192,21.22,0,0,5,Resolved
T00414,CU0333,A008,C06,Web,2025-06-28 17:00:00,2025-06-29 06:34:14.558816560,13.57,1,0,5,Resolved
T00415,CU0468,A003,C04,Email,2025-04-14 08:00:00,2025-04-14 13:26:03.267796300,5.43,1,0,5,Resolved
T00416,CU0045,A006,C02,Chat,2025-02-21 17:00:00,2025-02-22 03:53:12.757410132,10.89,1,0,5,Resolved
T00417,CU0379,A004,C04,Chat,2025-04-09 15:00:00,2025-04-10 17:30:25.899863119,26.51,0,0,5,Resolved
T00418,CU0281,A012,C02,Chat,2025-02-25 19:00:00,2025-02-27 03:53:17.023130386,32.89,0,0,4,Resolved
T00419,CU0283,A006,C06,Web,2025-03-10 14:00:00,2025-03-11 14:53:42.276556575,24.9,1,1,3,Resolved
T00420,CU0819,A007,C05,Chat,2025-09-08 14:00:00,2025-09-10 00:34:10.246330801,34.57,1,0,5,Resolved
T00421,CU0833,A005,C03,Email,2025-02-18 12:00:00,2025-02-18 21:54:48.736329033,9.91,1,1,4,Resolved
T00422,CU0271,A004,C04,Chat,2025-01-18 12:00:00,2025-01-18 23:23:35.208819780,11.39,1,0,4,Resolved
T00423,CU0793,A015,C05,Chat,2025-07-17 16:00:00,2025-07-20 05:26:36.658544406,61.44,0,1,4,Resolved
T00424,CU0201,A009,C06,Chat,2025-04-15 18:00:00,2025-04-17 05:39:54.811905469,35.67,1,0,4,Resolved
T00425,CU0313,A011,C01,Email,2025-06-15 19:00:00,2025-06-16 07:03:08.471324678,12.05,0,0,5,Resolved
T00426,CU0847,A006,C01,Chat,2025-02-21 18:00:00,2025-02-22 01:19:11.772076148,7.32,1,0,4,Resolved
T00427,CU0092,A002,C01,Chat,2025-03-18 15:00:00,2025-03-19 01:16:27.792685369,10.27,1,0,5,Resolved
T00428,CU0345,A014,C03,Chat,2025-06-10 14:00:00,2025-06-11 02:24:10.240738484,12.4,1,0,5,Resolved
T00429,CU0725,A013,C04,Web,2025-09-09 12:00:00,2025-09-10 05:55:44.721246597,17.93,1,0,5,Resolved
T00430,CU0847,A001,C01,Email,2025-06-01 17:00:00,2025-06-01 23:22:02.545639132,6.37,1,0,5,Resolved
T00431,CU0854,A016,C04,Email,2025-07-17 12:00:00,2025-07-18 05:18:50.166892310,17.31,1,0,5,Resolved
T00432,CU0793,A016,C04,Web,2025-07-10 11:00:00,2025-07-11 07:22:02.363020262,20.37,0,1,4,Resolved
T00433,CU0869,A016,C01,Email,2025-04-09 19:00:00,2025-04-10 03:15:05.642730979,8.25,1,0,5,Resolved
T00434,CU0424,A009,C06,Email,2025-04-13 15:00:00,2025-04-15 02:44:43.067913327,35.75,1,0,4,Resolved
T00435,CU0291,A013,C05,Email,2025-06-05 12:00:00,2025-06-06 03:17:29.978236877,15.29,1,0,5,Resolved
T00436,CU0347,A001,C03,Chat,2025-01-12 19:00:00,2025-01-13 05:31:39.385237821,10.53,1,0,5,Resolved
T00437,CU0109,A011,C04,Chat,2025-09-08 20:00:00,2025-09-09 08:28:07.633923891,12.47,1,0,4,Resolved
T00438,CU0124,A003,C03,Web,2025-08-13 12:00:00,2025-08-13 23:21:56.718425887,11.37,1,0,4,Resolved
T00439,CU0877,A017,C06,Chat,2025-04-22 14:00:00,2025-04-23 10:49:02.461475830,20.82,1,0,5,Resolved
T00440,CU0172,A018,C05,Chat,2025-05-17 14:00:00,2025-05-18 16:11:26.443229978,26.19,1,0,5,Resolved
T00441,CU0555,A003,C04,Web,2025-04-30 17:00:00,2025-05-01 12:49:52.071678339,19.83,0,0,5,Resolved
T00442,CU0210,A010,C06,Chat,2025-08-26 20:00:00,2025-08-28 21:07:07.593793093,49.12,0,1,4,Resolved
T00443,CU0598,A011,C06,Email,2025-10-05 15:00:00,,39.73,0,0,5,Open
T00444,CU0424,A014,C06,Email,2025-02-09 18:00:00,2025-02-10 22:38:05.969330552,28.63,1,0,4,Resolved
T00445,CU0095,A009,C02,Chat,2025-05-31 15:00:00,2025-06-01 02:00:04.426924021,11.0,1,0,5,Resolved
T00446,CU0335,A016,C02,Chat,2025-01-06 19:00:00,2025-01-07 09:52:05.797747228,14.87,1,0,5,Resolved
T00447,CU0658,A007,C05,Chat,2025-06-15 13:00:00,2025-06-17 17:30:50.421322008,52.51,0,1,3,Resolved
T00448,CU0721,A006,C04,Email,2025-04-01 13:00:00,2025-04-02 11:57:37.914086437,22.96,0,1,4,Resolved
T00449,CU0261,A014,C05,Web,2025-05-03 13:00:00,2025-05-04 18:12:29.329090254,29.21,1,0,5,Resolved
T00450,CU0268,A010,C06,Email,2025-06-16 20:00:00,2025-06-17 07:54:41.044733924,11.91,1,0,4,Resolved
T00451,CU0657,A002,C03,Chat,2025-04-29 15:00:00,2025-04-29 22:50:51.206755203,7.85,1,0,5,Resolved
T00452,CU0383,A012,C03,Chat,2025-05-24 09:00:00,2025-05-24 23:40:39.631987146,14.68,1,0,5,Resolved
T00453,CU0064,A006,C04,Email,2025-10-07 08:00:00,2025-10-07 11:50:29.077529204,3.84,1,0,5,Resolved
T00454,CU0111,A016,C02,Email,2025-10-23 14:00:00,2025-10-24 21:24:05.250409718,31.4,0,0,5,Resolved
T00455,CU0337,A016,C05,Chat,2025-01-03 18:00:00,2025-01-05 10:33:10.420140146,40.55,1,0,4,Resolved
T00456,CU0245,A008,C05,Chat,2025-05-18 14:00:00,2025-05-19 13:17:16.703065269,23.29,1,0,4,Resolved
T00457,CU0107,A016,C04,Chat,2025-11-06 15:00:00,2025-11-06 21:40:34.437578221,6.68,1,0,5,Resolved
T00458,CU0705,A018,C05,Chat,2025-07-13 18:00:00,2025-07-16 20:22:02.008259079,74.37,0,0,4,Resolved
T00459,CU0414,A014,C04,Email,2025-03-16 14:00:00,2025-03-16 20:39:51.327196279,6.66,1,0,5,Resolved
T00460,CU0637,A011,C05,Web,2025-08-05 19:00:00,2025-08-07 07:07:33.301957620,36.13,1,1,2,Resolved
T00461,CU0002,A017,C02,Chat,2025-02-22 16:00:00,2025-02-23 01:55:05.884318981,9.92,1,0,5,Resolved
T00462,CU0362,A016,C05,Chat,2025-01-08 17:00:00,,32.63,1,0,4,Open
T00463,CU0431,A009,C05,Chat,2025-08-19 18:00:00,2025-08-22 07:54:44.659119099,61.91,0,0,4,Resolved
T00464,CU0520,A002,C02,Chat,2025-07-08 16:00:00,2025-07-09 22:38:58.593196215,30.65,0,0,4,Resolved
T00465,CU0872,A011,C04,Chat,2025-10-04 08:00:00,2025-10-05 01:36:14.793453295,17.6,1,0,5,Resolved
T00466,CU0413,A009,C06,Chat,2025-05-06 13:00:00,2025-05-07 19:30:38.235629134,30.51,1,1,4,Resolved
T00467,CU0441,A007,C02,Chat,2025-11-08 09:00:00,2025-11-09 07:09:36.267722845,22.16,1,0,4,Resolved
T00468,CU0806,A004,C05,Email,2025-06-03 14:00:00,2025-06-04 12:55:14.267984818,22.92,1,0,4,Resolved
T00469,CU0359,A013,C06,Email,2025-09-27 09:00:00,2025-09-28 01:38:27.067125958,16.64,1,0,5,Resolved
T00470,CU0356,A017,C06,Email,2025-02-06 14:00:00,2025-02-07 08:28:59.828158689,18.48,1,0,5,Resolved
T00471,CU0144,A011,C03,Chat,2025-02-05 12:00:00,2025-02-05 23:49:37.670879308,11.83,1,0,5,Resolved
T00472,CU0650,A005,C05,Chat,2025-10-13 08:00:00,2025-10-14 07:19:35.649308902,23.33,1,0,5,Resolved
T00473,CU0018,A001,C06,Chat,2025-11-01 09:00:00,,16.23,1,0,5,Open
T00474,CU0197,A013,C04,Chat,2025-12-10 14:00:00,2025-12-10 22:56:19.506580933,8.94,1,0,5,Resolved
T00475,CU0377,A003,C01,Chat,2025-04-29 09:00:00,2025-04-29 19:34:28.346392736,10.57,1,0,4,Resolved
T00476,CU0391,A002,C01,Chat,2025-01-09 19:00:00,2025-01-10 12:18:37.425101572,17.31,0,0,5,Resolved
T00477,CU0035,A004,C06,Web,2025-12-24 17:00:00,2025-12-25 04:30:05.087382364,11.5,1,0,5,Resolved
T00478,CU0477,A004,C04,Web,2025-08-08 17:00:00,2025-08-09 00:53:14.873380083,7.89,1,0,5,Resolved
T00479,CU0875,A007,C02,Email,2025-04-01 10:00:00,2025-04-01 19:48:18.496065315,9.81,1,0,5,Resolved
T00480,CU0095,A006,C03,Email,2025-10-06 18:00:00,2025-10-07 17:59:37.829024246,23.99,1,0,5,Resolved
T00481,CU0445,A004,C06,Email,2025-11-26 16:00:00,2025-11-27 14:47:50.884666087,22.8,1,0,4,Resolved
T00482,CU0529,A015,C04,Email,2025-04-14 13:00:00,2025-04-14 20:56:27.797554968,7.94,1,0,4,Resolved
T00483,CU0292,A015,C06,Email,2025-10-08 08:00:00,2025-10-10 02:06:31.648485171,42.11,0,1,4,Resolved
T00484,CU0518,A005,C05,Chat,2025-10-15 14:00:00,2025-10-17 13:40:22.392300298,47.67,1,0,4,Resolved
T00485,CU0307,A007,C06,Web,2025-07-03 18:00:00,2025-07-05 07:26:33.261047419,37.44,0,0,5,Resolved
T00486,CU0143,A015,C06,Email,2025-08-19 08:00:00,2025-08-20 10:09:09.649730354,26.15,1,0,5,Resolved
T00487,CU0757,A018,C02,Chat,2025-04-09 08:00:00,2025-04-09 23:48:38.304214052,15.81,1,0,5,Resolved
T00488,CU0899,A015,C05,Chat,2025-12-06 12:00:00,2025-12-07 15:54:39.161339510,27.91,1,0,4,Resolved
T00489,CU0348,A010,C01,Email,2025-12-25 14:00:00,2025-12-25 21:10:39.890142094,7.18,1,0,5,Resolved
T00490,CU0084,A018,C06,Web,2025-12-25 14:00:00,2025-12-26 09:51:06.554566350,19.85,1,0,4,Resolved
T00491,CU0148,A014,C02,Chat,2025-09-27 13:00:00,2025-09-28 16:10:16.543023304,27.17,0,0,4,Resolved
T00492,CU0806,A013,C05,Chat,2025-01-16 11:00:00,2025-01-17 21:41:21.732795337,34.69,1,0,5,Resolved
T00493,CU0793,A001,C06,Chat,2025-05-14 08:00:00,2025-05-15 23:50:34.009767124,39.84,0,0,5,Resolved
T00494,CU0443,A012,C02,Chat,2025-06-12 08:00:00,,25.54,0,0,4,Open
T00495,CU0785,A006,C06,Chat,2025-12-17 09:00:00,2025-12-18 15:44:07.670822452,30.74,1,0,4,Resolved
T00496,CU0201,A011,C01,Chat,2025-07-19 16:00:00,2025-07-20 00:09:10.828183597,8.15,1,0,4,Resolved
T00497,CU0361,A011,C04,Chat,2025-07-15 18:00:00,2025-07-16 16:29:10.349750673,22.49,0,0,5,Resolved
T00498,CU0102,A002,C04,Chat,2025-02-23 13:00:00,2025-02-24 02:33:51.628811003,13.56,1,0,5,Resolved
T00499,CU0491,A009,C03,Email,2025-10-17 09:00:00,2025-10-19 15:51:25.011255052,54.86,0,0,3,Resolved
T00500,CU0630,A010,C05,Email,2025-05-03 13:00:00,2025-05-05 00:38:32.327418606,35.64,1,0,5,Resolved
T00501,CU0866,A001,C06,Chat,2025-02-03 20:00:00,2025-02-05 06:13:15.101269575,34.22,1,0,5,Resolved
T00502,CU0680,A016,C03,Chat,2025-12-27 11:00:00,2025-12-28 06:22:24.456483328,19.37,1,0,4,Resolved
T00503,CU0599,A017,C05,Email,2025-03-11 14:00:00,2025-03-12 19:38:52.604529889,29.65,1,0,3,Resolved
T00504,CU0607,A001,C06,Chat,2025-01-06 14:00:00,2025-01-07 17:08:49.585372587,27.15,1,1,3,Resolved
T00505,CU0567,A003,C06,Email,2025-01-29 12:00:00,2025-01-30 16:32:21.836533725,28.54,1,0,4,Resolved
T00506,CU0378,A003,C01,Chat,2025-06-15 13:00:00,2025-06-15 23:06:52.221560961,10.11,1,0,5,Resolved
T00507,CU0451,A008,C06,Chat,2025-02-07 14:00:00,2025-02-09 08:01:42.966171156,42.03,0,0,4,Resolved
T00508,CU0156,A011,C01,Web,2025-11-04 14:00:00,2025-11-04 23:11:34.203241104,9.19,1,0,4,Resolved
T00509,CU0019,A005,C05,Chat,2025-07-07 17:00:00,2025-07-09 07:01:05.054591884,38.02,1,0,4,Resolved
T00510,CU0711,A016,C05,Chat,2025-04-29 15:00:00,2025-04-30 17:45:35.486603276,26.76,1,0,4,Resolved
T00511,CU0447,A006,C06,Chat,2025-01-02 08:00:00,2025-01-02 21:47:04.667861803,13.78,1,0,5,Resolved
T00512,CU0785,A006,C02,Chat,2025-06-25 08:00:00,2025-06-26 13:33:55.312333988,29.57,0,0,4,Resolved
T00513,CU0110,A011,C02,Email,2025-02-25 13:00:00,2025-02-25 23:58:26.414415656,10.97,1,0,4,Resolved
T00514,CU0353,A016,C06,Email,2025-12-23 19:00:00,2025-12-25 09:38:15.100770472,38.64,0,0,5,Resolved
T00515,CU0232,A005,C02,Web,2025-04-17 08:00:00,2025-04-17 23:51:19.159121775,15.86,1,0,5,Resolved
T00516,CU0758,A007,C04,Chat,2025-06-23 08:00:00,2025-06-23 20:36:39.833704231,12.61,1,0,5,Resolved
T00517,CU0340,A007,C05,Chat,2025-01-07 16:00:00,2025-01-08 21:24:14.923038546,29.4,1,0,4,Resolved
T00518,CU0573,A009,C05,Web,2025-02-17 13:00:00,2025-02-18 10:44:49.347780108,21.75,1,0,4,Resolved
T00519,CU0076,A008,C02,Chat,2025-03-17 10:00:00,2025-03-17 19:03:14.717809339,9.05,1,0,5,Resolved
T00520,CU0475,A018,C03,Web,2025-01-19 10:00:00,2025-01-20 23:00:13.967601328,37.0,0,0,5,Resolved
T00521,CU0398,A003,C06,Email,2025-09-22 16:00:00,2025-09-24 16:29:28.555199124,48.49,0,1,2,Resolved
T00522,CU0550,A008,C04,Chat,2025-12-12 14:00:00,2025-12-13 08:15:06.614914003,18.25,0,0,5,Resolved
T00523,CU0527,A005,C01,Web,2025-12-26 16:00:00,2025-12-27 10:12:05.171585166,18.2,0,1,4,Resolved
T00524,CU0097,A011,C02,Chat,2025-04-08 11:00:00,2025-04-08 22:38:12.635867648,11.64,1,0,4,Resolved
T00525,CU0046,A015,C03,Email,2025-10-15 14:00:00,,20.57,1,0,4,Open
T00526,CU0113,A017,C06,Chat,2025-07-03 19:00:00,2025-07-05 09:31:57.436849606,38.53,0,0,4,Resolved
T00527,CU0196,A008,C03,Email,2025-01-17 12:00:00,2025-01-17 22:05:57.517018620,10.1,1,0,5,Resolved
T00528,CU0655,A005,C01,Email,2025-02-03 13:00:00,2025-02-03 20:21:33.764356069,7.36,1,0,5,Resolved
T00529,CU0243,A018,C04,Chat,2025-07-19 10:00:00,2025-07-20 04:20:27.225318775,18.34,0,0,5,Resolved
T00530,CU0873,A002,C01,Web,2025-06-04 16:00:00,2025-06-04 22:23:27.315311629,6.39,1,0,5,Resolved
T00531,CU0079,A003,C02,Chat,2025-01-04 08:00:00,2025-01-04 20:05:45.733783642,12.1,1,0,5,Resolved
T00532,CU0458,A018,C06,Chat,2025-12-06 11:00:00,2025-12-07 15:12:39.562004696,28.21,1,1,3,Resolved
T00533,CU0645,A016,C05,Chat,2025-09-24 17:00:00,2025-09-30 20:43:55.709113040,147.73,0,1,2,Resolved
T00534,CU0049,A011,C01,Email,2025-07-03 08:00:00,2025-07-03 12:29:09.893308732,4.49,1,0,5,Resolved
T00535,CU0463,A006,C04,Chat,2025-12-27 20:00:00,2025-12-28 09:47:08.665627214,13.79,1,0,5,Resolved
T00536,CU0062,A018,C02,Email,2025-12-21 13:00:00,2025-12-22 01:29:29.684740326,12.49,1,0,5,Resolved
T00537,CU0711,A018,C01,Email,2025-12-22 13:00:00,2025-12-22 18:59:46.771106978,6.0,1,0,4,Resolved
T00538,CU0421,A016,C05,Email,2025-04-05 14:00:00,2025-04-06 17:21:22.314292488,27.36,1,0,5,Resolved
T00539,CU0779,A014,C04,Web,2025-11-18 16:00:00,2025-11-19 06:51:11.480017939,14.85,1,0,5,Resolved
T00540,CU0592,A011,C05,Web,2025-07-04 13:00:00,2025-07-07 05:52:14.818976774,64.87,0,0,5,Resolved
T00541,CU0286,A007,C06,Chat,2025-09-23 19:00:00,2025-09-25 12:03:24.712429953,41.06,0,0,4,Resolved
T00542,CU0140,A009,C02,Email,2025-11-10 20:00:00,2025-11-11 18:53:31.481638605,22.89,1,0,4,Resolved
T00543,CU0143,A010,C06,Chat,2025-03-01 10:00:00,2025-03-03 06:14:59.251484436,44.25,0,0,5,Resolved
T00544,CU0030,A009,C04,Chat,2025-06-13 17:00:00,2025-06-14 08:52:59.662938849,15.88,1,0,4,Resolved
T00545,CU0271,A016,C02,Chat,2025-02-17 11:00:00,2025-02-17 21:56:57.290769769,10.95,1,0,5,Resolved
T00546,CU0657,A003,C06,Chat,2025-04-13 20:00:00,2025-04-15 03:13:47.477291851,31.23,1,0,5,Resolved
T00547,CU0320,A002,C01,Chat,2025-05-31 11:00:00,2025-05-31 21:00:53.923175294,10.01,1,0,4,Resolved
T00548,CU0132,A009,C04,Chat,2025-11-09 11:00:00,2025-11-09 18:37:14.325178864,7.62,1,0,5,Resolved
T00549,CU0073,A004,C05,Email,2025-11-11 17:00:00,2025-11-12 08:17:53.769359259,15.3,1,0,4,Resolved
T00550,CU0395,A015,C02,Web,2025-05-23 18:00:00,2025-05-23 23:38:02.169401427,5.63,1,0,5,Resolved
T00551,CU0189,A016,C06,Chat,2025-05-01 09:00:00,2025-05-02 10:47:54.084056668,25.8,1,0,4,Resolved
T00552,CU0661,A018,C02,Chat,2025-07-13 15:00:00,2025-07-14 11:29:31.252610684,20.49,1,0,5,Resolved
T00553,CU0304,A007,C06,Chat,2025-11-29 12:00:00,2025-11-30 02:41:19.088612764,14.69,1,0,5,Resolved
T00554,CU0113,A018,C01,Chat,2025-12-23 15:00:00,2025-12-24 06:37:37.580448586,15.63,0,1,5,Resolved
T00555,CU0246,A002,C02,Web,2025-03-24 15:00:00,2025-03-25 05:59:33.292574289,14.99,1,0,5,Resolved
T00556,CU0399,A018,C03,Chat,2025-03-10 20:00:00,2025-03-12 10:03:57.104506879,38.07,0,1,3,Resolved
T00557,CU0034,A005,C06,Chat,2025-09-15 20:00:00,2025-09-17 16:36:41.369396961,44.61,0,0,5,Resolved
T00558,CU0101,A001,C02,Chat,2025-04-21 16:00:00,2025-04-22 00:39:51.357952083,8.66,1,0,5,Resolved
T00559,CU0865,A015,C06,Chat,2025-03-14 16:00:00,2025-03-15 22:43:32.844416599,30.73,1,0,4,Resolved
T00560,CU0313,A010,C02,Email,2025-01-12 19:00:00,2025-01-13 13:55:38.403875780,18.93,1,0,4,Resolved
T00561,CU0674,A008,C04,Web,2025-05-28 10:00:00,2025-05-28 18:35:50.789404694,8.6,1,0,5,Resolved
T00562,CU0822,A004,C03,Email,2025-05-24 17:00:00,2025-05-25 01:53:03.026516874,8.88,1,0,4,Resolved
T00563,CU0103,A008,C01,Chat,2025-07-25 18:00:00,2025-07-26 04:42:45.908780486,10.71,1,0,5,Resolved
T00564,CU0618,A012,C06,Email,2025-03-15 09:00:00,2025-03-16 00:56:04.725978770,15.93,1,0,5,Resolved
T00565,CU0750,A003,C04,Web,2025-09-18 19:00:00,2025-09-19 23:26:45.405911313,28.45,0,1,4,Resolved
T00566,CU0021,A018,C05,Chat,2025-09-06 17:00:00,2025-09-08 07:58:59.720771420,38.98,1,0,4,Resolved
T00567,CU0280,A014,C05,Email,2025-06-18 12:00:00,2025-06-21 07:21:37.535604249,67.36,0,0,5,Resolved
T00568,CU0122,A016,C04,Email,2025-03-08 14:00:00,2025-03-08 18:13:45.287820397,4.23,1,0,3,Resolved
T00569,CU0029,A001,C05,Email,2025-07-05 14:00:00,2025-07-07 15:45:01.661904363,49.75,0,0,4,Resolved
T00570,CU0265,A016,C06,Chat,2025-09-04 19:00:00,2025-09-07 18:50:33.208556532,71.84,0,0,4,Resolved
T00571,CU0165,A016,C05,Email,2025-05-17 20:00:00,,20.77,1,0,4,Open
T00572,CU0806,A007,C04,Email,2025-04-07 18:00:00,2025-04-08 04:14:22.275990470,10.24,1,0,5,Resolved
T00573,CU0214,A011,C05,Email,2025-07-04 16:00:00,2025-07-06 07:03:21.478489311,39.06,1,0,4,Resolved
T00574,CU0673,A010,C05,Chat,2025-05-10 09:00:00,2025-05-11 07:47:21.532338931,22.79,1,0,5,Resolved
T00575,CU0047,A015,C04,Chat,2025-05-27 19:00:00,2025-05-28 07:16:48.156433856,12.28,1,0,5,Resolved
T00576,CU0556,A006,C05,Email,2025-05-08 09:00:00,2025-05-09 02:18:21.240013111,17.31,1,0,4,Resolved
T00577,CU0626,A017,C04,Email,2025-04-21 10:00:00,2025-04-21 20:27:51.097906562,10.46,1,0,5,Resolved
T00578,CU0138,A010,C06,Web,2025-09-19 08:00:00,2025-09-21 18:06:27.808231950,58.11,0,1,4,Resolved
T00579,CU0388,A001,C06,Chat,2025-06-17 20:00:00,2025-06-18 18:41:37.017868830,22.69,1,0,4,Resolved
T00580,CU0836,A006,C06,Chat,2025-06-20 14:00:00,2025-06-21 05:56:21.260640022,15.94,1,0,5,Resolved
T00581,CU0553,A003,C06,Email,2025-08-27 11:00:00,2025-08-29 23:01:45.694871292,60.03,0,0,5,Resolved
T00582,CU0728,A015,C05,Email,2025-05-12 09:00:00,2025-05-14 04:03:37.293656781,43.06,1,0,5,Resolved
T00583,CU0383,A008,C05,Email,2025-02-06 13:00:00,2025-02-07 08:24:12.566137590,19.4,1,0,5,Resolved
T00584,CU0216,A009,C02,Email,2025-11-08 17:00:00,2025-11-09 00:49:12.686095063,7.82,1,0,5,Resolved
T00585,CU0423,A007,C04,Chat,2025-01-21 20:00:00,2025-01-22 03:10:02.286991056,7.17,1,0,5,Resolved
T00586,CU0364,A013,C02,Chat,2025-07-28 15:00:00,2025-07-29 13:54:12.649035110,22.9,1,0,5,Resolved
T00587,CU0885,A018,C01,Chat,2025-04-08 15:00:00,2025-04-09 00:03:22.311529603,9.06,1,0,5,Resolved
T00588,CU0386,A016,C06,Chat,2025-03-20 18:00:00,2025-03-22 05:40:25.233037327,35.67,1,0,4,Resolved
T00589,CU0565,A018,C06,Email,2025-01-16 19:00:00,2025-01-17 21:20:11.710579610,26.34,1,1,4,Resolved
T00590,CU0529,A006,C04,Chat,2025-11-25 11:00:00,2025-11-25 18:15:19.932270332,7.26,1,0,5,Resolved
T00591,CU0335,A012,C02,Web,2025-06-06 20:00:00,2025-06-07 17:10:08.430637789,21.17,1,0,5,Resolved
T00592,CU0338,A012,C05,Chat,2025-05-06 14:00:00,2025-05-07 14:09:56.615786668,24.17,1,0,5,Resolved
T00593,CU0761,A006,C04,Email,2025-09-28 20:00:00,2025-09-29 11:18:46.790905795,15.31,1,0,4,Resolved
T00594,CU0190,A016,C06,Email,2025-01-15 09:00:00,2025-01-15 21:26:46.064238568,12.45,1,0,5,Resolved
T00595,CU0375,A017,C06,Chat,2025-07-26 09:00:00,2025-07-27 14:13:10.132228426,29.22,1,0,4,Resolved
T00596,CU0601,A018,C03,Email,2025-06-30 19:00:00,2025-07-01 21:46:27.404459108,26.77,0,0,4,Resolved
T00597,CU0051,A018,C02,Web,2025-07-22 16:00:00,2025-07-23 04:58:56.605345510,12.98,1,0,4,Resolved
T00598,CU0610,A003,C02,Web,2025-02-15 10:00:00,2025-02-16 06:11:52.833423469,20.2,1,0,4,Resolved
T00599,CU0750,A003,C01,Chat,2025-12-14 19:00:00,2025-12-14 21:48:08.705430025,2.8,1,0,5,Resolved
T00600,CU0399,A013,C03,Email,2025-03-29 09:00:00,2025-03-30 01:07:28.089796339,16.12,1,1,5,Resolved
T00601,CU0525,A014,C01,Chat,2025-09-05 16:00:00,2025-09-06 01:28:48.263220015,9.48,1,0,5,Resolved
T00602,CU0438,A008,C01,Chat,2025-09-30 10:00:00,2025-10-01 13:21:57.033318837,27.37,0,1,4,Resolved
T00603,CU0600,A003,C02,Chat,2025-05-06 08:00:00,2025-05-06 16:16:22.258952720,8.27,1,0,5,Resolved
T00604,CU0046,A006,C02,Web,2025-02-17 18:00:00,2025-02-18 12:56:05.471798211,18.93,1,0,4,Resolved
T00605,CU0556,A003,C05,Email,2025-04-19 19:00:00,2025-04-21 20:52:45.555240568,49.88,0,0,5,Resolved
T00606,CU0411,A003,C01,Chat,2025-10-22 09:00:00,2025-10-22 14:46:55.648714476,5.78,1,0,5,Resolved
T00607,CU0033,A004,C06,Web,2025-11-27 09:00:00,2025-11-28 06:07:55.319333052,21.13,1,0,5,Resolved
T00608,CU0721,A011,C02,Email,2025-12-08 15:00:00,2025-12-09 05:55:16.709838733,14.92,1,0,4,Resolved
T00609,CU0137,A010,C01,Chat,2025-03-24 08:00:00,2025-03-24 12:06:26.389834632,4.11,1,0,5,Resolved
T00610,CU0533,A007,C01,Email,2025-08-10 17:00:00,2025-08-11 01:20:37.272276762,8.34,1,0,4,Resolved
T00611,CU0766,A010,C05,Email,2025-02-25 19:00:00,2025-02-28 02:02:59.159667519,55.05,0,0,4,Resolved
T00612,CU0829,A013,C02,Chat,2025-09-17 17:00:00,2025-09-18 15:40:17.681038989,22.67,1,0,5,Resolved
T00613,CU0566,A002,C04,Chat,2025-06-01 10:00:00,2025-06-01 20:15:02.933184898,10.25,1,0,5,Resolved
T00614,CU0645,A006,C01,Chat,2025-09-18 10:00:00,2025-09-18 20:46:28.275685042,10.77,1,0,4,Resolved
T00615,CU0527,A004,C06,Chat,2025-09-08 16:00:00,2025-09-10 17:02:27.789405399,49.04,0,0,5,Resolved
T00616,CU0700,A001,C01,Email,2025-12-29 08:00:00,2025-12-29 19:19:30.547824880,11.33,1,0,5,Resolved
T00617,CU0879,A003,C04,Chat,2025-06-28 14:00:00,2025-06-29 00:26:50.889043312,10.45,1,1,4,Resolved
T00618,CU0413,A014,C06,Chat,2025-05-05 13:00:00,2025-05-07 14:52:26.476210344,49.87,0,0,4,Resolved
T00619,CU0372,A016,C02,Web,2025-07-12 17:00:00,2025-07-14 01:24:13.493146291,32.4,0,0,3,Resolved
T00620,CU0157,A003,C02,Web,2025-03-01 10:00:00,2025-03-02 04:59:17.897995737,18.99,1,0,5,Resolved
T00621,CU0882,A014,C06,Email,2025-02-10 17:00:00,2025-02-11 10:06:28.658030151,17.11,1,0,4,Resolved
T00622,CU0821,A005,C02,Email,2025-07-09 17:00:00,2025-07-10 06:48:49.650945390,13.81,1,1,5,Resolved
T00623,CU0636,A003,C01,Web,2025-10-29 11:00:00,2025-10-29 17:54:23.569968114,6.91,1,0,5,Resolved
T00624,CU0594,A005,C04,Email,2025-07-14 12:00:00,2025-07-15 02:28:13.151455672,14.47,1,0,5,Resolved
T00625,CU0185,A017,C01,Chat,2025-10-13 08:00:00,2025-10-13 11:36:34.861987944,3.61,1,0,5,Resolved
T00626,CU0819,A007,C06,Chat,2025-03-06 13:00:00,2025-03-07 20:14:00.206258697,31.23,1,0,5,Resolved
T00627,CU0053,A014,C05,Chat,2025-06-14 11:00:00,2025-06-16 18:19:53.969018181,55.33,0,0,4,Resolved
T00628,CU0556,A009,C05,Chat,2025-08-12 09:00:00,2025-08-15 11:02:29.452175433,74.04,0,1,4,Resolved
T00629,CU0229,A008,C02,Chat,2025-05-07 15:00:00,2025-05-08 01:19:39.867324229,10.33,1,0,5,Resolved
T00630,CU0410,A015,C05,Chat,2025-01-06 15:00:00,2025-01-07 12:40:57.014993067,21.68,1,0,3,Resolved
T00631,CU0086,A018,C05,Chat,2025-01-27 09:00:00,2025-01-29 04:17:00.618399074,43.28,1,1,3,Resolved
T00632,CU0122,A012,C01,Email,2025-12-05 10:00:00,2025-12-05 17:28:00.166645354,7.47,1,0,4,Resolved
T00633,CU0340,A016,C06,Chat,2025-08-09 09:00:00,,46.09,0,0,4,Open
T00634,CU0358,A003,C05,Chat,2025-04-07 16:00:00,2025-04-09 08:38:25.319505260,40.64,1,0,4,Resolved
T00635,CU0794,A017,C06,Email,2025-04-05 12:00:00,2025-04-07 04:51:47.028712633,40.86,0,0,5,Resolved
T00636,CU0538,A004,C02,Chat,2025-01-15 08:00:00,2025-01-15 18:15:43.380756957,10.26,1,1,5,Resolved
T00637,CU0029,A004,C01,Chat,2025-12-11 10:00:00,2025-12-11 18:50:20.282905381,8.84,1,0,5,Resolved
T00638,CU0838,A016,C05,Chat,2025-02-09 20:00:00,2025-02-10 22:19:20.939917162,26.32,1,0,5,Resolved
T00639,CU0550,A009,C06,Email,2025-10-05 11:00:00,2025-10-06 10:54:52.637828497,23.91,1,0,3,Resolved
T00640,CU0747,A005,C03,Web,2025-03-29 16:00:00,2025-03-30 17:04:59.432267287,25.08,0,0,4,Resolved
T00641,CU0832,A001,C01,Chat,2025-05-03 14:00:00,2025-05-04 02:23:44.455128291,12.4,0,0,5,Resolved
T00642,CU0462,A004,C06,Email,2025-04-10 10:00:00,,46.91,0,0,5,Open
T00643,CU0162,A015,C02,Web,2025-10-28 11:00:00,2025-10-29 03:57:18.620558395,16.96,1,0,5,Resolved
T00644,CU0404,A001,C03,Web,2025-01-12 08:00:00,2025-01-13 00:10:43.915594576,16.18,1,0,5,Resolved
T00645,CU0619,A017,C05,Web,2025-05-09 17:00:00,2025-05-11 02:45:07.573897137,33.75,1,1,4,Resolved
T00646,CU0030,A014,C01,Email,2025-04-12 12:00:00,2025-04-12 15:39:53.649773395,3.66,1,0,4,Resolved
T00647,CU0852,A004,C01,Chat,2025-04-10 14:00:00,2025-04-11 04:37:08.413649425,14.62,0,0,4,Resolved
T00648,CU0317,A014,C01,Chat,2025-03-12 09:00:00,,6.92,1,0,5,Open
T00649,CU0594,A010,C06,Chat,2025-11-30 18:00:00,2025-12-02 01:23:28.535056288,31.39,1,0,4,Resolved
T00650,CU0884,A007,C03,Chat,2025-05-19 10:00:00,2025-05-20 09:04:30.996866863,23.08,1,0,4,Resolved
T00651,CU0779,A010,C05,Web,2025-06-02 15:00:00,2025-06-03 08:42:01.948959072,17.7,1,0,5,Resolved
T00652,CU0667,A001,C06,Chat,2025-05-21 19:00:00,2025-05-22 11:30:00.568303596,16.5,1,0,5,Resolved
T00653,CU0269,A016,C05,Email,2025-12-24 17:00:00,2025-12-27 07:11:13.242082488,62.19,0,0,4,Resolved
T00654,CU0473,A015,C04,Web,2025-05-04 15:00:00,2025-05-05 03:32:09.002027835,12.54,1,0,5,Resolved
T00655,CU0452,A004,C04,Chat,2025-05-05 19:00:00,2025-05-06 03:28:15.086410075,8.47,1,0,5,Resolved
T00656,CU0777,A002,C03,Chat,2025-04-30 10:00:00,2025-05-01 02:03:37.473201104,16.06,1,0,4,Resolved
T00657,CU0036,A008,C05,Chat,2025-04-30 20:00:00,2025-05-02 22:32:29.223632619,50.54,0,0,5,Resolved
T00658,CU0021,A009,C06,Chat,2025-02-02 15:00:00,2025-02-04 05:03:57.030676149,38.07,0,0,5,Resolved
T00659,CU0107,A014,C06,Chat,2025-08-09 13:00:00,2025-08-10 08:31:17.198021258,19.52,1,0,4,Resolved
T00660,CU0862,A016,C04,Chat,2025-01-10 11:00:00,2025-01-11 14:59:56.910630228,28.0,0,1,4,Resolved
T00661,CU0487,A002,C03,Email,2025-03-24 17:00:00,,26.26,0,0,4,Open
T00662,CU0630,A005,C06,Chat,2025-03-15 20:00:00,2025-03-16 19:20:31.842813771,23.34,1,0,4,Resolved
T00663,CU0086,A011,C01,Email,2025-04-17 16:00:00,2025-04-17 21:42:31.853807784,5.71,1,1,5,Resolved
T00664,CU0012,A007,C06,Chat,2025-10-04 08:00:00,2025-10-06 00:10:20.570615371,40.17,0,0,5,Resolved
T00665,CU0586,A018,C02,Chat,2025-08-07 14:00:00,2025-08-08 12:12:17.383994974,22.2,1,0,5,Resolved
T00666,CU0635,A012,C05,Chat,2025-12-28 17:00:00,2025-12-29 09:05:11.256578084,16.09,1,0,5,Resolved
T00667,CU0385,A006,C06,Email,2025-05-09 13:00:00,2025-05-10 11:31:14.990613592,22.52,1,0,5,Resolved
T00668,CU0075,A013,C04,Email,2025-12-05 18:00:00,2025-12-07 14:54:38.038739994,44.91,0,0,3,Resolved
T00669,CU0441,A008,C02,Chat,2025-01-17 17:00:00,2025-01-18 07:06:15.652891861,14.1,1,0,5,Resolved
T00670,CU0576,A009,C06,Email,2025-07-04 08:00:00,2025-07-05 11:02:28.509336628,27.04,1,0,5,Resolved
T00671,CU0193,A013,C03,Chat,2025-10-19 15:00:00,2025-10-20 01:47:53.924640273,10.8,1,0,4,Resolved
T00672,CU0271,A008,C03,Web,2025-07-14 10:00:00,2025-07-16 20:55:51.929956394,58.93,0,1,3,Resolved
T00673,CU0673,A013,C04,Web,2025-12-07 14:00:00,2025-12-08 06:06:32.917357872,16.11,1,0,5,Resolved
T00674,CU0191,A008,C04,Chat,2025-04-25 12:00:00,2025-04-26 08:43:22.701487497,20.72,0,0,5,Resolved
T00675,CU0090,A011,C05,Chat,2025-01-13 18:00:00,2025-01-15 12:17:19.552954891,42.29,1,1,4,Resolved
T00676,CU0566,A009,C01,Chat,2025-10-10 19:00:00,2025-10-11 12:09:37.233201186,17.16,0,1,4,Resolved
T00677,CU0021,A011,C04,Email,2025-01-25 13:00:00,2025-01-25 20:30:33.719115556,7.51,1,0,5,Resolved
T00678,CU0391,A007,C06,Chat,2025-10-07 14:00:00,2025-10-08 16:53:51.815397343,26.9,1,0,4,Resolved
T00679,CU0513,A003,C01,Email,2025-09-25 16:00:00,2025-09-26 03:39:07.110327549,11.65,1,0,5,Resolved
T00680,CU0059,A005,C04,Web,2025-11-05 16:00:00,2025-11-06 12:29:28.383916776,20.49,0,0,4,Resolved
T00681,CU0588,A007,C05,Chat,2025-06-24 16:00:00,2025-06-26 03:46:57.982294185,35.78,1,0,5,Resolved
T00682,CU0741,A006,C06,Web,2025-11-23 18:00:00,2025-11-24 12:51:59.921521599,18.87,1,0,4,Resolved
T00683,CU0877,A008,C05,Chat,2025-03-03 20:00:00,2025-03-05 10:55:34.844801660,38.93,1,1,4,Resolved
T00684,CU0240,A009,C06,Web,2025-06-08 18:00:00,2025-06-09 05:45:26.938580353,11.76,1,0,5,Resolved
T00685,CU0295,A005,C02,Email,2025-02-14 09:00:00,2025-02-14 13:55:35.268809307,4.93,1,0,5,Resolved
T00686,CU0557,A007,C03,Chat,2025-10-07 14:00:00,2025-10-08 20:08:58.143566918,30.15,0,1,3,Resolved
T00687,CU0540,A006,C06,Chat,2025-09-18 13:00:00,2025-09-19 20:54:01.100476641,31.9,1,0,4,Resolved
T00688,CU0549,A011,C06,Email,2025-10-22 14:00:00,2025-10-23 12:13:31.620933177,22.23,1,0,5,Resolved
T00689,CU0284,A009,C04,Email,2025-10-06 14:00:00,2025-10-07 05:59:15.812199351,15.99,1,0,5,Resolved
T00690,CU0051,A012,C04,Chat,2025-04-23 17:00:00,2025-04-24 13:37:33.416606794,20.63,0,0,4,Resolved
T00691,CU0023,A008,C04,Web,2025-01-25 13:00:00,2025-01-26 02:59:27.629551669,13.99,1,0,5,Resolved
T00692,CU0898,A018,C01,Email,2025-12-06 11:00:00,2025-12-07 06:03:00.494717684,19.05,0,0,3,Resolved
T00693,CU0366,A009,C06,Web,2025-06-29 13:00:00,2025-06-30 20:20:45.517392772,31.35,1,0,4,Resolved
T00694,CU0403,A012,C06,Chat,2025-02-04 19:00:00,2025-02-05 23:38:30.964022318,28.64,1,0,3,Resolved
T00695,CU0564,A008,C04,Chat,2025-12-05 12:00:00,2025-12-06 00:15:24.010425637,12.26,1,0,5,Resolved
T00696,CU0185,A014,C02,Chat,2025-12-29 08:00:00,2025-12-29 15:51:02.000733588,7.85,1,0,5,Resolved
T00697,CU0344,A011,C03,Chat,2025-06-12 20:00:00,2025-06-13 22:08:18.919311460,26.14,0,0,5,Resolved
T00698,CU0394,A002,C01,Chat,2025-10-09 10:00:00,2025-10-09 12:39:42.281136882,2.66,1,0,5,Resolved
T00699,CU0086,A014,C05,Chat,2025-01-14 15:00:00,2025-01-15 14:48:41.808159694,23.81,1,0,4,Resolved
T00700,CU0543,A014,C04,Email,2025-02-04 18:00:00,2025-02-05 05:06:50.734316138,11.11,1,0,5,Resolved
T00701,CU0175,A008,C02,Chat,2025-04-11 11:00:00,2025-04-11 20:48:45.254375208,9.81,1,0,5,Resolved
T00702,CU0003,A010,C05,Chat,2025-08-28 12:00:00,2025-08-30 02:12:32.464038157,38.21,1,0,4,Resolved
T00703,CU0559,A001,C06,Email,2025-02-18 11:00:00,2025-02-20 20:12:08.428742643,57.2,0,0,5,Resolved
T00704,CU0271,A016,C01,Email,2025-01-13 09:00:00,2025-01-14 01:02:25.013219089,16.04,0,1,5,Resolved
T00705,CU0647,A015,C04,Email,2025-09-02 09:00:00,2025-09-02 19:20:28.207491039,10.34,1,0,5,Resolved
T00706,CU0483,A018,C04,Email,2025-10-09 10:00:00,2025-10-09 18:54:17.276334696,8.9,1,0,5,Resolved
T00707,CU0027,A011,C02,Chat,2025-09-27 13:00:00,2025-09-27 23:05:13.859621678,10.09,1,0,5,Resolved
T00708,CU0626,A005,C04,Email,2025-10-19 14:00:00,2025-10-20 05:06:24.344197938,15.11,1,0,5,Resolved
T00709,CU0037,A006,C05,Email,2025-10-21 08:00:00,2025-10-22 11:42:17.022520638,27.7,1,0,5,Resolved
T00710,CU0282,A017,C02,Chat,2025-08-08 19:00:00,2025-08-09 02:23:47.415451725,7.4,1,0,5,Resolved
T00711,CU0618,A001,C02,Chat,2025-07-09 16:00:00,2025-07-10 10:45:05.148518871,18.75,1,0,2,Resolved
T00712,CU0364,A013,C06,Web,2025-11-09 08:00:00,2025-11-10 14:27:36.216573228,30.46,1,0,5,Resolved
T00713,CU0347,A002,C03,Chat,2025-05-08 18:00:00,2025-05-09 20:13:21.845943552,26.22,0,0,4,Resolved
T00714,CU0200,A014,C05,Chat,2025-02-05 08:00:00,2025-02-06 20:35:31.037758681,36.59,1,1,4,Resolved
T00715,CU0400,A011,C05,Chat,2025-10-02 15:00:00,2025-10-03 17:12:49.603709124,26.21,1,0,4,Resolved
T00716,CU0264,A009,C06,Web,2025-04-11 14:00:00,2025-04-14 03:06:40.270643769,61.11,0,0,3,Resolved
T00717,CU0852,A013,C05,Chat,2025-12-24 14:00:00,2025-12-25 21:05:31.247387422,31.09,1,0,5,Resolved
T00718,CU0619,A007,C06,Web,2025-06-01 20:00:00,2025-06-03 06:33:33.723848941,34.56,1,0,4,Resolved
T00719,CU0818,A011,C05,Web,2025-11-07 20:00:00,2025-11-08 20:19:02.834474235,24.32,1,0,4,Resolved
T00720,CU0304,A015,C04,Email,2025-01-16 11:00:00,2025-01-17 05:18:20.057908546,18.31,0,1,4,Resolved
T00721,CU0856,A009,C03,Chat,2025-08-29 15:00:00,2025-08-30 02:18:09.668738131,11.3,1,0,5,Resolved
T00722,CU0252,A001,C03,Chat,2025-06-13 20:00:00,2025-06-14 09:48:30.530599333,13.81,1,0,5,Resolved
T00723,CU0279,A018,C04,Web,2025-06-18 17:00:00,2025-06-18 23:23:11.066111106,6.39,1,0,4,Resolved
T00724,CU0269,A010,C01,Web,2025-04-07 19:00:00,2025-04-08 01:05:36.181400078,6.09,1,0,4,Resolved
T00725,CU0531,A008,C04,Web,2025-12-21 13:00:00,2025-12-22 08:18:34.866513457,19.31,0,0,5,Resolved
T00726,CU0552,A002,C03,Web,2025-05-24 11:00:00,2025-05-24 23:54:20.409406830,12.91,1,0,4,Resolved
T00727,CU0059,A002,C01,Email,2025-11-07 14:00:00,2025-11-08 01:03:09.006025046,11.05,1,0,4,Resolved
T00728,CU0505,A005,C02,Chat,2025-06-05 18:00:00,2025-06-07 03:48:26.373079209,33.81,0,1,3,Resolved
T00729,CU0858,A017,C06,Chat,2025-01-18 20:00:00,2025-01-19 20:41:30.020351827,24.69,1,0,4,Resolved
T00730,CU0367,A014,C05,Chat,2025-11-17 16:00:00,2025-11-19 16:28:53.420923765,48.48,0,0,4,Resolved
T00731,CU0630,A008,C06,Chat,2025-03-09 17:00:00,2025-03-11 00:44:56.774578596,31.75,1,0,4,Resolved
T00732,CU0570,A014,C04,Chat,2025-04-09 14:00:00,2025-04-10 01:35:30.227112787,11.59,1,0,4,Resolved
T00733,CU0882,A008,C06,Chat,2025-11-11 12:00:00,2025-11-12 23:02:27.478341682,35.04,1,0,5,Resolved
T00734,CU0579,A017,C06,Chat,2025-11-23 13:00:00,2025-11-25 22:13:00.563176650,57.22,0,0,5,Resolved
T00735,CU0424,A006,C01,Chat,2025-12-01 14:00:00,2025-12-01 20:00:19.687902462,6.01,1,0,4,Resolved
T00736,CU0012,A013,C06,Email,2025-06-05 18:00:00,2025-06-06 10:14:09.858395281,16.24,1,0,4,Resolved
T00737,CU0724,A008,C01,Email,2025-10-04 15:00:00,2025-10-04 20:03:36.246151476,5.06,1,0,5,Resolved
T00738,CU0306,A013,C05,Email,2025-04-30 18:00:00,2025-05-02 18:29:45.332980458,48.5,0,0,5,Resolved
T00739,CU0833,A004,C06,Email,2025-09-28 08:00:00,2025-10-01 12:34:42.674967076,76.58,0,1,2,Resolved
T00740,CU0220,A018,C03,Chat,2025-07-03 17:00:00,2025-07-04 10:05:18.666399408,17.09,1,0,5,Resolved
T00741,CU0394,A006,C05,Chat,2025-01-19 14:00:00,2025-01-20 04:27:48.794295092,14.46,1,1,5,Resolved
T00742,CU0747,A010,C03,Chat,2025-06-02 20:00:00,2025-06-03 08:32:53.320428092,12.55,1,0,4,Resolved
T00743,CU0137,A013,C01,Chat,2025-06-20 14:00:00,2025-06-21 00:14:11.995426975,10.24,1,0,5,Resolved
T00744,CU0248,A012,C01,Email,2025-04-04 14:00:00,2025-04-04 21:45:48.121124364,7.76,1,0,5,Resolved
T00745,CU0713,A010,C01,Email,2025-05-17 09:00:00,2025-05-17 17:40:34.769244054,8.68,1,0,5,Resolved
T00746,CU0286,A016,C01,Chat,2025-07-03 18:00:00,2025-07-04 02:05:28.890339363,8.09,1,0,4,Resolved
T00747,CU0862,A018,C05,Web,2025-01-19 17:00:00,2025-01-21 17:55:36.833504955,48.93,0,0,5,Resolved
T00748,CU0485,A014,C04,Chat,2025-02-25 19:00:00,2025-02-26 07:50:13.198035253,12.84,1,0,5,Resolved
T00749,CU0743,A004,C04,Chat,2025-10-07 09:00:00,2025-10-07 23:19:19.561883815,14.32,1,0,5,Resolved
T00750,CU0493,A014,C05,Web,2025-05-09 10:00:00,2025-05-11 02:37:34.969651010,40.63,1,1,5,Resolved
T00751,CU0041,A010,C01,Email,2025-08-11 19:00:00,,15.82,0,1,4,Open
T00752,CU0730,A010,C02,Email,2025-07-26 08:00:00,2025-07-27 06:01:37.651489899,22.03,1,0,5,Resolved
T00753,CU0378,A017,C06,Email,2025-07-21 14:00:00,2025-07-22 20:20:24.070279221,30.34,1,1,5,Resolved
T00754,CU0350,A010,C06,Chat,2025-05-31 13:00:00,2025-06-02 01:04:30.645698653,36.08,0,1,4,Resolved
T00755,CU0663,A016,C04,Email,2025-06-26 20:00:00,2025-06-27 11:42:23.361028084,15.71,1,0,4,Resolved
T00756,CU0254,A012,C01,Email,2025-10-28 19:00:00,2025-10-29 08:27:13.370385888,13.45,0,0,4,Resolved
T00757,CU0386,A002,C06,Chat,2025-12-19 19:00:00,2025-12-21 01:08:53.392114748,30.15,1,0,4,Resolved
T00758,CU0548,A013,C06,Chat,2025-04-04 11:00:00,2025-04-05 06:45:14.965198038,19.75,1,1,3,Resolved
T00759,CU0534,A009,C04,Web,2025-09-02 15:00:00,2025-09-03 00:46:24.174656317,9.77,1,0,5,Resolved
T00760,CU0656,A010,C02,Chat,2025-12-20 17:00:00,2025-12-21 04:30:37.013964487,11.51,1,0,5,Resolved
T00761,CU0075,A006,C01,Web,2025-01-03 20:00:00,2025-01-04 04:42:43.165961870,8.71,1,0,4,Resolved
T00762,CU0894,A004,C05,Chat,2025-10-14 08:00:00,2025-10-15 13:20:27.082806262,29.34,1,0,4,Resolved
T00763,CU0548,A014,C06,Chat,2025-07-01 20:00:00,2025-07-02 18:46:22.413701287,22.77,1,0,4,Resolved
T00764,CU0557,A005,C05,Email,2025-12-20 12:00:00,2025-12-21 06:38:44.361085570,18.65,1,0,5,Resolved
T00765,CU0795,A002,C03,Email,2025-07-31 09:00:00,2025-07-31 17:27:47.863388840,8.46,1,0,4,Resolved
T00766,CU0442,A009,C05,Chat,2025-11-02 16:00:00,2025-11-02 23:36:56.837561569,7.62,1,0,5,Resolved
T00767,CU0028,A013,C06,Chat,2025-03-02 18:00:00,2025-03-03 22:44:37.966785730,28.74,1,1,4,Resolved
T00768,CU0120,A004,C04,Chat,2025-02-21 09:00:00,2025-02-22 16:14:57.701134392,31.25,0,0,4,Resolved
T00769,CU0853,A007,C06,Email,2025-12-05 08:00:00,2025-12-07 16:06:58.738113360,56.12,0,0,5,Resolved
T00770,CU0889,A008,C03,Chat,2025-07-12 19:00:00,2025-07-13 09:00:40.939246828,14.01,1,0,5,Resolved
T00771,CU0076,A017,C03,Email,2025-07-23 20:00:00,2025-07-24 19:16:42.576368998,23.28,1,0,4,Resolved
T00772,CU0617,A003,C05,Chat,2025-03-04 10:00:00,2025-03-05 02:02:14.809187342,16.04,1,0,5,Resolved
T00773,CU0595,A017,C04,Chat,2025-03-24 19:00:00,2025-03-25 01:05:41.500188412,6.09,1,0,5,Resolved
T00774,CU0149,A003,C06,Chat,2025-10-26 19:00:00,2025-10-27 09:35:07.026639630,14.59,1,0,5,Resolved
T00775,CU0709,A011,C04,Chat,2025-04-21 20:00:00,2025-04-22 05:56:18.770340566,9.94,1,0,4,Resolved
T00776,CU0414,A016,C03,Email,2025-08-02 10:00:00,2025-08-03 06:02:41.051169596,20.04,1,0,5,Resolved
T00777,CU0208,A017,C03,Web,2025-04-26 15:00:00,2025-04-27 14:14:16.065488472,23.24,1,1,5,Resolved
T00778,CU0505,A010,C04,Chat,2025-04-07 20:00:00,2025-04-08 10:49:31.478544613,14.83,1,0,4,Resolved
T00779,CU0815,A009,C03,Chat,2025-03-02 19:00:00,2025-03-03 09:36:31.303532361,14.61,1,0,5,Resolved
T00780,CU0196,A015,C05,Web,2025-12-06 15:00:00,2025-12-07 22:30:32.952641115,31.51,1,0,4,Resolved
T00781,CU0557,A017,C03,Chat,2025-12-10 10:00:00,2025-12-10 20:23:29.757327640,10.39,1,0,5,Resolved
T00782,CU0660,A001,C03,Chat,2025-02-12 09:00:00,2025-02-12 18:16:58.964177701,9.28,1,0,5,Resolved
T00783,CU0563,A005,C05,Email,2025-05-09 11:00:00,2025-05-10 02:47:28.139558985,15.79,1,0,5,Resolved
T00784,CU0586,A006,C01,Chat,2025-07-25 08:00:00,,16.73,0,1,3,Open
T00785,CU0654,A016,C05,Chat,2025-05-20 10:00:00,2025-05-21 12:37:37.481270948,26.63,1,0,4,Resolved
T00786,CU0211,A001,C04,Web,2025-09-21 08:00:00,2025-09-21 14:03:58.731723475,6.07,1,0,5,Resolved
T00787,CU0092,A003,C04,Email,2025-04-05 17:00:00,2025-04-06 03:41:31.563582435,10.69,1,0,4,Resolved
T00788,CU0891,A001,C05,Email,2025-01-22 15:00:00,2025-01-23 08:40:21.499179859,17.67,1,0,4,Resolved
T00789,CU0288,A018,C06,Chat,2025-05-03 14:00:00,2025-05-05 18:46:31.652857808,52.78,0,0,4,Resolved
T00790,CU0854,A001,C06,Chat,2025-08-07 18:00:00,2025-08-08 23:06:04.441120470,29.1,1,0,5,Resolved
T00791,CU0242,A005,C03,Web,2025-03-07 13:00:00,2025-03-08 12:06:04.858361341,23.1,1,0,5,Resolved
T00792,CU0239,A010,C03,Web,2025-10-25 13:00:00,2025-10-26 16:45:01.085537980,27.75,0,0,4,Resolved
T00793,CU0023,A007,C05,Email,2025-01-05 10:00:00,2025-01-06 06:10:17.304418167,20.17,1,0,5,Resolved
T00794,CU0398,A002,C05,Chat,2025-01-25 13:00:00,2025-01-26 21:04:45.184943452,32.08,1,0,4,Resolved
T00795,CU0851,A008,C05,Email,2025-07-05 10:00:00,2025-07-07 22:03:52.911771739,60.06,0,0,4,Resolved
T00796,CU0806,A015,C04,Chat,2025-07-06 15:00:00,2025-07-07 05:49:53.284187413,14.83,1,0,5,Resolved
T00797,CU0275,A006,C06,Email,2025-04-18 20:00:00,2025-04-20 01:24:39.855437982,29.41,1,0,5,Resolved
T00798,CU0366,A010,C02,Email,2025-04-05 14:00:00,2025-04-05 21:41:46.248018018,7.7,1,0,5,Resolved
T00799,CU0603,A009,C04,Chat,2025-01-26 11:00:00,2025-01-27 01:06:52.653953163,14.11,1,0,4,Resolved
T00800,CU0860,A005,C02,Chat,2025-08-30 16:00:00,2025-08-31 06:23:55.610042244,14.4,1,0,4,Resolved
T00801,CU0544,A001,C03,Email,2025-05-19 18:00:00,2025-05-20 13:53:41.853221977,19.89,1,0,4,Resolved
T00802,CU0181,A016,C05,Web,2025-02-13 14:00:00,2025-02-15 12:53:54.007895558,46.9,1,0,3,Resolved
T00803,CU0321,A018,C04,Chat,2025-05-26 11:00:00,2025-05-27 05:07:57.264481484,18.13,0,1,4,Resolved
T00804,CU0652,A010,C03,Chat,2025-12-09 17:00:00,2025-12-10 12:53:18.281049406,19.89,1,0,5,Resolved
T00805,CU0022,A015,C06,Email,2025-04-06 10:00:00,2025-04-08 02:43:06.875915494,40.72,0,1,3,Resolved
T00806,CU0540,A007,C06,Chat,2025-11-23 20:00:00,2025-11-25 06:04:41.877672765,34.08,1,0,4,Resolved
T00807,CU0693,A017,C04,Chat,2025-04-05 12:00:00,2025-04-06 09:33:38.409966118,21.56,0,0,5,Resolved
T00808,CU0312,A011,C06,Chat,2025-03-09 12:00:00,2025-03-10 12:37:11.458402845,24.62,1,0,5,Resolved
T00809,CU0486,A015,C04,Chat,2025-04-06 17:00:00,2025-04-07 07:26:51.280307944,14.45,1,1,3,Resolved
T00810,CU0647,A013,C06,Chat,2025-04-28 08:00:00,2025-04-29 22:01:38.494392362,38.03,0,0,4,Resolved
T00811,CU0536,A017,C02,Web,2025-02-14 10:00:00,2025-02-14 21:13:39.678205868,11.23,1,0,5,Resolved
T00812,CU0022,A011,C03,Web,2025-08-03 09:00:00,2025-08-03 20:55:54.306224565,11.93,1,0,4,Resolved
T00813,CU0527,A016,C03,Email,2025-05-02 13:00:00,2025-05-03 14:53:39.005896135,25.89,0,1,3,Resolved
T00814,CU0208,A017,C01,Chat,2025-09-20 15:00:00,2025-09-21 00:19:59.957664938,9.33,1,0,5,Resolved
T00815,CU0666,A014,C04,Email,2025-06-29 10:00:00,2025-06-29 16:23:18.794073786,6.39,1,0,5,Resolved
T00816,CU0236,A007,C02,Chat,2025-06-11 12:00:00,2025-06-12 05:32:12.459019387,17.54,1,0,5,Resolved
T00817,CU0881,A002,C05,Email,2025-06-21 18:00:00,2025-06-24 05:01:37.645161553,59.03,0,0,3,Resolved
T00818,CU0106,A008,C02,Chat,2025-02-27 20:00:00,2025-02-28 04:12:11.511745441,8.2,1,1,5,Resolved
T00819,CU0802,A013,C01,Email,2025-09-18 08:00:00,2025-09-19 00:13:18.004102366,16.22,0,0,5,Resolved
T00820,CU0031,A016,C06,Chat,2025-02-08 16:00:00,2025-02-08 23:58:55.384944826,7.98,1,0,4,Resolved
T00821,CU0615,A014,C05,Web,2025-09-21 08:00:00,2025-09-23 07:42:26.137457611,47.71,1,1,3,Resolved
T00822,CU0318,A012,C06,Email,2025-12-31 14:00:00,2026-01-02 23:13:54.129209149,57.23,0,0,3,Resolved
T00823,CU0176,A010,C04,Chat,2025-10-06 19:00:00,2025-10-07 04:29:20.954017039,9.49,1,0,5,Resolved
T00824,CU0197,A018,C01,Web,2025-06-16 18:00:00,2025-06-17 02:19:49.510342286,8.33,1,0,5,Resolved
T00825,CU0035,A005,C05,Chat,2025-04-25 11:00:00,2025-04-27 06:41:48.813802267,43.7,1,0,4,Resolved
T00826,CU0120,A015,C04,Chat,2025-11-15 11:00:00,2025-11-15 16:04:51.126232832,5.08,1,0,4,Resolved
T00827,CU0353,A010,C01,Email,2025-04-04 18:00:00,2025-04-05 02:15:49.670238790,8.26,1,0,5,Resolved
T00828,CU0142,A010,C06,Email,2025-06-26 18:00:00,2025-06-27 19:43:58.567693674,25.73,1,0,5,Resolved
T00829,CU0872,A008,C05,Chat,2025-10-09 11:00:00,2025-10-13 02:26:01.858029838,87.43,0,1,2,Resolved
T00830,CU0744,A012,C05,Chat,2025-12-03 08:00:00,2025-12-04 01:46:37.093994842,17.78,1,0,5,Resolved
T00831,CU0426,A018,C04,Chat,2025-12-03 13:00:00,2025-12-03 22:15:52.623197262,9.26,1,0,5,Resolved
T00832,CU0086,A008,C05,Chat,2025-02-02 16:00:00,2025-02-03 12:24:50.852601813,20.41,1,0,4,Resolved
T00833,CU0888,A003,C02,Chat,2025-11-24 13:00:00,2025-11-24 21:47:22.649028036,8.79,1,0,5,Resolved
T00834,CU0653,A003,C06,Chat,2025-02-11 20:00:00,2025-02-13 13:31:16.755256718,41.52,0,0,4,Resolved
T00835,CU0165,A004,C03,Chat,2025-08-02 18:00:00,2025-08-03 16:01:21.153796273,22.02,1,0,4,Resolved
T00836,CU0049,A008,C02,Email,2025-12-06 18:00:00,2025-12-07 04:54:11.353852285,10.9,1,0,5,Resolved
T00837,CU0558,A001,C01,Email,2025-08-28 08:00:00,2025-08-28 16:06:41.054147352,8.11,1,0,4,Resolved
T00838,CU0037,A006,C05,Web,2025-12-12 19:00:00,2025-12-13 19:03:34.640946133,24.06,1,0,3,Resolved
T00839,CU0553,A013,C06,Chat,2025-05-06 17:00:00,2025-05-07 13:11:58.675826493,20.2,1,0,5,Resolved
T00840,CU0399,A013,C06,Chat,2025-04-25 13:00:00,2025-04-26 06:15:56.793750912,17.27,1,1,4,Resolved
T00841,CU0793,A013,C05,Chat,2025-04-30 15:00:00,2025-05-01 18:35:34.481430221,27.59,1,0,5,Resolved
T00842,CU0344,A013,C06,Chat,2025-05-10 18:00:00,2025-05-11 19:56:51.785264047,25.95,1,1,5,Resolved
T00843,CU0404,A002,C05,Email,2025-09-07 19:00:00,2025-09-09 04:17:35.523725478,33.29,1,0,4,Resolved
T00844,CU0492,A017,C03,Chat,2025-06-15 15:00:00,2025-06-16 09:13:42.459307989,18.23,1,0,5,Resolved
T00845,CU0885,A006,C05,Email,2025-09-27 08:00:00,2025-09-29 12:09:35.261915778,52.16,0,0,5,Resolved
T00846,CU0633,A002,C01,Web,2025-06-01 16:00:00,2025-06-01 22:13:38.446864953,6.23,1,0,4,Resolved
T00847,CU0603,A015,C02,Chat,2025-04-23 16:00:00,2025-04-24 05:07:14.795190022,13.12,1,0,3,Resolved
T00848,CU0279,A009,C04,Chat,2025-03-11 08:00:00,2025-03-12 13:03:26.929324191,29.06,0,0,5,Resolved
T00849,CU0435,A007,C02,Email,2025-07-21 18:00:00,2025-07-23 16:31:50.530740229,46.53,0,0,4,Resolved
T00850,CU0175,A008,C06,Email,2025-11-24 10:00:00,2025-11-25 01:33:26.574451948,15.56,1,0,5,Resolved
T00851,CU0353,A011,C06,Chat,2025-11-10 19:00:00,2025-11-11 11:33:58.913098869,16.57,1,0,5,Resolved
T00852,CU0740,A010,C03,Email,2025-04-03 15:00:00,2025-04-04 01:33:13.523647474,10.55,1,0,4,Resolved
T00853,CU0090,A001,C05,Chat,2025-06-24 12:00:00,2025-06-26 13:52:55.426486436,49.88,0,0,4,Resolved
T00854,CU0149,A003,C03,Email,2025-09-15 08:00:00,2025-09-16 02:11:15.045324885,18.19,1,0,5,Resolved
T00855,CU0528,A018,C01,Email,2025-08-12 08:00:00,2025-08-12 19:24:22.236315822,11.41,1,0,5,Resolved
T00856,CU0719,A009,C03,Chat,2025-01-25 17:00:00,2025-01-27 10:45:22.425340989,41.76,0,0,4,Resolved
T00857,CU0878,A018,C02,Chat,2025-08-04 12:00:00,2025-08-05 09:45:34.878774240,21.76,1,1,3,Resolved
T00858,CU0529,A012,C03,Email,2025-01-15 18:00:00,2025-01-16 17:21:36.009325152,23.36,1,0,5,Resolved
T00859,CU0592,A014,C02,Email,2025-02-12 10:00:00,2025-02-13 03:41:39.741995418,17.69,1,0,4,Resolved
T00860,CU0261,A006,C01,Web,2025-08-27 19:00:00,,7.86,1,0,5,Open
T00861,CU0369,A016,C02,Chat,2025-02-07 20:00:00,2025-02-08 18:32:55.538709306,22.55,1,0,4,Resolved
T00862,CU0283,A012,C06,Email,2025-05-04 09:00:00,2025-05-05 02:03:22.116560918,17.06,1,0,4,Resolved
T00863,CU0099,A014,C01,Email,2025-08-03 16:00:00,2025-08-04 14:49:49.883911478,22.83,0,1,5,Resolved
T00864,CU0334,A005,C03,Email,2025-08-28 20:00:00,2025-08-29 12:42:18.746427560,16.71,1,0,4,Resolved
T00865,CU0196,A011,C04,Chat,2025-06-12 12:00:00,,8.87,1,0,5,Open
T00866,CU0532,A007,C03,Chat,2025-02-04 08:00:00,2025-02-04 18:24:59.502599917,10.42,1,0,5,Resolved
T00867,CU0679,A017,C04,Email,2025-10-19 19:00:00,2025-10-20 02:15:25.513965000,7.26,1,0,4,Resolved
T00868,CU0882,A017,C01,Chat,2025-12-13 14:00:00,2025-12-13 20:36:07.793312796,6.6,1,0,5,Resolved
T00869,CU0793,A007,C05,Chat,2025-11-21 08:00:00,2025-11-21 18:22:47.980407500,10.38,1,0,5,Resolved
T00870,CU0287,A001,C04,Chat,2025-10-01 18:00:00,2025-10-02 03:54:12.867012381,9.9,1,0,5,Resolved
T00871,CU0845,A005,C05,Web,2025-05-27 16:00:00,2025-05-28 16:39:55.204324808,24.67,1,0,2,Resolved
T00872,CU0848,A005,C04,Email,2025-11-16 08:00:00,2025-11-16 23:41:45.281555152,15.7,1,0,5,Resolved
T00873,CU0454,A001,C04,Web,2025-06-28 11:00:00,,13.31,1,0,4,Open
T00874,CU0185,A017,C03,Web,2025-02-19 08:00:00,2025-02-19 20:21:49.842545968,12.36,1,0,5,Resolved
T00875,CU0700,A009,C02,Email,2025-11-07 20:00:00,2025-11-08 07:23:22.922036005,11.39,1,0,5,Resolved
T00876,CU0102,A003,C04,Chat,2025-04-27 08:00:00,2025-04-27 17:53:52.245519972,9.9,1,0,5,Resolved
T00877,CU0325,A011,C01,Chat,2025-12-09 18:00:00,2025-12-10 09:36:47.816825878,15.61,0,0,4,Resolved
T00878,CU0479,A008,C03,Email,2025-05-15 14:00:00,2025-05-16 01:44:31.372475676,11.74,1,0,5,Resolved
T00879,CU0778,A004,C05,Web,2025-11-14 15:00:00,2025-11-15 13:25:23.420556163,22.42,1,0,4,Resolved
T00880,CU0879,A009,C01,Web,2025-07-16 18:00:00,,6.16,1,0,5,Open
T00881,CU0737,A011,C01,Chat,2025-06-20 19:00:00,2025-06-20 23:06:22.700639545,4.11,1,0,5,Resolved
T00882,CU0437,A012,C05,Email,2025-04-19 09:00:00,2025-04-20 20:35:33.498901010,35.59,1,0,5,Resolved
T00883,CU0077,A005,C03,Chat,2025-11-02 08:00:00,2025-11-03 02:37:31.011039390,18.63,1,0,4,Resolved
T00884,CU0720,A012,C06,Chat,2025-01-23 09:00:00,2025-01-25 05:31:40.872754228,44.53,0,0,5,Resolved
T00885,CU0772,A015,C06,Chat,2025-06-21 16:00:00,2025-06-23 07:56:42.916080804,39.95,0,0,5,Resolved
T00886,CU0426,A012,C06,Chat,2025-05-15 15:00:00,2025-05-19 08:41:46.578460441,89.7,0,1,4,Resolved
T00887,CU0499,A018,C04,Chat,2025-07-18 09:00:00,2025-07-18 22:37:10.691089356,13.62,1,0,5,Resolved
T00888,CU0766,A017,C02,Email,2025-04-03 11:00:00,2025-04-03 23:27:04.410639298,12.45,1,0,5,Resolved
T00889,CU0119,A009,C05,Chat,2025-08-31 14:00:00,2025-09-01 16:04:56.556264882,26.08,1,0,5,Resolved
T00890,CU0732,A008,C05,Web,2025-05-21 17:00:00,2025-05-23 11:24:45.648872798,42.41,1,0,5,Resolved
T00891,CU0462,A009,C05,Chat,2025-03-10 12:00:00,2025-03-11 20:41:54.412580209,32.7,1,0,5,Resolved
T00892,CU0618,A009,C03,Chat,2025-03-13 20:00:00,2025-03-14 18:47:20.828080572,22.79,1,0,5,Resolved
T00893,CU0172,A004,C01,Chat,2025-09-12 20:00:00,2025-09-13 02:07:59.058197846,6.13,1,0,4,Resolved
T00894,CU0554,A018,C02,Chat,2025-04-06 17:00:00,2025-04-07 09:23:59.874826308,16.4,1,0,5,Resolved
T00895,CU0242,A011,C02,Chat,2025-04-23 13:00:00,2025-04-24 04:21:15.568031653,15.35,1,0,4,Resolved
T00896,CU0467,A003,C01,Chat,2025-08-17 19:00:00,2025-08-18 05:54:04.104653072,10.9,1,0,5,Resolved
T00897,CU0473,A017,C06,Email,2025-05-01 17:00:00,,18.38,1,0,5,Open
T00898,CU0862,A018,C01,Chat,2025-05-22 14:00:00,2025-05-23 03:39:44.153042882,13.66,0,0,4,Resolved
T00899,CU0604,A011,C05,Email,2025-03-31 13:00:00,2025-04-03 18:59:36.635136781,77.99,0,0,4,Resolved
T00900,CU0502,A018,C06,Chat,2025-05-07 18:00:00,2025-05-08 09:10:06.605675259,15.17,1,0,5,Resolved
T00901,CU0362,A018,C03,Chat,2025-09-10 15:00:00,2025-09-11 21:05:32.701167387,30.09,0,0,4,Resolved
T00902,CU0304,A018,C04,Chat,2025-07-14 10:00:00,2025-07-14 13:51:22.882800711,3.86,1,0,5,Resolved
T00903,CU0588,A018,C05,Chat,2025-12-31 20:00:00,2026-01-02 13:52:56.035507749,41.88,1,0,5,Resolved
T00904,CU0794,A002,C03,Email,2025-10-09 08:00:00,2025-10-09 15:19:39.247251776,7.33,1,0,5,Resolved
T00905,CU0516,A001,C04,Chat,2025-01-07 17:00:00,2025-01-08 03:35:46.906645704,10.6,1,1,4,Resolved
T00906,CU0595,A011,C06,Email,2025-05-19 16:00:00,2025-05-20 05:50:46.514417092,13.85,1,0,5,Resolved
T00907,CU0296,A014,C05,Web,2025-04-16 15:00:00,2025-04-17 19:08:00.700740931,28.13,1,0,5,Resolved
T00908,CU0503,A016,C06,Chat,2025-08-03 08:00:00,2025-08-05 15:04:32.302494015,55.08,0,0,5,Resolved
T00909,CU0515,A012,C06,Web,2025-04-07 14:00:00,2025-04-08 03:13:21.751672288,13.22,1,1,5,Resolved
T00910,CU0614,A006,C03,Email,2025-12-19 19:00:00,2025-12-20 09:27:39.189414920,14.46,1,0,3,Resolved
T00911,CU0285,A017,C05,Email,2025-04-20 11:00:00,,24.61,1,0,4,Open
T00912,CU0314,A011,C05,Web,2025-07-10 16:00:00,2025-07-14 15:22:35.884737055,95.38,0,0,3,Resolved
T00913,CU0324,A013,C05,Chat,2025-02-14 19:00:00,2025-02-16 08:38:52.776421735,37.65,1,0,4,Resolved
T00914,CU0379,A005,C05,Email,2025-11-29 20:00:00,2025-11-30 18:15:59.965561890,22.27,1,1,2,Resolved
T00915,CU0263,A014,C05,Chat,2025-11-29 14:00:00,2025-11-30 15:04:33.015074984,25.08,1,0,4,Resolved
T00916,CU0177,A003,C06,Email,2025-10-17 12:00:00,,50.36,0,0,4,Open
T00917,CU0451,A016,C03,Chat,2025-05-09 17:00:00,2025-05-10 16:26:43.728913590,23.45,1,0,4,Resolved
T00918,CU0770,A016,C05,Chat,2025-01-22 14:00:00,2025-01-23 10:30:26.370517356,20.51,1,0,4,Resolved
T00919,CU0029,A013,C03,Web,2025-09-17 16:00:00,2025-09-18 11:17:45.173424908,19.3,1,0,5,Resolved
T00920,CU0600,A018,C05,Chat,2025-06-06 17:00:00,2025-06-07 20:53:15.956562375,27.89,1,0,5,Resolved
T00921,CU0735,A017,C06,Chat,2025-12-28 17:00:00,2025-12-29 12:37:28.565394225,19.62,1,0,4,Resolved
T00922,CU0742,A002,C06,Chat,2025-09-12 11:00:00,2025-09-13 04:29:25.610759484,17.49,1,0,5,Resolved
T00923,CU0768,A004,C04,Email,2025-07-16 17:00:00,2025-07-17 03:22:45.933646594,10.38,1,0,5,Resolved
T00924,CU0286,A003,C04,Chat,2025-12-27 15:00:00,2025-12-28 11:33:12.875082505,20.55,0,0,4,Resolved
T00925,CU0091,A006,C03,Chat,2025-10-20 20:00:00,2025-10-21 10:19:14.122096500,14.32,1,0,4,Resolved
T00926,CU0896,A011,C02,Web,2025-06-17 16:00:00,2025-06-18 05:21:51.779412939,13.36,1,0,5,Resolved
T00927,CU0630,A003,C02,Chat,2025-01-07 19:00:00,2025-01-08 09:54:50.051098245,14.91,1,0,5,Resolved
T00928,CU0322,A002,C06,Chat,2025-02-03 20:00:00,2025-02-06 15:49:56.516822979,67.83,0,0,3,Resolved
T00929,CU0767,A012,C03,Email,2025-06-11 20:00:00,2025-06-12 13:04:04.899901220,17.07,1,0,5,Resolved
T00930,CU0319,A012,C06,Chat,2025-07-25 17:00:00,2025-07-28 06:46:36.004280851,61.78,0,0,4,Resolved
T00931,CU0675,A007,C02,Chat,2025-01-12 15:00:00,2025-01-13 01:41:45.846913815,10.7,1,0,5,Resolved
T00932,CU0865,A013,C05,Email,2025-02-16 09:00:00,2025-02-17 12:35:04.549203031,27.58,1,0,5,Resolved
T00933,CU0692,A011,C05,Email,2025-09-15 13:00:00,2025-09-17 12:05:15.487064034,47.09,1,0,4,Resolved
T00934,CU0590,A008,C05,Chat,2025-10-02 14:00:00,2025-10-03 11:52:52.285339880,21.88,1,0,5,Resolved
T00935,CU0173,A002,C05,Email,2025-01-11 18:00:00,2025-01-12 22:17:04.225638217,28.28,1,0,5,Resolved
T00936,CU0841,A014,C05,Email,2025-07-05 15:00:00,2025-07-08 12:49:28.122318102,69.82,0,0,3,Resolved
T00937,CU0384,A012,C06,Email,2025-01-30 13:00:00,2025-01-31 06:26:20.569192749,17.44,1,0,4,Resolved
T00938,CU0561,A003,C04,Email,2025-09-22 09:00:00,2025-09-22 23:04:50.030801349,14.08,1,0,5,Resolved
T00939,CU0551,A004,C01,Email,2025-11-01 17:00:00,2025-11-02 04:00:18.868632055,11.01,1,0,5,Resolved
T00940,CU0222,A006,C02,Chat,2025-11-14 13:00:00,2025-11-14 22:39:37.876543596,9.66,1,0,4,Resolved
T00941,CU0543,A004,C05,Chat,2025-08-07 08:00:00,2025-08-10 12:39:13.334364705,76.65,0,0,4,Resolved
T00942,CU0352,A015,C04,Chat,2025-08-18 11:00:00,2025-08-19 01:32:58.005563794,14.55,1,0,4,Resolved
T00943,CU0315,A017,C04,Chat,2025-12-05 19:00:00,2025-12-06 05:12:44.178646338,10.21,1,0,4,Resolved
T00944,CU0774,A002,C05,Web,2025-08-12 09:00:00,2025-08-13 03:58:00.830004430,18.97,1,0,4,Resolved
T00945,CU0650,A005,C03,Chat,2025-06-12 13:00:00,2025-06-13 03:22:09.157149120,14.37,1,0,5,Resolved
T00946,CU0441,A006,C06,Chat,2025-10-03 14:00:00,2025-10-04 19:33:00.922135780,29.55,1,0,5,Resolved
T00947,CU0018,A018,C05,Chat,2025-08-04 09:00:00,2025-08-08 15:41:43.312110864,102.7,0,0,4,Resolved
T00948,CU0639,A012,C05,Email,2025-11-04 10:00:00,2025-11-06 02:01:34.764407785,40.03,1,0,4,Resolved
T00949,CU0665,A018,C05,Web,2025-07-11 20:00:00,2025-07-15 18:49:22.079066916,94.82,0,1,3,Resolved
T00950,CU0150,A005,C06,Chat,2025-11-14 15:00:00,2025-11-15 05:30:32.902488802,14.51,1,0,5,Resolved
T00951,CU0682,A002,C05,Web,2025-01-17 10:00:00,2025-01-18 21:43:19.353638096,35.72,1,1,3,Resolved
T00952,CU0360,A009,C06,Chat,2025-01-14 10:00:00,2025-01-16 05:18:09.211051072,43.3,0,0,4,Resolved
T00953,CU0660,A015,C01,Web,2025-02-06 13:00:00,2025-02-06 19:32:44.613250422,6.55,1,1,4,Resolved
T00954,CU0756,A016,C05,Web,2025-07-23 17:00:00,2025-07-27 09:11:45.965819652,88.2,0,1,4,Resolved
T00955,CU0631,A009,C05,Chat,2025-09-16 17:00:00,2025-09-20 00:27:22.231976374,79.46,0,1,4,Resolved
T00956,CU0847,A005,C04,Web,2025-03-20 10:00:00,2025-03-20 22:26:51.049967276,12.45,1,0,4,Resolved
T00957,CU0069,A001,C03,Chat,2025-02-26 17:00:00,2025-02-27 07:39:45.208435993,14.66,1,0,5,Resolved
T00958,CU0292,A008,C04,Chat,2025-11-11 19:00:00,2025-11-12 02:03:26.277742490,7.06,1,0,5,Resolved
T00959,CU0054,A010,C03,Chat,2025-10-01 10:00:00,2025-10-02 23:47:36.177713016,37.79,0,0,4,Resolved
T00960,CU0156,A001,C06,Chat,2025-08-25 08:00:00,2025-08-27 10:10:42.929880610,50.18,0,0,4,Resolved
T00961,CU0337,A017,C03,Web,2025-06-28 20:00:00,2025-06-29 15:48:57.664772650,19.82,1,0,5,Resolved
T00962,CU0022,A013,C02,Email,2025-06-03 14:00:00,2025-06-04 01:37:34.896378630,11.63,1,0,5,Resolved
T00963,CU0357,A006,C05,Email,2025-01-08 18:00:00,2025-01-10 01:31:58.212120727,31.53,1,0,5,Resolved
T00964,CU0115,A007,C03,Web,2025-03-10 12:00:00,2025-03-11 06:18:28.667704780,18.31,1,0,5,Resolved
T00965,CU0102,A007,C01,Chat,2025-11-24 11:00:00,2025-11-24 20:34:37.931244013,9.58,1,0,4,Resolved
T00966,CU0753,A016,C04,Chat,2025-05-04 10:00:00,2025-05-05 04:40:30.909650710,18.68,0,1,4,Resolved
T00967,CU0670,A014,C04,Web,2025-09-15 10:00:00,2025-09-15 19:54:03.863833290,9.9,1,0,5,Resolved
T00968,CU0411,A002,C02,Chat,2025-09-14 14:00:00,2025-09-14 23:15:44.159131576,9.26,1,0,5,Resolved
T00969,CU0511,A006,C05,Email,2025-04-23 09:00:00,2025-04-25 00:16:54.923903547,39.28,1,1,3,Resolved
T00970,CU0263,A015,C04,Chat,2025-03-16 18:00:00,2025-03-16 23:00:39.816025948,5.01,1,0,4,Resolved
T00971,CU0438,A007,C06,Chat,2025-09-10 14:00:00,2025-09-11 22:38:31.563204374,32.64,1,0,4,Resolved
T00972,CU0699,A015,C03,Chat,2025-02-04 19:00:00,2025-02-05 08:31:07.515076544,13.52,1,0,5,Resolved
T00973,CU0470,A010,C02,Chat,2025-06-30 14:00:00,2025-07-01 07:28:03.126059259,17.47,1,0,5,Resolved
T00974,CU0715,A014,C06,Chat,2025-11-21 11:00:00,2025-11-24 00:00:37.472812192,61.01,0,0,4,Resolved
T00975,CU0437,A010,C04,Chat,2025-09-17 14:00:00,2025-09-17 19:52:08.512158234,5.87,1,0,4,Resolved
T00976,CU0326,A014,C01,Chat,2025-10-06 10:00:00,2025-10-07 08:15:38.681353404,22.26,0,0,4,Resolved
T00977,CU0806,A008,C06,Email,2025-01-31 18:00:00,2025-02-01 21:27:47.118136017,27.46,1,1,2,Resolved
T00978,CU0812,A005,C02,Chat,2025-03-14 17:00:00,2025-03-15 09:22:19.122080235,16.37,1,0,5,Resolved
T00979,CU0206,A016,C06,Chat,2025-04-11 09:00:00,2025-04-11 22:13:34.398233698,13.23,1,0,3,Resolved
T00980,CU0417,A008,C05,Chat,2025-04-17 15:00:00,2025-04-19 15:32:57.416132691,48.55,0,0,5,Resolved
T00981,CU0696,A001,C06,Chat,2025-03-12 14:00:00,2025-03-13 15:28:15.408918408,25.47,1,0,5,Resolved
T00982,CU0236,A007,C06,Chat,2025-12-21 10:00:00,2025-12-22 10:19:04.683824558,24.32,1,0,5,Resolved
T00983,CU0674,A008,C02,Chat,2025-03-02 09:00:00,2025-03-02 14:51:16.693854922,5.85,1,0,4,Resolved
T00984,CU0810,A005,C06,Chat,2025-09-16 17:00:00,2025-09-18 08:02:06.032030992,39.04,0,0,5,Resolved
T00985,CU0213,A016,C03,Web,2025-08-03 11:00:00,2025-08-04 18:50:20.883040886,31.84,0,0,5,Resolved
T00986,CU0138,A009,C05,Chat,2025-08-11 14:00:00,2025-08-13 08:05:58.271352640,42.1,1,0,5,Resolved
T00987,CU0851,A007,C05,Chat,2025-03-20 11:00:00,2025-03-22 15:34:55.778140632,52.58,0,0,5,Resolved
T00988,CU0897,A013,C01,Email,2025-04-23 16:00:00,2025-04-24 05:19:10.930870228,13.32,0,0,4,Resolved
T00989,CU0773,A012,C01,Chat,2025-08-10 08:00:00,2025-08-10 15:40:25.590711748,7.67,1,0,4,Resolved
T00990,CU0552,A009,C01,Chat,2025-04-20 12:00:00,2025-04-21 04:23:57.723656820,16.4,0,0,5,Resolved
T00991,CU0077,A018,C01,Chat,2025-09-11 15:00:00,2025-09-12 01:27:03.099080664,10.45,1,0,4,Resolved
T00992,CU0824,A018,C02,Email,2025-01-15 13:00:00,2025-01-16 03:19:00.944876413,14.32,1,0,5,Resolved
T00993,CU0179,A009,C06,Web,2025-01-27 15:00:00,2025-01-28 17:08:19.357667138,26.14,1,0,5,Resolved
T00994,CU0161,A013,C04,Chat,2025-09-23 10:00:00,2025-09-24 00:31:33.981298575,14.53,1,0,5,Resolved
T00995,CU0646,A001,C06,Web,2025-08-14 13:00:00,2025-08-15 00:33:41.804485768,11.56,1,0,4,Resolved
T00996,CU0351,A008,C06,Email,2025-01-16 17:00:00,2025-01-17 21:03:26.275632886,28.06,1,1,3,Resolved
T00997,CU0781,A008,C05,Email,2025-11-25 12:00:00,2025-11-26 04:46:49.425113899,16.78,1,0,5,Resolved
T00998,CU0786,A008,C03,Chat,2025-01-02 10:00:00,2025-01-03 21:20:30.226897186,35.34,0,0,4,Resolved
T00999,CU0725,A016,C06,Web,2025-12-15 19:00:00,2025-12-17 22:02:24.649004468,51.04,0,0,4,Resolved
T01000,CU0754,A011,C05,Chat,2025-09-24 18:00:00,2025-09-28 05:48:45.805064482,83.81,0,1,3,Resolved
T01001,CU0492,A009,C05,Chat,2025-12-27 16:00:00,2025-12-28 19:50:44.349764276,27.85,1,0,5,Resolved
T01002,CU0785,A008,C06,Email,2025-12-13 18:00:00,2025-12-14 09:52:59.929209170,15.88,1,0,4,Resolved
T01003,CU0824,A012,C05,Web,2025-04-25 18:00:00,2025-04-26 17:03:34.027486088,23.06,1,0,4,Resolved
T01004,CU0253,A004,C04,Chat,2025-10-04 17:00:00,2025-10-05 19:21:58.438064818,26.37,0,0,4,Resolved
T01005,CU0383,A005,C06,Chat,2025-03-18 14:00:00,2025-03-19 08:18:32.021578472,18.31,1,0,5,Resolved
T01006,CU0556,A010,C04,Web,2025-06-22 08:00:00,2025-06-22 11:48:39.404379556,3.81,1,0,5,Resolved
T01007,CU0774,A006,C06,Email,2025-03-29 15:00:00,2025-03-31 06:44:37.172017104,39.74,0,0,4,Resolved
T01008,CU0351,A013,C01,Email,2025-06-27 11:00:00,2025-06-28 02:42:56.957345010,15.72,0,0,4,Resolved
T01009,CU0235,A017,C01,Chat,2025-11-15 18:00:00,2025-11-16 10:52:45.515352828,16.88,0,0,5,Resolved
T01010,CU0289,A007,C04,Chat,2025-06-09 14:00:00,2025-06-10 07:33:06.187191717,17.55,1,0,4,Resolved
T01011,CU0720,A011,C01,Web,2025-02-03 19:00:00,2025-02-04 08:44:14.805973863,13.74,0,0,4,Resolved
T01012,CU0469,A006,C06,Chat,2025-04-29 15:00:00,2025-04-30 16:36:09.567322664,25.6,1,0,4,Resolved
T01013,CU0230,A015,C01,Email,2025-10-15 15:00:00,2025-10-15 18:08:34.016514489,3.14,1,0,5,Resolved
T01014,CU0644,A004,C05,Email,2025-07-10 19:00:00,2025-07-12 18:24:48.803340142,47.41,1,0,5,Resolved
T01015,CU0595,A010,C02,Web,2025-07-24 14:00:00,2025-07-25 13:42:12.808090033,23.7,1,0,5,Resolved
T01016,CU0467,A007,C06,Email,2025-06-07 12:00:00,,23.52,1,0,5,Open
T01017,CU0558,A014,C03,Chat,2025-04-17 12:00:00,2025-04-18 03:40:17.022824018,15.67,1,0,5,Resolved
T01018,CU0208,A005,C01,Email,2025-08-07 19:00:00,2025-08-08 01:38:08.145877732,6.64,1,0,5,Resolved
T01019,CU0165,A004,C01,Web,2025-08-20 17:00:00,2025-08-20 23:31:27.139842181,6.52,1,0,5,Resolved
T01020,CU0727,A014,C04,Web,2025-11-24 10:00:00,2025-11-25 11:09:18.490870954,25.16,0,0,5,Resolved
T01021,CU0613,A011,C06,Chat,2025-08-14 14:00:00,2025-08-19 01:04:40.617133737,107.08,0,1,2,Resolved
T01022,CU0881,A012,C06,Chat,2025-12-30 12:00:00,2025-12-31 12:58:12.855013240,24.97,1,0,5,Resolved
T01023,CU0846,A015,C03,Email,2025-10-29 16:00:00,2025-10-30 15:32:28.129104625,23.54,1,1,2,Resolved
T01024,CU0327,A006,C04,Email,2025-01-29 08:00:00,2025-01-29 15:04:28.515234032,7.07,1,0,5,Resolved
T01025,CU0417,A005,C01,Chat,2025-05-24 17:00:00,2025-05-25 03:40:56.743708659,10.68,1,0,5,Resolved
T01026,CU0765,A018,C04,Chat,2025-05-21 17:00:00,2025-05-22 17:16:55.380504093,24.28,0,0,5,Resolved
T01027,CU0004,A003,C05,Chat,2025-01-02 10:00:00,2025-01-03 01:34:39.324590327,15.58,1,0,5,Resolved
T01028,CU0778,A012,C02,Chat,2025-03-07 09:00:00,2025-03-08 02:14:59.544871015,17.25,1,0,5,Resolved
T01029,CU0151,A007,C05,Chat,2025-10-06 16:00:00,2025-10-08 07:30:35.062561472,39.51,1,0,5,Resolved
T01030,CU0235,A003,C06,Web,2025-05-09 11:00:00,2025-05-10 18:41:57.954495519,31.7,1,0,5,Resolved
T01031,CU0434,A018,C01,Email,2025-02-23 20:00:00,2025-02-24 12:45:18.770327445,16.76,0,0,5,Resolved
T01032,CU0635,A015,C02,Chat,2025-04-15 18:00:00,2025-04-17 04:59:49.600843119,35.0,0,0,4,Resolved
T01033,CU0319,A004,C02,Email,2025-04-11 20:00:00,2025-04-12 08:36:13.286102896,12.6,1,0,3,Resolved
T01034,CU0845,A014,C01,Chat,2025-03-05 14:00:00,2025-03-06 00:49:49.935144781,10.83,1,0,5,Resolved
T01035,CU0705,A014,C02,Email,2025-02-06 20:00:00,2025-02-07 10:32:27.089700316,14.54,1,0,5,Resolved
T01036,CU0666,A010,C05,Web,2025-10-06 08:00:00,2025-10-07 07:19:30.804094596,23.33,1,0,5,Resolved
T01037,CU0696,A018,C01,Chat,2025-10-28 11:00:00,2025-10-28 20:02:12.570532800,9.04,1,0,4,Resolved
T01038,CU0028,A005,C05,Web,2025-07-01 08:00:00,2025-07-03 23:20:28.439125252,63.34,0,0,4,Resolved
T01039,CU0741,A002,C06,Chat,2025-08-13 16:00:00,2025-08-15 09:37:55.072214187,41.63,0,0,4,Resolved
T01040,CU0545,A015,C06,Email,2025-12-02 14:00:00,2025-12-03 06:48:58.415232952,16.82,1,0,5,Resolved
T01041,CU0168,A007,C05,Web,2025-11-04 11:00:00,2025-11-05 12:09:47.728967148,25.16,1,0,5,Resolved
T01042,CU0701,A003,C02,Email,2025-01-12 11:00:00,2025-01-12 22:24:11.724140322,11.4,1,0,5,Resolved
T01043,CU0096,A018,C01,Chat,2025-12-14 16:00:00,2025-12-14 21:28:32.946594387,5.48,1,0,4,Resolved
T01044,CU0557,A008,C02,Chat,2025-01-25 10:00:00,2025-01-26 05:40:05.370018693,19.67,1,1,4,Resolved
T01045,CU0513,A016,C06,Chat,2025-01-10 14:00:00,,30.18,1,0,4,Open
T01046,CU0026,A015,C06,Chat,2025-05-28 15:00:00,2025-05-30 14:23:40.782805353,47.39,0,1,3,Resolved
T01047,CU0338,A006,C03,Chat,2025-09-30 11:00:00,2025-10-01 01:47:34.228547394,14.79,1,0,5,Resolved
T01048,CU0109,A015,C03,Chat,2025-01-30 10:00:00,2025-01-30 23:06:34.708616064,13.11,1,0,4,Resolved
T01049,CU0852,A009,C04,Email,2025-04-17 12:00:00,2025-04-18 10:08:29.228665178,22.14,0,0,5,Resolved
T01050,CU0722,A012,C03,Chat,2025-04-06 15:00:00,2025-04-07 06:47:13.392589502,15.79,1,0,5,Resolved
T01051,CU0897,A006,C06,Chat,2025-05-26 11:00:00,2025-05-27 12:20:28.617249786,25.34,1,0,3,Resolved
T01052,CU0440,A001,C02,Email,2025-12-26 12:00:00,,12.94,1,0,5,Open
T01053,CU0296,A004,C03,Chat,2025-05-01 15:00:00,2025-05-02 19:18:21.948113714,28.31,0,0,5,Resolved
T01054,CU0863,A006,C04,Email,2025-03-18 10:00:00,2025-03-19 04:38:17.247655017,18.64,0,0,5,Resolved
T01055,CU0277,A010,C01,Email,2025-02-14 15:00:00,,16.11,0,1,5,Open
T01056,CU0374,A016,C03,Email,2025-03-14 09:00:00,2025-03-15 02:12:16.063223922,17.2,1,0,5,Resolved
T01057,CU0121,A004,C06,Chat,2025-02-18 09:00:00,2025-02-19 01:52:57.124746822,16.88,1,0,5,Resolved
T01058,CU0740,A013,C02,Email,2025-07-29 11:00:00,2025-07-31 05:37:02.743092710,42.62,0,0,5,Resolved
T01059,CU0108,A014,C05,Email,2025-06-03 11:00:00,2025-06-05 08:34:24.573236663,45.57,1,0,4,Resolved
T01060,CU0032,A015,C03,Chat,2025-07-01 08:00:00,2025-07-02 01:43:04.532638364,17.72,1,0,4,Resolved
T01061,CU0750,A015,C02,Email,2025-10-31 20:00:00,2025-11-01 22:34:11.335313549,26.57,0,0,3,Resolved
T01062,CU0757,A002,C01,Web,2025-07-31 12:00:00,2025-07-31 20:02:48.570117388,8.05,1,0,5,Resolved
T01063,CU0769,A004,C02,Chat,2025-02-26 18:00:00,2025-02-28 02:13:27.931672675,32.22,0,1,5,Resolved
T01064,CU0774,A017,C01,Chat,2025-05-18 19:00:00,2025-05-19 10:33:34.100426167,15.56,0,0,5,Resolved
T01065,CU0128,A012,C03,Email,2025-04-25 18:00:00,2025-04-26 05:13:46.274895188,11.23,1,0,4,Resolved
T01066,CU0326,A005,C06,Email,2025-10-29 18:00:00,2025-10-31 09:37:38.229398518,39.63,0,1,4,Resolved
T01067,CU0689,A018,C05,Email,2025-04-23 09:00:00,2025-04-25 05:04:42.740599224,44.08,1,0,4,Resolved
T01068,CU0279,A006,C06,Chat,2025-02-20 12:00:00,2025-02-23 21:05:31.390361422,81.09,0,0,2,Resolved
T01069,CU0701,A006,C04,Chat,2025-09-26 17:00:00,2025-09-27 03:04:54.045545509,10.08,1,0,5,Resolved
T01070,CU0819,A016,C05,Email,2025-06-06 15:00:00,2025-06-09 02:03:52.542767181,59.06,0,0,3,Resolved
T01071,CU0866,A018,C05,Email,2025-02-04 08:00:00,2025-02-05 15:14:34.525731613,31.24,1,0,5,Resolved
T01072,CU0700,A008,C02,Chat,2025-09-09 15:00:00,2025-09-10 01:15:00.952746354,10.25,1,0,5,Resolved
T01073,CU0718,A012,C03,Web,2025-03-18 18:00:00,2025-03-19 10:06:23.179687156,16.11,1,0,5,Resolved
T01074,CU0539,A012,C04,Email,2025-11-13 18:00:00,2025-11-14 05:00:43.946409708,11.01,1,0,5,Resolved
T01075,CU0071,A005,C06,Email,2025-10-31 12:00:00,2025-11-01 03:31:25.730734170,15.52,1,0,5,Resolved
T01076,CU0393,A010,C04,Web,2025-05-15 11:00:00,2025-05-15 23:39:32.626797393,12.66,1,0,5,Resolved
T01077,CU0858,A002,C02,Chat,2025-07-22 12:00:00,2025-07-23 21:38:32.065330106,33.64,0,1,4,Resolved
T01078,CU0821,A016,C06,Chat,2025-07-27 11:00:00,2025-07-29 05:01:56.622772372,42.03,0,0,5,Resolved
T01079,CU0215,A015,C01,Chat,2025-08-27 12:00:00,2025-08-27 20:01:27.403205430,8.02,1,0,5,Resolved
T01080,CU0673,A003,C06,Chat,2025-01-26 11:00:00,2025-01-27 10:23:03.356845839,23.38,1,0,5,Resolved
T01081,CU0277,A011,C06,Chat,2025-04-29 13:00:00,2025-04-30 19:26:15.742067809,30.44,1,1,3,Resolved
T01082,CU0376,A002,C06,Email,2025-03-04 08:00:00,2025-03-05 17:38:00.457354942,33.63,1,1,3,Resolved
T01083,CU0585,A002,C06,Email,2025-09-12 11:00:00,2025-09-15 01:13:11.483209797,62.22,0,0,4,Resolved
T01084,CU0448,A012,C02,Chat,2025-01-26 12:00:00,2025-01-27 03:49:20.842843206,15.82,1,0,5,Resolved
T01085,CU0544,A015,C05,Chat,2025-07-08 09:00:00,2025-07-09 09:54:25.141677318,24.91,1,0,5,Resolved
T01086,CU0089,A016,C06,Email,2025-09-23 19:00:00,2025-09-25 00:19:05.242973991,29.32,1,0,4,Resolved
T01087,CU0268,A006,C05,Email,2025-12-13 16:00:00,2025-12-15 01:24:16.928266824,33.4,1,0,5,Resolved
T01088,CU0730,A017,C02,Web,2025-04-16 19:00:00,2025-04-17 18:13:03.588691900,23.22,1,0,4,Resolved
T01089,CU0558,A010,C02,Chat,2025-01-03 15:00:00,2025-01-04 21:37:43.497431263,30.63,0,1,4,Resolved
T01090,CU0758,A008,C03,Chat,2025-09-22 09:00:00,2025-09-24 09:21:37.532043795,48.36,0,0,5,Resolved
T01091,CU0869,A007,C04,Web,2025-01-01 19:00:00,2025-01-02 06:39:57.311199356,11.67,1,0,5,Resolved
T01092,CU0321,A014,C05,Chat,2025-01-25 13:00:00,2025-01-27 08:42:20.174650995,43.71,1,0,4,Resolved
T01093,CU0238,A007,C06,Email,2025-12-28 16:00:00,2025-12-29 04:59:32.806663569,12.99,1,0,5,Resolved
T01094,CU0279,A008,C06,Chat,2025-11-11 12:00:00,2025-11-12 18:20:08.224701399,30.34,1,0,5,Resolved
T01095,CU0516,A007,C05,Chat,2025-09-16 14:00:00,2025-09-17 18:51:39.773767737,28.86,1,0,5,Resolved
T01096,CU0228,A006,C02,Email,2025-11-01 14:00:00,2025-11-02 03:36:41.383724511,13.61,1,0,5,Resolved
T01097,CU0352,A008,C04,Email,2025-01-28 11:00:00,2025-01-30 06:00:18.953648902,43.01,0,0,4,Resolved
T01098,CU0157,A001,C03,Chat,2025-02-02 15:00:00,2025-02-03 10:29:17.772296809,19.49,1,0,4,Resolved
T01099,CU0348,A016,C02,Web,2025-04-20 17:00:00,2025-04-21 04:34:44.363613666,11.58,1,1,3,Resolved
T01100,CU0854,A005,C01,Web,2025-01-09 08:00:00,2025-01-09 17:36:40.925830856,9.61,1,0,5,Resolved
T01101,CU0382,A009,C03,Email,2025-11-21 09:00:00,2025-11-21 22:28:15.128788710,13.47,1,0,5,Resolved
T01102,CU0684,A004,C02,Web,2025-01-21 18:00:00,2025-01-22 03:05:09.198045877,9.09,1,0,5,Resolved
T01103,CU0388,A010,C05,Web,2025-07-18 15:00:00,2025-07-24 18:10:31.597307828,147.18,0,1,2,Resolved
T01104,CU0391,A005,C01,Email,2025-11-08 20:00:00,2025-11-09 08:55:45.987341325,12.93,0,0,5,Resolved
T01105,CU0593,A004,C02,Email,2025-09-26 15:00:00,2025-09-27 11:56:04.981761254,20.93,1,0,4,Resolved
T01106,CU0100,A006,C01,Email,2025-03-27 16:00:00,2025-03-27 22:42:24.458849128,6.71,1,0,4,Resolved
T01107,CU0320,A017,C05,Web,2025-06-21 19:00:00,2025-06-22 21:57:14.422104504,26.95,1,0,4,Resolved
T01108,CU0126,A016,C04,Email,2025-07-20 16:00:00,2025-07-21 20:11:14.347877762,28.19,0,0,4,Resolved
T01109,CU0180,A015,C03,Chat,2025-10-08 12:00:00,2025-10-09 07:30:53.285897901,19.51,1,0,4,Resolved
T01110,CU0639,A004,C02,Chat,2025-06-05 14:00:00,2025-06-05 18:15:57.127822246,4.27,1,1,5,Resolved
T01111,CU0158,A012,C06,Email,2025-04-15 11:00:00,2025-04-18 13:18:50.078331795,74.31,0,0,4,Resolved
T01112,CU0183,A015,C05,Web,2025-10-18 12:00:00,2025-10-19 21:39:42.674116791,33.66,1,0,4,Resolved
T01113,CU0516,A012,C05,Chat,2025-11-20 16:00:00,2025-11-22 04:10:47.580224224,36.18,1,0,5,Resolved
T01114,CU0314,A016,C04,Web,2025-06-28 09:00:00,2025-06-29 02:56:15.932813546,17.94,1,0,4,Resolved
T01115,CU0111,A004,C06,Chat,2025-01-11 16:00:00,2025-01-12 22:49:27.896928474,30.82,1,0,4,Resolved
T01116,CU0862,A009,C06,Chat,2025-07-02 15:00:00,2025-07-04 19:50:41.261632004,52.84,0,0,5,Resolved
T01117,CU0831,A006,C03,Web,2025-11-21 12:00:00,2025-11-22 02:02:55.720504179,14.05,1,0,5,Resolved
T01118,CU0524,A014,C05,Web,2025-12-28 08:00:00,2025-12-29 05:44:45.626215495,21.75,1,1,5,Resolved
T01119,CU0473,A003,C02,Email,2025-05-27 17:00:00,2025-05-28 08:52:53.810019469,15.88,1,0,5,Resolved
T01120,CU0728,A006,C05,Web,2025-02-24 18:00:00,2025-02-27 05:02:23.706204136,59.04,0,0,5,Resolved
T01121,CU0877,A013,C03,Web,2025-07-28 17:00:00,2025-07-29 09:15:27.464118267,16.26,1,0,5,Resolved
T01122,CU0094,A001,C01,Web,2025-10-31 13:00:00,2025-10-31 18:45:54.531107672,5.77,1,0,5,Resolved
T01123,CU0088,A005,C06,Web,2025-12-11 16:00:00,2025-12-13 11:18:28.350451735,43.31,0,0,4,Resolved
T01124,CU0298,A013,C06,Chat,2025-01-19 13:00:00,2025-01-20 09:21:02.532690777,20.35,1,0,5,Resolved
T01125,CU0275,A005,C03,Chat,2025-04-17 12:00:00,2025-04-18 02:07:56.199877114,14.13,1,0,4,Resolved
T01126,CU0807,A011,C06,Chat,2025-06-24 12:00:00,2025-06-25 13:47:07.748234941,25.79,1,1,4,Resolved
T01127,CU0458,A008,C03,Chat,2025-02-05 10:00:00,2025-02-06 02:30:36.335498054,16.51,1,0,5,Resolved
T01128,CU0730,A009,C04,Chat,2025-11-20 20:00:00,2025-11-21 01:25:05.412186861,5.42,1,0,5,Resolved
T01129,CU0601,A007,C06,Chat,2025-02-10 16:00:00,2025-02-11 15:55:38.587212710,23.93,1,1,4,Resolved
T01130,CU0652,A017,C03,Chat,2025-08-31 10:00:00,2025-09-01 10:08:12.600240540,24.14,0,0,5,Resolved
T01131,CU0861,A013,C04,Email,2025-12-02 19:00:00,2025-12-03 07:09:44.776546664,12.16,1,0,3,Resolved
T01132,CU0529,A014,C05,Chat,2025-09-08 09:00:00,2025-09-11 15:50:34.817383208,78.84,0,0,3,Resolved
T01133,CU0699,A015,C01,Chat,2025-10-06 15:00:00,2025-10-07 09:18:17.591110459,18.3,0,0,4,Resolved
T01134,CU0243,A008,C04,Chat,2025-04-07 10:00:00,2025-04-08 07:43:33.844322913,21.73,0,0,5,Resolved
T01135,CU0234,A002,C03,Chat,2025-10-30 12:00:00,2025-10-31 13:39:24.320504685,25.66,0,0,4,Resolved
T01136,CU0527,A001,C05,Email,2025-06-02 16:00:00,2025-06-03 20:59:35.031409674,28.99,1,0,4,Resolved
T01137,CU0812,A009,C01,Web,2025-01-23 20:00:00,2025-01-24 02:02:38.278496835,6.04,1,0,5,Resolved
T01138,CU0046,A016,C02,Email,2025-05-14 20:00:00,2025-05-15 10:06:47.118346862,14.11,1,0,4,Resolved
T01139,CU0451,A009,C05,Email,2025-05-08 19:00:00,2025-05-10 11:20:46.383409064,40.35,1,0,3,Resolved
T01140,CU0183,A018,C02,Web,2025-07-10 11:00:00,2025-07-11 18:38:48.848886096,31.65,0,1,5,Resolved
T01141,CU0796,A010,C04,Email,2025-04-07 09:00:00,2025-04-07 23:33:36.304543713,14.56,1,0,5,Resolved
T01142,CU0467,A012,C05,Chat,2025-06-18 19:00:00,,29.35,1,0,5,Open
T01143,CU0038,A002,C06,Chat,2025-06-06 20:00:00,2025-06-08 07:37:19.252357590,35.62,1,0,4,Resolved
T01144,CU0002,A014,C01,Email,2025-04-30 11:00:00,2025-05-01 01:06:33.480738478,14.11,0,0,5,Resolved
T01145,CU0576,A017,C06,Email,2025-09-12 08:00:00,2025-09-14 16:06:37.709771029,56.11,0,0,3,Resolved
T01146,CU0210,A010,C05,Web,2025-04-22 16:00:00,2025-04-23 22:33:23.829093082,30.56,1,0,4,Resolved
T01147,CU0038,A017,C03,Chat,2025-10-07 08:00:00,2025-10-07 19:40:52.350302060,11.68,1,0,5,Resolved
T01148,CU0138,A005,C06,Web,2025-04-02 08:00:00,2025-04-03 00:59:45.138625051,17.0,1,0,5,Resolved
T01149,CU0139,A009,C05,Chat,2025-11-12 20:00:00,2025-11-13 18:48:55.729718308,22.82,1,0,5,Resolved
T01150,CU0311,A017,C05,Web,2025-05-14 14:00:00,2025-05-16 08:27:29.801258330,42.46,1,1,3,Resolved
T01151,CU0647,A011,C04,Email,2025-01-15 09:00:00,2025-01-15 22:53:55.902980688,13.9,1,0,5,Resolved
T01152,CU0773,A013,C05,Chat,2025-02-24 16:00:00,2025-02-25 08:24:09.820737997,16.4,1,0,5,Resolved
T01153,CU0479,A008,C06,Chat,2025-10-22 12:00:00,2025-10-23 07:55:37.374325492,19.93,1,0,4,Resolved
T01154,CU0853,A010,C05,Chat,2025-11-15 14:00:00,2025-11-17 00:35:11.677829661,34.59,1,0,4,Resolved
T01155,CU0713,A007,C06,Chat,2025-03-19 19:00:00,2025-03-20 11:40:36.560047972,16.68,1,0,5,Resolved
T01156,CU0149,A013,C05,Web,2025-08-08 11:00:00,2025-08-10 19:55:06.224954156,56.92,0,0,4,Resolved
T01157,CU0662,A002,C06,Chat,2025-07-29 16:00:00,2025-07-31 08:06:55.175520938,40.12,0,1,4,Resolved
T01158,CU0208,A010,C06,Chat,2025-02-18 18:00:00,2025-02-19 12:03:12.413524687,18.05,1,0,4,Resolved
T01159,CU0867,A017,C02,Chat,2025-06-14 13:00:00,2025-06-15 03:20:21.260853970,14.34,1,0,5,Resolved
T01160,CU0763,A002,C02,Email,2025-09-11 20:00:00,2025-09-12 17:22:47.049471116,21.38,1,0,3,Resolved
T01161,CU0058,A009,C05,Chat,2025-12-20 13:00:00,2025-12-21 10:09:38.787031724,21.16,1,0,5,Resolved
T01162,CU0156,A012,C04,Chat,2025-11-06 13:00:00,2025-11-06 22:51:44.290464876,9.86,1,0,5,Resolved
T01163,CU0398,A002,C05,Web,2025-02-05 19:00:00,2025-02-07 17:40:44.223264494,46.68,1,1,4,Resolved
T01164,CU0668,A001,C06,Chat,2025-03-28 16:00:00,2025-03-29 09:44:31.233997197,17.74,1,0,4,Resolved
T01165,CU0498,A003,C06,Web,2025-06-09 19:00:00,2025-06-10 06:51:23.784420103,11.86,1,0,5,Resolved
T01166,CU0077,A004,C04,Chat,2025-02-24 18:00:00,2025-02-24 23:30:33.469466162,5.51,1,0,5,Resolved
T01167,CU0566,A016,C05,Email,2025-07-28 17:00:00,2025-07-30 07:47:34.662312553,38.79,1,0,4,Resolved
T01168,CU0584,A003,C02,Email,2025-01-04 11:00:00,2025-01-04 20:26:12.582745990,9.44,1,1,3,Resolved
T01169,CU0837,A012,C04,Chat,2025-02-11 13:00:00,2025-02-11 22:24:24.059675617,9.41,1,0,5,Resolved
T01170,CU0240,A007,C01,Email,2025-01-18 19:00:00,2025-01-19 11:55:22.323663645,16.92,0,0,4,Resolved
T01171,CU0035,A010,C04,Chat,2025-04-18 16:00:00,2025-04-18 21:54:54.734675011,5.92,1,0,5,Resolved
T01172,CU0675,A017,C04,Chat,2025-10-06 11:00:00,2025-10-06 20:41:11.048710372,9.69,1,0,5,Resolved
T01173,CU0633,A016,C05,Web,2025-03-06 12:00:00,2025-03-10 14:43:43.116818588,98.73,0,1,4,Resolved
T01174,CU0468,A002,C05,Web,2025-12-27 18:00:00,2025-12-29 07:14:59.168180097,37.25,1,0,5,Resolved
T01175,CU0623,A002,C03,Chat,2025-04-09 10:00:00,2025-04-10 00:24:26.427410334,14.41,1,0,5,Resolved
T01176,CU0162,A007,C01,Email,2025-01-17 09:00:00,2025-01-17 16:27:16.910612121,7.45,1,0,4,Resolved
T01177,CU0114,A015,C01,Chat,2025-05-03 17:00:00,2025-05-04 02:42:18.470053278,9.71,1,0,3,Resolved
T01178,CU0363,A014,C06,Chat,2025-10-01 11:00:00,2025-10-03 16:37:21.856628236,53.62,0,0,4,Resolved
T01179,CU0805,A012,C06,Chat,2025-02-08 17:00:00,,19.69,1,0,5,Open
T01180,CU0463,A016,C03,Email,2025-01-27 14:00:00,2025-01-28 02:05:20.085284958,12.09,1,0,4,Resolved
T01181,CU0576,A004,C02,Email,2025-11-07 20:00:00,,7.53,1,0,5,Open
T01182,CU0897,A014,C04,Chat,2025-08-05 14:00:00,2025-08-06 04:44:54.981361831,14.75,1,0,4,Resolved
T01183,CU0273,A018,C05,Web,2025-05-06 19:00:00,2025-05-07 15:05:28.091338695,20.09,1,1,4,Resolved
T01184,CU0433,A018,C03,Email,2025-10-03 19:00:00,2025-10-04 08:47:52.179529131,13.8,1,0,5,Resolved
T01185,CU0618,A013,C01,Chat,2025-11-05 10:00:00,2025-11-05 15:18:54.018777855,5.32,1,0,4,Resolved
T01186,CU0137,A013,C03,Chat,2025-05-12 20:00:00,2025-05-13 23:33:56.190279301,27.57,0,0,4,Resolved
T01187,CU0362,A005,C02,Email,2025-07-24 17:00:00,2025-07-25 07:15:19.606836232,14.26,1,0,5,Resolved
T01188,CU0500,A014,C03,Chat,2025-01-04 09:00:00,2025-01-05 05:19:28.561215720,20.32,1,0,5,Resolved
T01189,CU0274,A005,C02,Chat,2025-04-22 08:00:00,2025-04-22 14:48:07.181445330,6.8,1,0,5,Resolved
T01190,CU0199,A008,C05,Chat,2025-08-06 11:00:00,2025-08-08 12:40:36.806749870,49.68,0,0,5,Resolved
T01191,CU0395,A003,C04,Chat,2025-03-13 08:00:00,2025-03-13 14:24:04.035689492,6.4,1,0,4,Resolved
T01192,CU0792,A006,C02,Email,2025-12-28 12:00:00,2025-12-28 23:33:34.528542623,11.56,1,0,5,Resolved
T01193,CU0375,A002,C04,Email,2025-12-21 20:00:00,2025-12-23 01:45:11.492363228,29.75,0,0,4,Resolved
T01194,CU0751,A009,C04,Email,2025-04-05 14:00:00,2025-04-06 06:43:58.253338041,16.73,1,0,5,Resolved
T01195,CU0609,A002,C06,Web,2025-05-25 08:00:00,2025-05-26 12:47:14.974733011,28.79,1,1,2,Resolved
T01196,CU0116,A014,C06,Web,2025-03-11 14:00:00,2025-03-15 23:28:01.798565599,105.47,0,0,3,Resolved
T01197,CU0823,A012,C01,Chat,2025-07-03 10:00:00,2025-07-03 16:47:00.107099588,6.78,1,0,5,Resolved
T01198,CU0530,A012,C06,Email,2025-02-15 19:00:00,2025-02-17 13:14:02.037067328,42.23,0,0,4,Resolved
T01199,CU0512,A013,C05,Chat,2025-05-23 09:00:00,2025-05-24 00:33:12.488307173,15.55,1,0,5,Resolved
T01200,CU0627,A014,C05,Web,2025-07-22 18:00:00,2025-07-24 11:57:17.828516178,41.95,1,0,5,Resolved
T01201,CU0038,A013,C03,Email,2025-08-12 13:00:00,2025-08-13 00:51:52.938336168,11.86,1,0,4,Resolved
T01202,CU0227,A012,C03,Chat,2025-08-06 08:00:00,2025-08-07 13:48:20.390395579,29.81,0,1,4,Resolved
T01203,CU0716,A004,C01,Email,2025-03-22 16:00:00,2025-03-23 00:12:14.586527458,8.2,1,0,4,Resolved
T01204,CU0564,A014,C06,Chat,2025-10-17 13:00:00,2025-10-18 10:46:03.676551052,21.77,1,0,5,Resolved
T01205,CU0351,A009,C05,Web,2025-09-10 18:00:00,2025-09-13 22:32:16.809002602,76.54,0,0,4,Resolved
T01206,CU0417,A003,C03,Chat,2025-10-02 16:00:00,2025-10-03 05:10:15.664636423,13.17,1,0,4,Resolved
T01207,CU0558,A009,C04,Chat,2025-06-20 18:00:00,2025-06-21 09:32:47.057768894,15.55,1,1,5,Resolved
T01208,CU0434,A006,C01,Web,2025-11-22 13:00:00,2025-11-23 00:34:23.486022645,11.57,1,0,4,Resolved
T01209,CU0412,A004,C02,Chat,2025-05-23 08:00:00,2025-05-23 15:10:55.972818516,7.18,1,0,4,Resolved
T01210,CU0497,A011,C05,Chat,2025-10-22 09:00:00,2025-10-23 07:08:09.242054808,22.14,1,0,5,Resolved
T01211,CU0254,A017,C04,Email,2025-03-16 13:00:00,2025-03-17 00:16:11.528557672,11.27,1,0,4,Resolved
T01212,CU0514,A001,C06,Email,2025-04-01 13:00:00,2025-04-02 22:11:47.449587516,33.2,1,0,4,Resolved
T01213,CU0623,A003,C05,Chat,2025-07-12 18:00:00,2025-07-16 10:45:30.445712010,88.76,0,0,4,Resolved
T01214,CU0639,A017,C05,Chat,2025-07-22 13:00:00,2025-07-24 07:29:15.901893319,42.49,1,0,4,Resolved
T01215,CU0559,A013,C06,Chat,2025-09-30 19:00:00,2025-10-02 03:44:52.385085348,32.75,1,0,3,Resolved
T01216,CU0408,A005,C01,Chat,2025-04-19 10:00:00,2025-04-19 15:24:07.279203031,5.4,1,0,5,Resolved
T01217,CU0590,A007,C05,Chat,2025-11-15 13:00:00,2025-11-17 00:57:45.429447398,35.96,1,0,4,Resolved
T01218,CU0651,A002,C05,Chat,2025-05-01 17:00:00,2025-05-02 20:07:13.252943787,27.12,1,0,4,Resolved
T01219,CU0280,A016,C02,Email,2025-07-14 09:00:00,2025-07-15 00:50:27.678331370,15.84,1,0,3,Resolved
T01220,CU0438,A012,C02,Email,2025-12-07 12:00:00,2025-12-08 01:25:14.965018802,13.42,1,0,5,Resolved
T01221,CU0611,A005,C02,Chat,2025-07-16 17:00:00,2025-07-17 15:58:08.776628313,22.97,1,0,4,Resolved
T01222,CU0597,A004,C02,Chat,2025-09-06 15:00:00,2025-09-07 04:54:17.507978841,13.9,1,0,4,Resolved
T01223,CU0447,A013,C04,Chat,2025-11-28 18:00:00,2025-11-29 01:46:16.307135932,7.77,1,0,5,Resolved
T01224,CU0237,A011,C01,Chat,2025-12-22 14:00:00,2025-12-22 23:42:55.620824025,9.72,1,0,5,Resolved
T01225,CU0820,A014,C05,Web,2025-07-02 19:00:00,2025-07-03 06:59:54.767296129,12.0,1,0,4,Resolved
T01226,CU0488,A005,C01,Chat,2025-06-02 19:00:00,2025-06-03 01:05:48.969899102,6.1,1,0,5,Resolved
T01227,CU0487,A018,C01,Web,2025-03-13 20:00:00,2025-03-14 00:45:54.938861373,4.77,1,0,5,Resolved
T01228,CU0422,A003,C03,Email,2025-07-16 09:00:00,2025-07-17 22:23:42.352266073,37.4,0,0,5,Resolved
T01229,CU0685,A004,C02,Email,2025-12-02 15:00:00,2025-12-03 02:28:49.289271020,11.48,1,0,5,Resolved
T01230,CU0272,A014,C06,Web,2025-06-27 09:00:00,2025-06-28 08:41:53.975221652,23.7,1,1,4,Resolved
T01231,CU0844,A011,C03,Email,2025-05-08 10:00:00,2025-05-09 02:37:55.479925390,16.63,1,0,4,Resolved
T01232,CU0057,A007,C02,Email,2025-02-09 11:00:00,2025-02-09 21:42:34.529207122,10.71,1,0,5,Resolved
T01233,CU0012,A014,C02,Chat,2025-05-23 16:00:00,2025-05-24 03:40:47.482015818,11.68,1,0,5,Resolved
T01234,CU0460,A011,C03,Email,2025-03-28 13:00:00,2025-03-29 06:45:33.716961813,17.76,1,0,4,Resolved
T01235,CU0774,A008,C05,Chat,2025-12-23 19:00:00,2025-12-24 20:38:16.189280314,25.64,1,0,4,Resolved
T01236,CU0009,A004,C06,Chat,2025-07-12 11:00:00,2025-07-14 00:58:33.458535818,37.98,0,1,3,Resolved
T01237,CU0611,A013,C03,Web,2025-02-20 16:00:00,2025-02-21 02:47:24.878335545,10.79,1,0,5,Resolved
T01238,CU0351,A010,C05,Email,2025-01-25 17:00:00,2025-01-26 11:26:41.415014389,18.44,1,0,5,Resolved
T01239,CU0020,A017,C04,Chat,2025-11-07 20:00:00,2025-11-08 07:18:15.426786862,11.3,1,0,4,Resolved
T01240,CU0334,A008,C06,Web,2025-12-06 11:00:00,2025-12-07 15:41:54.723737950,28.7,1,0,5,Resolved
T01241,CU0582,A005,C04,Chat,2025-10-06 17:00:00,2025-10-06 22:47:05.092473717,5.78,1,0,4,Resolved
T01242,CU0571,A001,C03,Web,2025-02-15 09:00:00,2025-02-16 08:55:52.658928602,23.93,1,0,4,Resolved
T01243,CU0764,A005,C05,Email,2025-02-05 15:00:00,2025-02-07 20:20:18.812041998,53.34,0,1,4,Resolved
T01244,CU0889,A014,C06,Chat,2025-03-14 13:00:00,2025-03-16 03:45:49.556590812,38.76,0,0,5,Resolved
T01245,CU0049,A006,C04,Chat,2025-10-02 20:00:00,2025-10-03 08:35:21.394528454,12.59,1,0,4,Resolved
T01246,CU0773,A010,C06,Web,2025-10-07 18:00:00,2025-10-09 03:18:00.644118390,33.3,1,0,5,Resolved
T01247,CU0009,A004,C06,Chat,2025-11-02 20:00:00,2025-11-05 14:49:44.481042609,66.83,0,0,3,Resolved
T01248,CU0878,A017,C02,Web,2025-02-05 19:00:00,2025-02-06 07:13:25.140413877,12.22,1,0,5,Resolved
T01249,CU0697,A017,C06,Chat,2025-02-25 13:00:00,2025-02-26 04:36:58.646770056,15.62,1,0,5,Resolved
T01250,CU0856,A015,C05,Chat,2025-11-25 17:00:00,2025-11-26 08:32:37.591124956,15.54,1,0,5,Resolved
T01251,CU0061,A014,C04,Email,2025-12-05 08:00:00,2025-12-06 08:14:19.146528906,24.24,0,0,5,Resolved
T01252,CU0067,A011,C04,Chat,2025-09-22 15:00:00,2025-09-24 05:04:30.353244679,38.08,0,1,4,Resolved
T01253,CU0887,A001,C06,Chat,2025-02-08 08:00:00,2025-02-09 00:29:27.075397621,16.49,1,0,4,Resolved
T01254,CU0254,A001,C05,Email,2025-01-26 17:00:00,2025-01-27 15:20:49.260732536,22.35,1,0,5,Resolved
T01255,CU0344,A008,C04,Chat,2025-01-21 20:00:00,2025-01-22 05:30:27.627903122,9.51,1,0,5,Resolved
T01256,CU0268,A014,C01,Chat,2025-09-10 16:00:00,2025-09-11 09:45:53.167490877,17.76,0,0,5,Resolved
T01257,CU0142,A003,C04,Web,2025-11-05 18:00:00,2025-11-06 01:31:09.130635551,7.52,1,1,4,Resolved
T01258,CU0064,A010,C06,Chat,2025-08-19 11:00:00,2025-08-20 02:35:03.904023235,15.58,1,0,5,Resolved
T01259,CU0122,A018,C05,Email,2025-04-06 20:00:00,2025-04-11 00:18:19.456495052,100.31,0,1,2,Resolved
T01260,CU0762,A016,C01,Email,2025-10-04 15:00:00,2025-10-05 00:12:26.706698636,9.21,1,0,5,Resolved
T01261,CU0025,A010,C06,Email,2025-01-22 16:00:00,2025-01-23 22:40:20.483766285,30.67,1,0,4,Resolved
T01262,CU0806,A011,C06,Chat,2025-10-30 18:00:00,2025-10-31 21:48:39.335222613,27.81,1,1,3,Resolved
T01263,CU0199,A002,C04,Web,2025-11-22 16:00:00,2025-11-23 05:33:54.270656388,13.57,1,0,5,Resolved
T01264,CU0545,A001,C01,Chat,2025-09-20 12:00:00,2025-09-20 17:10:49.937923207,5.18,1,0,5,Resolved
T01265,CU0232,A006,C04,Web,2025-11-17 15:00:00,,7.53,1,0,4,Open
T01266,CU0802,A015,C01,Email,2025-08-02 16:00:00,2025-08-03 05:05:53.459181693,13.1,0,1,4,Resolved
T01267,CU0037,A001,C03,Email,2025-06-20 19:00:00,2025-06-21 01:07:06.500303594,6.12,1,0,4,Resolved
T01268,CU0643,A015,C05,Chat,2025-04-28 14:00:00,2025-04-29 17:03:16.290404863,27.05,1,0,5,Resolved
T01269,CU0842,A005,C06,Chat,2025-12-03 14:00:00,2025-12-04 11:13:16.409857915,21.22,1,0,5,Resolved
T01270,CU0397,A002,C03,Chat,2025-09-12 14:00:00,2025-09-13 08:59:20.601900470,18.99,1,0,5,Resolved
T01271,CU0406,A002,C06,Email,2025-03-11 09:00:00,2025-03-12 08:48:04.651643473,23.8,1,1,4,Resolved
T01272,CU0135,A013,C06,Chat,2025-12-16 09:00:00,2025-12-17 00:58:12.718424391,15.97,1,0,5,Resolved
T01273,CU0791,A001,C01,Chat,2025-01-22 08:00:00,2025-01-22 11:31:25.518338320,3.52,1,0,5,Resolved
T01274,CU0863,A010,C02,Chat,2025-08-03 16:00:00,2025-08-04 11:07:33.938267880,19.13,1,0,4,Resolved
T01275,CU0447,A017,C05,Chat,2025-03-11 13:00:00,2025-03-12 16:05:01.255601882,27.08,1,0,5,Resolved
T01276,CU0624,A011,C06,Chat,2025-08-31 19:00:00,2025-09-01 15:20:08.203970245,20.34,1,0,5,Resolved
T01277,CU0683,A007,C03,Chat,2025-05-31 17:00:00,2025-06-01 10:29:06.630049561,17.49,1,0,5,Resolved
T01278,CU0319,A017,C05,Chat,2025-06-09 09:00:00,2025-06-10 12:08:48.523097198,27.15,1,0,4,Resolved
T01279,CU0004,A002,C05,Chat,2025-09-03 09:00:00,,46.42,1,1,1,Open
T01280,CU0116,A005,C05,Chat,2025-10-03 12:00:00,2025-10-03 23:44:40.177148575,11.74,1,0,4,Resolved
T01281,CU0808,A004,C05,Email,2025-05-19 19:00:00,2025-05-21 13:08:59.681433710,42.15,1,0,5,Resolved
T01282,CU0720,A001,C01,Web,2025-12-31 08:00:00,2025-12-31 13:36:13.165443198,5.6,1,1,5,Resolved
T01283,CU0086,A018,C02,Chat,2025-07-01 10:00:00,2025-07-02 04:26:15.158512006,18.44,1,0,5,Resolved
T01284,CU0722,A004,C01,Email,2025-02-28 08:00:00,2025-02-28 14:47:02.514843934,6.78,1,1,4,Resolved
T01285,CU0795,A002,C06,Chat,2025-01-03 13:00:00,2025-01-04 09:59:16.652373273,20.99,1,0,5,Resolved
T01286,CU0489,A017,C06,Email,2025-03-15 20:00:00,2025-03-17 13:59:20.364770144,41.99,0,0,5,Resolved
T01287,CU0407,A018,C06,Chat,2025-09-10 16:00:00,2025-09-12 15:57:55.200670196,47.97,0,0,4,Resolved
T01288,CU0900,A004,C01,Web,2025-07-16 14:00:00,2025-07-17 07:01:38.381576404,17.03,0,0,5,Resolved
T01289,CU0785,A008,C05,Email,2025-05-04 09:00:00,2025-05-05 20:58:08.817042536,35.97,1,0,4,Resolved
T01290,CU0348,A013,C02,Email,2025-06-25 12:00:00,2025-06-26 04:43:55.133078048,16.73,1,0,4,Resolved
T01291,CU0430,A008,C03,Chat,2025-11-02 14:00:00,2025-11-02 21:37:37.370530948,7.63,1,0,5,Resolved
T01292,CU0848,A015,C02,Web,2025-07-28 11:00:00,2025-07-29 02:32:02.399458077,15.53,1,0,4,Resolved
T01293,CU0830,A005,C06,Chat,2025-01-22 17:00:00,2025-01-23 20:33:51.103624078,27.56,1,1,4,Resolved
T01294,CU0568,A015,C02,Email,2025-01-18 20:00:00,2025-01-20 01:37:23.468747469,29.62,0,1,4,Resolved
T01295,CU0584,A011,C05,Email,2025-06-25 10:00:00,2025-06-26 10:41:04.954516872,24.68,1,0,5,Resolved
T01296,CU0663,A001,C06,Email,2025-05-28 11:00:00,2025-05-29 15:09:52.228824192,28.16,1,0,4,Resolved
T01297,CU0261,A012,C05,Email,2025-11-07 09:00:00,2025-11-08 19:18:53.435761311,34.31,1,0,4,Resolved
T01298,CU0826,A001,C01,Email,2025-08-01 17:00:00,2025-08-02 10:14:25.438443097,17.24,0,0,3,Resolved
T01299,CU0265,A016,C06,Email,2025-10-04 14:00:00,2025-10-05 13:32:23.142903374,23.54,1,0,4,Resolved
T01300,CU0749,A018,C05,Chat,2025-08-02 11:00:00,2025-08-05 21:54:24.366952443,82.91,0,1,3,Resolved
T01301,CU0739,A003,C04,Chat,2025-05-07 10:00:00,2025-05-07 15:06:26.924884236,5.11,1,0,4,Resolved
T01302,CU0260,A010,C05,Chat,2025-08-28 08:00:00,2025-08-29 06:38:51.285808086,22.65,1,0,4,Resolved
T01303,CU0727,A007,C06,Email,2025-08-15 14:00:00,2025-08-16 03:30:51.334148523,13.51,1,0,5,Resolved
T01304,CU0781,A002,C04,Email,2025-09-20 16:00:00,2025-09-21 16:27:58.925547936,24.47,0,1,4,Resolved
T01305,CU0447,A013,C04,Email,2025-03-11 11:00:00,2025-03-12 01:53:43.062189309,14.9,1,0,4,Resolved
T01306,CU0486,A001,C04,Email,2025-08-23 08:00:00,2025-08-24 05:04:48.230344063,21.08,0,0,4,Resolved
T01307,CU0459,A001,C01,Chat,2025-04-15 14:00:00,2025-04-15 19:53:53.127098451,5.9,1,0,5,Resolved
T01308,CU0041,A015,C06,Chat,2025-10-16 16:00:00,2025-10-17 11:24:00.440894908,19.4,1,0,5,Resolved
T01309,CU0487,A006,C01,Web,2025-10-19 12:00:00,2025-10-19 19:34:33.183987988,7.58,1,0,5,Resolved
T01310,CU0607,A017,C03,Chat,2025-08-17 11:00:00,2025-08-19 04:40:05.499052795,41.67,0,0,3,Resolved
T01311,CU0506,A011,C03,Chat,2025-12-12 10:00:00,2025-12-13 22:25:53.690696252,36.43,0,0,5,Resolved
T01312,CU0450,A010,C03,Email,2025-07-16 17:00:00,,31.1,0,0,5,Open
T01313,CU0452,A008,C03,Chat,2025-01-10 19:00:00,2025-01-11 14:43:50.265842358,19.73,1,0,5,Resolved
T01314,CU0483,A007,C05,Chat,2025-08-10 18:00:00,2025-08-14 07:23:40.888298929,85.39,0,0,3,Resolved
T01315,CU0837,A005,C03,Email,2025-10-11 14:00:00,2025-10-12 05:09:04.565537236,15.15,1,0,4,Resolved
T01316,CU0371,A013,C02,Chat,2025-02-06 17:00:00,2025-02-07 04:44:29.571882374,11.74,1,0,4,Resolved
T01317,CU0202,A011,C06,Web,2025-02-08 13:00:00,2025-02-09 12:35:23.403595484,23.59,1,0,4,Resolved
T01318,CU0058,A001,C06,Web,2025-04-10 08:00:00,2025-04-11 00:05:38.853480152,16.09,1,0,5,Resolved
T01319,CU0784,A006,C04,Chat,2025-11-05 12:00:00,2025-11-05 22:10:00.975911235,10.17,1,0,5,Resolved
T01320,CU0163,A017,C03,Web,2025-07-12 17:00:00,2025-07-13 09:03:22.065277939,16.06,1,1,4,Resolved
T01321,CU0376,A009,C01,Chat,2025-12-23 16:00:00,2025-12-24 04:41:18.553807748,12.69,0,0,5,Resolved
T01322,CU0681,A005,C01,Chat,2025-11-15 20:00:00,2025-11-16 06:13:02.960685922,10.22,1,0,5,Resolved
T01323,CU0161,A005,C03,Email,2025-07-22 20:00:00,2025-07-24 13:24:14.251894070,41.4,0,0,5,Resolved
T01324,CU0211,A004,C06,Email,2025-09-05 11:00:00,2025-09-06 05:08:20.972268445,18.14,1,0,5,Resolved
T01325,CU0572,A016,C05,Chat,2025-05-01 08:00:00,2025-05-04 08:56:53.843112060,72.95,0,0,4,Resolved
T01326,CU0565,A006,C03,Chat,2025-02-02 11:00:00,2025-02-02 19:22:40.503982983,8.38,1,0,5,Resolved
T01327,CU0220,A006,C06,Chat,2025-05-26 19:00:00,2025-05-27 09:34:47.289553496,14.58,1,0,4,Resolved
T01328,CU0488,A002,C04,Chat,2025-08-05 18:00:00,2025-08-06 04:38:53.320315657,10.65,1,0,5,Resolved
T01329,CU0634,A017,C02,Chat,2025-03-08 09:00:00,2025-03-09 15:45:54.533786216,30.77,0,1,4,Resolved
T01330,CU0200,A008,C04,Web,2025-03-22 10:00:00,2025-03-22 22:10:30.818646091,12.18,1,0,4,Resolved
T01331,CU0399,A013,C02,Web,2025-01-06 15:00:00,2025-01-07 03:32:42.541362945,12.55,1,0,5,Resolved
T01332,CU0253,A013,C06,Chat,2025-09-25 16:00:00,2025-09-26 18:25:54.495696968,26.43,1,0,5,Resolved
T01333,CU0847,A007,C03,Chat,2025-11-25 20:00:00,2025-11-26 05:09:09.509403603,9.15,1,0,3,Resolved
T01334,CU0346,A009,C05,Chat,2025-10-30 17:00:00,2025-11-01 20:36:27.462495833,51.61,0,0,3,Resolved
T01335,CU0771,A002,C03,Chat,2025-05-19 10:00:00,2025-05-20 10:21:06.062950537,24.35,0,0,5,Resolved
T01336,CU0793,A013,C06,Email,2025-08-05 08:00:00,2025-08-08 05:23:51.541424260,69.4,0,0,2,Resolved
T01337,CU0151,A013,C05,Email,2025-12-17 16:00:00,2025-12-19 05:03:38.286872496,37.06,1,0,3,Resolved
T01338,CU0848,A004,C04,Chat,2025-08-04 15:00:00,2025-08-04 19:17:16.627426980,4.29,1,0,5,Resolved
T01339,CU0045,A004,C01,Web,2025-04-18 19:00:00,2025-04-18 23:34:09.795860450,4.57,1,0,5,Resolved
T01340,CU0349,A008,C06,Web,2025-05-04 15:00:00,2025-05-05 21:49:01.358283810,30.82,1,0,5,Resolved
T01341,CU0144,A013,C04,Chat,2025-09-23 14:00:00,2025-09-24 01:55:19.082254594,11.92,1,0,5,Resolved
T01342,CU0042,A010,C03,Web,2025-06-12 11:00:00,2025-06-13 00:13:12.172498230,13.22,1,0,5,Resolved
T01343,CU0497,A002,C06,Chat,2025-11-02 09:00:00,2025-11-03 03:33:53.769542331,18.56,1,1,4,Resolved
T01344,CU0541,A011,C01,Web,2025-11-12 19:00:00,,12.25,0,0,4,Open
T01345,CU0524,A013,C03,Email,2025-01-14 18:00:00,2025-01-15 14:52:26.074278242,20.87,1,0,4,Resolved
T01346,CU0376,A004,C04,Chat,2025-09-22 10:00:00,2025-09-23 03:38:31.770218940,17.64,1,0,5,Resolved
T01347,CU0709,A009,C03,Chat,2025-05-16 17:00:00,2025-05-17 05:46:57.703335229,12.78,1,0,5,Resolved
T01348,CU0444,A015,C04,Email,2025-07-09 12:00:00,2025-07-10 03:14:32.849836674,15.24,1,0,5,Resolved
T01349,CU0482,A006,C02,Web,2025-04-07 13:00:00,2025-04-07 20:40:05.001174674,7.67,1,0,5,Resolved
T01350,CU0398,A002,C01,Web,2025-05-15 19:00:00,2025-05-16 02:32:45.636096501,7.55,1,0,5,Resolved
T01351,CU0187,A017,C01,Chat,2025-05-01 18:00:00,2025-05-01 20:33:53.212859891,2.56,1,0,5,Resolved
T01352,CU0590,A002,C02,Web,2025-01-19 10:00:00,2025-01-19 16:54:46.834095974,6.91,1,0,5,Resolved
T01353,CU0747,A002,C06,Chat,2025-10-13 11:00:00,2025-10-14 13:22:55.617347895,26.38,1,1,3,Resolved
T01354,CU0274,A005,C05,Chat,2025-02-22 18:00:00,2025-02-26 12:16:07.187524896,90.27,0,0,3,Resolved
T01355,CU0418,A014,C04,Chat,2025-05-18 19:00:00,2025-05-18 23:53:30.489788655,4.89,1,0,5,Resolved
T01356,CU0804,A012,C03,Web,2025-03-12 09:00:00,2025-03-12 18:42:51.586687843,9.71,1,0,5,Resolved
T01357,CU0186,A005,C05,Email,2025-02-28 18:00:00,2025-03-02 04:10:35.103437846,34.18,1,0,4,Resolved
T01358,CU0380,A002,C02,Chat,2025-05-17 14:00:00,2025-05-19 03:52:10.535005099,37.87,0,1,3,Resolved
T01359,CU0243,A018,C02,Email,2025-12-02 15:00:00,2025-12-03 06:20:00.322669172,15.33,1,0,4,Resolved
T01360,CU0308,A001,C05,Web,2025-12-11 08:00:00,2025-12-13 02:31:08.400485096,42.52,1,0,5,Resolved
T01361,CU0414,A017,C04,Chat,2025-05-20 16:00:00,2025-05-21 01:26:58.599884284,9.45,1,0,5,Resolved
T01362,CU0831,A009,C06,Chat,2025-07-04 16:00:00,2025-07-05 22:00:29.514448130,30.01,1,0,5,Resolved
T01363,CU0012,A004,C06,Chat,2025-12-26 16:00:00,2025-12-27 17:56:30.780336397,25.94,1,0,5,Resolved
T01364,CU0323,A007,C06,Chat,2025-03-27 18:00:00,2025-03-28 12:35:25.458781956,18.59,1,0,5,Resolved
T01365,CU0780,A006,C02,Chat,2025-12-11 20:00:00,2025-12-12 15:23:39.432772294,19.39,1,0,5,Resolved
T01366,CU0075,A003,C01,Email,2025-02-08 19:00:00,2025-02-08 23:44:14.325922820,4.74,1,1,5,Resolved
T01367,CU0456,A008,C02,Chat,2025-03-24 17:00:00,2025-03-25 13:53:45.129177708,20.9,1,0,5,Resolved
T01368,CU0140,A012,C06,Email,2025-05-04 20:00:00,2025-05-05 21:26:46.343903143,25.45,1,0,4,Resolved
T01369,CU0504,A009,C06,Web,2025-01-14 16:00:00,2025-01-15 14:41:50.726083455,22.7,1,0,4,Resolved
T01370,CU0643,A012,C06,Chat,2025-10-25 16:00:00,2025-10-26 03:56:08.471174341,11.94,1,0,5,Resolved
T01371,CU0572,A018,C03,Chat,2025-11-09 15:00:00,2025-11-10 01:56:19.378348612,10.94,1,0,5,Resolved
T01372,CU0507,A003,C06,Chat,2025-05-20 17:00:00,2025-05-22 11:52:26.925732390,42.87,0,0,3,Resolved
T01373,CU0669,A014,C04,Email,2025-11-02 08:00:00,2025-11-02 18:00:51.900080263,10.01,1,0,4,Resolved
T01374,CU0482,A005,C06,Chat,2025-10-09 14:00:00,2025-10-10 18:20:11.849690511,28.34,1,0,5,Resolved
T01375,CU0552,A001,C04,Email,2025-10-20 13:00:00,2025-10-20 20:24:16.678304780,7.4,1,0,5,Resolved
T01376,CU0074,A007,C02,Email,2025-10-20 19:00:00,2025-10-21 08:49:05.329946474,13.82,1,0,5,Resolved
T01377,CU0020,A008,C01,Email,2025-07-29 08:00:00,2025-07-29 13:31:21.050530514,5.52,1,0,5,Resolved
T01378,CU0148,A018,C06,Chat,2025-02-10 16:00:00,2025-02-11 18:08:57.519329474,26.15,1,0,4,Resolved
T01379,CU0486,A007,C04,Web,2025-12-04 10:00:00,2025-12-04 22:59:47.567785848,13.0,1,0,5,Resolved
T01380,CU0357,A014,C03,Web,2025-08-11 19:00:00,2025-08-12 20:08:14.031176776,25.14,0,0,5,Resolved
T01381,CU0330,A017,C03,Email,2025-11-25 19:00:00,2025-11-26 06:19:13.185801040,11.32,1,0,5,Resolved
T01382,CU0404,A007,C03,Chat,2025-12-17 11:00:00,2025-12-18 01:34:29.090648967,14.57,1,0,5,Resolved
T01383,CU0891,A004,C06,Email,2025-03-10 19:00:00,2025-03-12 09:50:25.874476605,38.84,0,1,4,Resolved
T01384,CU0339,A018,C01,Web,2025-05-27 14:00:00,2025-05-27 22:52:27.033490394,8.87,1,1,4,Resolved
T01385,CU0400,A009,C01,Email,2025-03-12 20:00:00,2025-03-13 03:01:47.175321993,7.03,1,0,5,Resolved
T01386,CU0453,A009,C06,Email,2025-01-19 17:00:00,2025-01-22 16:49:44.093128965,71.83,0,1,4,Resolved
T01387,CU0697,A014,C04,Chat,2025-12-19 08:00:00,2025-12-19 15:10:13.149038935,7.17,1,0,4,Resolved
T01388,CU0661,A007,C01,Chat,2025-12-04 10:00:00,2025-12-04 23:00:31.857997741,13.01,0,0,5,Resolved
T01389,CU0882,A010,C01,Email,2025-12-07 13:00:00,2025-12-07 17:45:28.934139956,4.76,1,0,4,Resolved
T01390,CU0573,A017,C02,Web,2025-11-19 10:00:00,2025-11-20 04:47:49.980607832,18.8,1,0,5,Resolved
T01391,CU0859,A001,C02,Chat,2025-08-25 09:00:00,2025-08-26 15:04:02.140905248,30.07,0,1,4,Resolved
T01392,CU0551,A014,C01,Chat,2025-07-10 20:00:00,2025-07-11 04:08:19.520341677,8.14,1,0,5,Resolved
T01393,CU0485,A008,C02,Chat,2025-12-28 19:00:00,2025-12-29 03:05:40.430999007,8.09,1,0,5,Resolved
T01394,CU0503,A010,C05,Chat,2025-07-21 13:00:00,,19.29,1,0,3,Open
T01395,CU0433,A017,C06,Email,2025-08-23 10:00:00,2025-08-24 14:37:47.396348043,28.63,1,0,5,Resolved
T01396,CU0181,A011,C06,Chat,2025-03-19 10:00:00,2025-03-20 17:40:46.705505581,31.68,1,0,5,Resolved
T01397,CU0330,A008,C03,Email,2025-09-30 19:00:00,2025-10-01 08:23:54.503091978,13.4,1,0,4,Resolved
T01398,CU0545,A018,C03,Email,2025-10-27 12:00:00,2025-10-28 05:45:29.061268700,17.76,1,0,5,Resolved
T01399,CU0546,A011,C06,Email,2025-09-05 08:00:00,2025-09-06 03:25:50.704859481,19.43,1,0,5,Resolved
T01400,CU0143,A003,C06,Chat,2025-07-01 13:00:00,2025-07-02 22:59:15.959863068,33.99,1,0,4,Resolved
T01401,CU0724,A002,C04,Email,2025-03-14 13:00:00,2025-03-14 21:00:32.701741657,8.01,1,1,4,Resolved
T01402,CU0642,A007,C02,Chat,2025-01-13 16:00:00,2025-01-14 05:31:02.073537746,13.52,1,0,5,Resolved
T01403,CU0473,A013,C03,Chat,2025-08-17 12:00:00,2025-08-18 05:22:02.188274127,17.37,1,0,4,Resolved
T01404,CU0408,A008,C04,Email,2025-09-07 19:00:00,2025-09-08 03:14:26.677163356,8.24,1,0,4,Resolved
T01405,CU0502,A004,C04,Chat,2025-10-10 16:00:00,2025-10-11 00:10:39.463000154,8.18,1,0,5,Resolved
T01406,CU0524,A018,C01,Chat,2025-12-13 20:00:00,2025-12-14 02:24:37.443252405,6.41,1,1,4,Resolved
T01407,CU0386,A004,C06,Web,2025-07-01 12:00:00,2025-07-02 08:54:17.688535020,20.9,1,0,4,Resolved
T01408,CU0777,A002,C05,Email,2025-10-30 16:00:00,2025-11-02 05:33:49.602241224,61.56,0,1,3,Resolved
T01409,CU0143,A007,C05,Chat,2025-09-19 12:00:00,2025-09-21 03:48:59.634023004,39.82,1,0,5,Resolved
T01410,CU0336,A003,C02,Email,2025-04-12 17:00:00,2025-04-12 22:11:48.719956257,5.2,1,0,4,Resolved
T01411,CU0358,A011,C06,Chat,2025-11-05 17:00:00,2025-11-06 11:53:08.141952127,18.89,1,0,5,Resolved
T01412,CU0090,A008,C05,Chat,2025-01-20 12:00:00,2025-01-22 10:47:13.551881733,46.79,1,0,5,Resolved
T01413,CU0081,A017,C01,Chat,2025-08-07 20:00:00,2025-08-08 03:16:10.271215916,7.27,1,0,5,Resolved
T01414,CU0803,A004,C05,Chat,2025-12-10 19:00:00,2025-12-13 07:49:23.663313537,60.82,0,0,4,Resolved
T01415,CU0697,A005,C05,Chat,2025-08-29 19:00:00,2025-08-31 09:51:00.920015118,38.85,1,1,4,Resolved
T01416,CU0329,A013,C06,Email,2025-12-09 10:00:00,2025-12-10 17:21:22.030492766,31.36,1,0,5,Resolved
T01417,CU0240,A013,C02,Chat,2025-01-21 17:00:00,2025-01-22 15:19:16.946233100,22.32,1,0,5,Resolved
T01418,CU0366,A007,C06,Chat,2025-07-14 09:00:00,2025-07-16 17:24:44.537456059,56.41,0,1,4,Resolved
T01419,CU0635,A017,C04,Chat,2025-10-12 09:00:00,2025-10-12 14:55:34.102093432,5.93,1,0,5,Resolved
T01420,CU0267,A016,C01,Chat,2025-08-23 20:00:00,2025-08-24 02:42:02.007677977,6.7,1,0,4,Resolved
T01421,CU0060,A012,C01,Email,2025-11-18 09:00:00,2025-11-19 01:31:27.023216368,16.52,0,1,4,Resolved
T01422,CU0379,A014,C02,Chat,2025-06-18 19:00:00,2025-06-19 04:44:49.994039360,9.75,1,0,5,Resolved
T01423,CU0539,A010,C03,Email,2025-09-07 13:00:00,2025-09-08 22:45:17.914785519,33.75,0,0,4,Resolved
T01424,CU0469,A009,C04,Chat,2025-06-03 11:00:00,2025-06-03 20:03:48.984662815,9.06,1,0,5,Resolved
T01425,CU0156,A010,C05,Chat,2025-11-15 08:00:00,2025-11-17 00:18:19.353211059,40.31,1,1,4,Resolved
T01426,CU0759,A016,C02,Email,2025-02-13 16:00:00,2025-02-13 23:30:10.965155130,7.5,1,0,5,Resolved
T01427,CU0569,A001,C06,Email,2025-04-03 17:00:00,2025-04-04 12:00:49.021854789,19.01,1,0,5,Resolved
T01428,CU0649,A002,C02,Email,2025-02-05 14:00:00,2025-02-05 23:26:31.255619618,9.44,1,0,5,Resolved
T01429,CU0862,A009,C05,Chat,2025-09-14 18:00:00,2025-09-16 21:49:31.661473620,51.83,0,0,4,Resolved
T01430,CU0462,A011,C06,Chat,2025-03-26 12:00:00,2025-03-27 14:04:14.769406430,26.07,1,0,4,Resolved
T01431,CU0522,A004,C06,Email,2025-04-26 15:00:00,2025-04-27 21:47:10.512906162,30.79,1,0,4,Resolved
T01432,CU0688,A011,C05,Web,2025-11-02 11:00:00,2025-11-03 17:19:44.245650248,30.33,1,1,4,Resolved
T01433,CU0697,A001,C05,Chat,2025-05-12 15:00:00,2025-05-13 11:23:48.894622555,20.4,1,0,4,Resolved
T01434,CU0764,A005,C01,Email,2025-02-23 09:00:00,2025-02-23 17:41:08.258439804,8.69,1,0,5,Resolved
T01435,CU0634,A009,C01,Chat,2025-01-08 14:00:00,2025-01-08 19:02:00.798750355,5.03,1,0,5,Resolved
T01436,CU0053,A001,C04,Web,2025-03-24 15:00:00,2025-03-25 08:52:15.993887800,17.87,1,0,5,Resolved
T01437,CU0316,A012,C01,Chat,2025-11-30 15:00:00,2025-11-30 22:35:53.385710391,7.6,1,0,4,Resolved
T01438,CU0534,A010,C03,Chat,2025-07-20 13:00:00,2025-07-21 07:47:23.175370222,18.79,1,0,4,Resolved
T01439,CU0401,A011,C02,Chat,2025-12-30 16:00:00,2025-12-31 09:14:11.842519225,17.24,1,0,5,Resolved
T01440,CU0039,A010,C06,Email,2025-03-20 14:00:00,2025-03-21 14:09:19.774145437,24.16,1,0,5,Resolved
T01441,CU0241,A013,C06,Email,2025-05-09 11:00:00,2025-05-09 22:51:18.120897342,11.86,1,0,5,Resolved
T01442,CU0278,A012,C06,Email,2025-03-01 10:00:00,2025-03-02 01:30:21.897214315,15.51,1,0,5,Resolved
T01443,CU0033,A012,C05,Email,2025-05-26 16:00:00,2025-05-28 17:53:48.345059464,49.9,0,0,5,Resolved
T01444,CU0687,A004,C02,Chat,2025-07-25 20:00:00,2025-07-26 14:36:33.741832204,18.61,1,0,4,Resolved
T01445,CU0341,A013,C01,Chat,2025-10-22 17:00:00,2025-10-22 20:45:13.239060901,3.75,1,0,5,Resolved
T01446,CU0713,A004,C05,Web,2025-05-15 16:00:00,2025-05-17 04:19:21.032761339,36.32,1,0,4,Resolved
T01447,CU0784,A001,C05,Chat,2025-10-09 19:00:00,2025-10-10 19:06:09.448248715,24.1,1,0,5,Resolved
T01448,CU0796,A018,C03,Chat,2025-08-17 19:00:00,2025-08-18 09:40:51.298884228,14.68,1,0,4,Resolved
T01449,CU0818,A004,C04,Chat,2025-04-17 14:00:00,2025-04-17 20:34:16.463879191,6.57,1,0,5,Resolved
T01450,CU0449,A003,C04,Chat,2025-11-29 09:00:00,2025-11-30 02:15:03.191488840,17.25,1,0,5,Resolved
T01451,CU0219,A006,C02,Chat,2025-06-08 16:00:00,2025-06-08 21:46:51.732864019,5.78,1,0,4,Resolved
T01452,CU0076,A018,C03,Email,2025-02-25 16:00:00,2025-02-26 03:39:42.705346712,11.66,1,0,5,Resolved
T01453,CU0562,A016,C04,Email,2025-12-18 11:00:00,2025-12-18 22:36:39.574619856,11.61,1,0,4,Resolved
T01454,CU0115,A013,C05,Chat,2025-11-30 19:00:00,2025-12-03 23:56:44.926076518,76.95,0,1,3,Resolved
T01455,CU0218,A004,C06,Chat,2025-01-19 19:00:00,2025-01-21 03:04:34.053382700,32.08,1,0,5,Resolved
T01456,CU0220,A012,C04,Web,2025-11-26 12:00:00,2025-11-26 19:31:01.662036409,7.52,1,0,5,Resolved
T01457,CU0247,A015,C05,Email,2025-12-12 14:00:00,2025-12-15 03:41:40.527131632,61.69,0,0,3,Resolved
T01458,CU0335,A007,C06,Web,2025-10-30 10:00:00,2025-10-30 23:35:11.089037868,13.59,1,0,5,Resolved
T01459,CU0299,A005,C01,Chat,2025-04-04 10:00:00,2025-04-04 19:00:52.473381390,9.01,1,0,5,Resolved
T01460,CU0474,A016,C05,Web,2025-08-19 11:00:00,2025-08-21 21:18:55.146524025,58.32,0,0,4,Resolved
T01461,CU0862,A003,C04,Web,2025-07-16 12:00:00,2025-07-16 21:28:16.242368714,9.47,1,0,5,Resolved
T01462,CU0582,A017,C05,Chat,2025-08-15 11:00:00,2025-08-18 03:05:21.750158446,64.09,0,0,3,Resolved
T01463,CU0609,A009,C01,Email,2025-08-14 09:00:00,2025-08-14 17:07:33.081163406,8.13,1,0,5,Resolved
T01464,CU0147,A013,C06,Chat,2025-08-22 13:00:00,2025-08-25 03:59:10.237831933,62.99,0,1,4,Resolved
T01465,CU0103,A007,C06,Email,2025-07-07 16:00:00,2025-07-08 08:30:04.276283115,16.5,1,0,4,Resolved
T01466,CU0171,A013,C01,Email,2025-09-10 12:00:00,2025-09-11 02:31:31.067575122,14.53,0,1,5,Resolved
T01467,CU0764,A017,C02,Chat,2025-07-12 14:00:00,2025-07-13 04:53:12.184736805,14.89,1,0,5,Resolved
T01468,CU0156,A009,C02,Chat,2025-01-07 11:00:00,2025-01-08 10:29:11.251524134,23.49,1,0,5,Resolved
T01469,CU0886,A004,C06,Chat,2025-01-13 17:00:00,2025-01-14 22:54:08.275123674,29.9,1,1,4,Resolved
T01470,CU0680,A002,C05,Email,2025-12-16 16:00:00,2025-12-18 22:23:16.203479672,54.39,0,0,4,Resolved
T01471,CU0747,A017,C02,Email,2025-11-28 20:00:00,2025-11-29 13:35:33.658604656,17.59,1,0,4,Resolved
T01472,CU0272,A018,C06,Chat,2025-08-02 08:00:00,2025-08-03 19:39:15.708217298,35.65,1,0,4,Resolved
T01473,CU0141,A012,C03,Web,2025-03-05 19:00:00,2025-03-06 19:13:54.367750300,24.23,0,0,5,Resolved
T01474,CU0151,A001,C04,Chat,2025-10-13 12:00:00,2025-10-14 07:11:02.112859550,19.18,0,1,3,Resolved
T01475,CU0772,A016,C03,Chat,2025-02-22 08:00:00,2025-02-23 05:01:19.452593078,21.02,1,0,4,Resolved
T01476,CU0389,A009,C04,Chat,2025-05-18 16:00:00,2025-05-18 19:55:15.782528690,3.92,1,0,5,Resolved
T01477,CU0369,A005,C04,Email,2025-05-01 10:00:00,2025-05-01 17:04:09.011399188,7.07,1,0,4,Resolved
T01478,CU0223,A007,C02,Email,2025-01-05 10:00:00,2025-01-06 17:50:27.720561926,31.84,0,1,4,Resolved
T01479,CU0321,A017,C04,Email,2025-10-22 20:00:00,2025-10-23 02:15:03.109132141,6.25,1,0,5,Resolved
T01480,CU0333,A014,C06,Web,2025-07-06 10:00:00,2025-07-08 18:10:06.955331044,56.17,0,0,4,Resolved
T01481,CU0675,A011,C04,Chat,2025-04-26 15:00:00,2025-04-27 06:07:00.058798455,15.12,1,0,5,Resolved
T01482,CU0742,A014,C06,Chat,2025-07-05 10:00:00,2025-07-06 13:14:21.577582784,27.24,1,0,4,Resolved
T01483,CU0421,A016,C04,Email,2025-01-01 09:00:00,2025-01-01 13:28:54.742819087,4.48,1,0,5,Resolved
T01484,CU0301,A012,C06,Chat,2025-06-09 08:00:00,2025-06-10 03:21:12.033851072,19.35,1,0,4,Resolved
T01485,CU0407,A006,C03,Email,2025-07-09 08:00:00,2025-07-11 15:25:59.819217045,55.43,0,0,4,Resolved
T01486,CU0158,A002,C06,Chat,2025-05-04 14:00:00,2025-05-05 06:57:08.128988006,16.95,1,0,4,Resolved
T01487,CU0062,A003,C02,Chat,2025-10-31 13:00:00,2025-10-31 22:47:33.872099067,9.79,1,0,4,Resolved
T01488,CU0210,A005,C01,Chat,2025-04-02 08:00:00,2025-04-02 13:06:23.679779173,5.11,1,0,5,Resolved
T01489,CU0023,A014,C02,Chat,2025-02-20 12:00:00,2025-02-21 17:30:18.155322543,29.51,0,1,4,Resolved
T01490,CU0031,A002,C01,Web,2025-07-12 11:00:00,2025-07-12 20:10:46.755592651,9.18,1,0,5,Resolved
T01491,CU0215,A003,C06,Chat,2025-11-20 15:00:00,2025-11-21 09:51:47.865498476,18.86,1,0,5,Resolved
T01492,CU0812,A018,C06,Web,2025-05-17 20:00:00,2025-05-19 19:13:32.672445348,47.23,0,0,3,Resolved
T01493,CU0167,A008,C06,Chat,2025-01-18 16:00:00,2025-01-20 00:26:53.892960626,32.45,1,0,5,Resolved
T01494,CU0628,A003,C01,Web,2025-12-21 19:00:00,2025-12-22 00:17:22.908563268,5.29,1,0,5,Resolved
T01495,CU0133,A016,C06,Email,2025-06-12 10:00:00,2025-06-13 00:24:53.674822836,14.41,1,0,5,Resolved
T01496,CU0418,A018,C05,Chat,2025-03-05 10:00:00,2025-03-07 14:12:15.258556936,52.2,0,0,5,Resolved
T01497,CU0547,A010,C03,Chat,2025-08-13 17:00:00,2025-08-14 14:55:30.043996640,21.93,1,0,5,Resolved
T01498,CU0505,A003,C04,Chat,2025-04-27 12:00:00,2025-04-27 17:28:42.306589059,5.48,1,0,5,Resolved
T01499,CU0720,A012,C05,Email,2025-12-09 19:00:00,2025-12-10 08:53:44.805421903,13.9,1,0,4,Resolved
T01500,CU0229,A016,C01,Chat,2025-04-18 14:00:00,2025-04-18 18:50:29.391804182,4.84,1,0,5,Resolved
T01501,CU0669,A018,C04,Chat,2025-07-20 10:00:00,2025-07-20 18:03:38.139415927,8.06,1,0,5,Resolved
T01502,CU0364,A011,C05,Email,2025-07-18 18:00:00,2025-07-19 16:44:52.858413272,22.75,1,1,5,Resolved
T01503,CU0401,A017,C02,Email,2025-03-30 15:00:00,2025-03-30 23:32:09.190427067,8.54,1,0,4,Resolved
T01504,CU0288,A015,C04,Chat,2025-07-02 18:00:00,,9.31,1,0,4,Open
T01505,CU0898,A003,C04,Chat,2025-02-09 13:00:00,2025-02-09 21:55:56.755032441,8.93,1,0,5,Resolved
T01506,CU0743,A012,C05,Email,2025-08-23 09:00:00,2025-08-28 11:22:00.043220388,122.37,0,1,3,Resolved
T01507,CU0417,A012,C06,Chat,2025-10-04 16:00:00,2025-10-05 14:10:16.495840470,22.17,1,0,4,Resolved
T01508,CU0670,A014,C06,Email,2025-12-13 09:00:00,2025-12-14 08:11:02.797474351,23.18,1,0,5,Resolved
T01509,CU0825,A010,C05,Chat,2025-04-29 16:00:00,2025-05-01 06:59:02.514049785,38.98,1,0,5,Resolved
T01510,CU0256,A014,C05,Web,2025-04-15 13:00:00,2025-04-16 16:51:36.211038404,27.86,1,0,5,Resolved
T01511,CU0294,A011,C05,Email,2025-07-20 18:00:00,2025-07-23 02:03:37.616331970,56.06,0,0,4,Resolved
T01512,CU0687,A005,C04,Email,2025-09-10 19:00:00,2025-09-11 10:58:30.405164815,15.98,1,0,5,Resolved
T01513,CU0256,A009,C01,Web,2025-12-29 13:00:00,2025-12-29 21:27:13.386370424,8.45,1,0,5,Resolved
T01514,CU0085,A017,C05,Web,2025-01-10 19:00:00,2025-01-15 06:39:04.541477385,107.65,0,0,3,Resolved
T01515,CU0536,A016,C05,Email,2025-03-28 09:00:00,2025-03-30 07:42:41.979698546,46.71,1,0,5,Resolved
T01516,CU0183,A012,C04,Email,2025-04-06 09:00:00,2025-04-06 15:45:38.372623178,6.76,1,0,5,Resolved
T01517,CU0529,A006,C06,Web,2025-04-04 20:00:00,2025-04-06 01:31:55.347507807,29.53,1,0,5,Resolved
T01518,CU0096,A004,C05,Chat,2025-06-19 15:00:00,2025-06-20 17:29:03.899096628,26.48,1,1,3,Resolved
T01519,CU0431,A006,C03,Email,2025-11-15 13:00:00,2025-11-16 09:46:50.633453431,20.78,1,0,4,Resolved
T01520,CU0215,A006,C01,Email,2025-01-12 10:00:00,2025-01-12 14:18:30.869705055,4.31,1,0,5,Resolved
T01521,CU0476,A018,C01,Email,2025-10-25 11:00:00,2025-10-25 15:51:34.291636272,4.86,1,0,5,Resolved
T01522,CU0204,A010,C03,Web,2025-08-14 16:00:00,2025-08-15 17:24:07.557927433,25.4,0,0,5,Resolved
T01523,CU0227,A008,C04,Email,2025-08-13 18:00:00,2025-08-14 16:03:31.269966951,22.06,0,0,5,Resolved
T01524,CU0811,A016,C02,Email,2025-09-05 19:00:00,2025-09-06 17:28:06.036723120,22.47,1,0,5,Resolved
T01525,CU0884,A007,C02,Web,2025-02-12 13:00:00,2025-02-13 14:05:05.181015444,25.08,0,1,4,Resolved
T01526,CU0295,A015,C02,Email,2025-09-30 13:00:00,2025-10-01 10:12:10.271631643,21.2,1,0,4,Resolved
T01527,CU0582,A012,C06,Chat,2025-04-01 10:00:00,2025-04-02 13:01:04.387489698,27.02,1,0,5,Resolved
T01528,CU0320,A006,C06,Chat,2025-07-08 09:00:00,2025-07-09 15:06:06.848146450,30.1,1,0,4,Resolved
T01529,CU0154,A018,C03,Chat,2025-09-05 13:00:00,2025-09-06 20:22:20.155532905,31.37,0,0,3,Resolved
T01530,CU0090,A013,C02,Chat,2025-08-09 15:00:00,2025-08-10 19:25:14.040085792,28.42,0,0,4,Resolved
T01531,CU0802,A018,C01,Email,2025-04-28 09:00:00,2025-04-28 16:46:33.527592501,7.78,1,0,4,Resolved
T01532,CU0060,A001,C01,Web,2025-05-25 13:00:00,2025-05-25 20:35:23.815057365,7.59,1,0,5,Resolved
T01533,CU0443,A006,C03,Chat,2025-06-23 16:00:00,2025-06-25 02:47:26.000183612,34.79,0,0,4,Resolved
T01534,CU0198,A006,C01,Web,2025-01-16 18:00:00,2025-01-17 01:55:36.546131989,7.93,1,0,4,Resolved
T01535,CU0685,A013,C03,Email,2025-09-23 20:00:00,2025-09-24 18:30:49.972518608,22.51,1,0,4,Resolved
T01536,CU0122,A016,C06,Web,2025-02-06 12:00:00,2025-02-07 19:05:11.829966064,31.09,1,0,4,Resolved
T01537,CU0520,A003,C04,Chat,2025-06-17 13:00:00,2025-06-17 23:31:34.891082993,10.53,1,0,4,Resolved
T01538,CU0311,A003,C06,Chat,2025-08-28 19:00:00,2025-08-29 21:06:15.211637082,26.1,1,0,4,Resolved
T01539,CU0469,A013,C01,Email,2025-01-30 17:00:00,2025-01-31 02:28:59.664704552,9.48,1,0,5,Resolved
T01540,CU0168,A007,C02,Email,2025-12-30 11:00:00,2025-12-31 00:45:28.656465814,13.76,1,0,4,Resolved
T01541,CU0106,A013,C06,Web,2025-05-18 16:00:00,2025-05-21 01:16:34.945926924,57.28,0,0,4,Resolved
T01542,CU0161,A001,C03,Web,2025-01-06 10:00:00,2025-01-07 10:14:24.962569699,24.24,0,0,5,Resolved
T01543,CU0519,A010,C05,Chat,2025-08-29 13:00:00,2025-08-31 00:48:57.596268060,35.82,1,0,5,Resolved
T01544,CU0583,A001,C06,Chat,2025-07-23 11:00:00,2025-07-25 15:25:19.405584951,52.42,0,0,5,Resolved
T01545,CU0815,A018,C04,Email,2025-08-22 20:00:00,2025-08-23 12:10:19.993217570,16.17,1,0,5,Resolved
T01546,CU0848,A003,C03,Chat,2025-10-02 08:00:00,2025-10-03 14:38:40.418324163,30.64,0,0,5,Resolved
T01547,CU0678,A004,C04,Web,2025-06-23 19:00:00,2025-06-24 03:41:15.177208855,8.69,1,0,5,Resolved
T01548,CU0012,A002,C01,Email,2025-10-29 11:00:00,2025-10-29 19:42:32.049943974,8.71,1,0,5,Resolved
T01549,CU0634,A004,C01,Web,2025-05-16 08:00:00,2025-05-16 15:39:03.959207751,7.65,1,0,5,Resolved
T01550,CU0636,A009,C01,Web,2025-07-18 16:00:00,2025-07-19 02:30:46.980658116,10.51,1,0,5,Resolved
T01551,CU0636,A012,C06,Chat,2025-02-27 16:00:00,2025-02-28 08:47:09.061704934,16.79,1,0,4,Resolved
T01552,CU0594,A017,C05,Chat,2025-08-15 09:00:00,2025-08-18 11:01:21.993751387,74.02,0,1,4,Resolved
T01553,CU0619,A016,C03,Email,2025-04-06 08:00:00,2025-04-07 04:31:04.409885784,20.52,1,0,5,Resolved
T01554,CU0527,A002,C02,Web,2025-09-12 09:00:00,2025-09-13 16:57:11.025694386,31.95,0,0,5,Resolved
T01555,CU0558,A008,C05,Email,2025-10-20 13:00:00,,37.65,1,1,4,Open
T01556,CU0624,A016,C06,Chat,2025-11-10 09:00:00,2025-11-11 10:20:25.343740212,25.34,1,1,3,Resolved
T01557,CU0040,A003,C03,Email,2025-12-06 17:00:00,2025-12-07 17:14:58.183894950,24.25,0,0,5,Resolved
T01558,CU0458,A013,C03,Chat,2025-02-14 09:00:00,2025-02-14 20:53:29.293539864,11.89,1,0,3,Resolved
T01559,CU0115,A008,C06,Chat,2025-02-20 18:00:00,,40.74,0,0,5,Open
T01560,CU0835,A004,C06,Web,2025-12-05 19:00:00,2025-12-07 11:41:49.250405950,40.7,0,0,3,Resolved
T01561,CU0891,A002,C06,Chat,2025-05-20 17:00:00,2025-05-22 13:01:13.149604488,44.02,0,0,5,Resolved
T01562,CU0143,A006,C03,Chat,2025-01-10 20:00:00,2025-01-11 20:34:13.623938263,24.57,0,1,4,Resolved
T01563,CU0803,A001,C01,Chat,2025-04-15 20:00:00,2025-04-16 02:25:37.438386614,6.43,1,0,5,Resolved
T01564,CU0427,A004,C04,Web,2025-11-02 08:00:00,2025-11-02 19:33:14.318985697,11.55,1,0,5,Resolved
T01565,CU0606,A010,C03,Chat,2025-05-10 12:00:00,2025-05-11 12:36:30.891806809,24.61,0,1,3,Resolved
T01566,CU0588,A015,C06,Chat,2025-01-29 17:00:00,2025-01-30 12:25:47.567802738,19.43,1,0,4,Resolved
T01567,CU0106,A010,C01,Chat,2025-09-21 12:00:00,2025-09-22 06:39:24.027227791,18.66,0,0,5,Resolved
T01568,CU0818,A014,C05,Email,2025-03-13 17:00:00,2025-03-15 09:14:47.695038727,40.25,1,0,3,Resolved
T01569,CU0577,A002,C06,Chat,2025-05-09 18:00:00,2025-05-10 10:43:58.358900643,16.73,1,0,5,Resolved
T01570,CU0439,A006,C06,Email,2025-01-02 20:00:00,2025-01-05 06:19:59.011747028,58.33,0,0,3,Resolved
T01571,CU0554,A012,C05,Web,2025-08-08 12:00:00,2025-08-10 12:55:12.102832153,48.92,0,0,5,Resolved
T01572,CU0880,A001,C06,Email,2025-06-12 12:00:00,2025-06-13 03:16:47.156835439,15.28,1,0,5,Resolved
T01573,CU0583,A011,C01,Chat,2025-11-13 08:00:00,2025-11-13 14:43:02.080668838,6.72,1,1,5,Resolved
T01574,CU0591,A004,C03,Chat,2025-05-03 11:00:00,2025-05-04 20:12:19.852349850,33.21,0,0,4,Resolved
T01575,CU0789,A008,C01,Chat,2025-03-16 11:00:00,2025-03-17 05:11:11.740018426,18.19,0,0,5,Resolved
T01576,CU0630,A012,C06,Chat,2025-03-02 13:00:00,2025-03-04 04:22:31.843015546,39.38,0,0,4,Resolved
T01577,CU0129,A018,C06,Email,2025-03-15 13:00:00,2025-03-17 10:15:58.988066508,45.27,0,0,3,Resolved
T01578,CU0737,A002,C01,Chat,2025-06-14 19:00:00,2025-06-15 08:49:51.901165236,13.83,0,0,5,Resolved
T01579,CU0810,A010,C01,Chat,2025-02-01 18:00:00,2025-02-02 06:32:23.148319707,12.54,0,1,5,Resolved
T01580,CU0661,A010,C03,Chat,2025-05-27 17:00:00,2025-05-28 12:42:47.071944396,19.71,1,0,5,Resolved
T01581,CU0138,A002,C02,Chat,2025-11-08 08:00:00,2025-11-09 01:50:59.502559102,17.85,1,0,4,Resolved
T01582,CU0471,A012,C06,Chat,2025-10-08 14:00:00,2025-10-10 00:48:58.317315303,34.82,1,0,3,Resolved
T01583,CU0049,A002,C02,Chat,2025-08-21 17:00:00,2025-08-22 08:39:32.587821410,15.66,1,1,4,Resolved
T01584,CU0696,A013,C06,Email,2025-11-22 11:00:00,2025-11-23 21:45:09.718276543,34.75,1,0,5,Resolved
T01585,CU0862,A004,C04,Chat,2025-10-12 13:00:00,2025-10-13 10:12:20.736854564,21.21,0,0,5,Resolved
T01586,CU0033,A003,C03,Chat,2025-08-27 17:00:00,,19.83,1,0,4,Open
T01587,CU0099,A002,C02,Web,2025-11-12 18:00:00,2025-11-13 06:09:33.546410060,12.16,1,0,4,Resolved
T01588,CU0840,A009,C06,Email,2025-02-15 19:00:00,2025-02-17 01:58:45.750395514,30.98,1,0,5,Resolved
T01589,CU0720,A005,C05,Web,2025-10-26 13:00:00,2025-10-27 12:08:30.546705069,23.14,1,0,5,Resolved
T01590,CU0741,A009,C04,Chat,2025-04-18 13:00:00,2025-04-18 19:04:55.053435352,6.08,1,0,5,Resolved
T01591,CU0188,A017,C03,Chat,2025-09-25 12:00:00,2025-09-27 00:28:19.481915956,36.47,0,0,4,Resolved
T01592,CU0574,A016,C06,Chat,2025-11-30 16:00:00,2025-12-01 16:53:53.798303706,24.9,1,1,4,Resolved
T01593,CU0746,A014,C06,Email,2025-07-01 13:00:00,2025-07-03 03:04:29.219103490,38.07,0,0,5,Resolved
T01594,CU0062,A009,C06,Web,2025-02-02 13:00:00,2025-02-03 07:59:51.831971505,19.0,1,0,4,Resolved
T01595,CU0256,A003,C05,Chat,2025-05-16 10:00:00,2025-05-18 17:03:56.490940655,55.07,0,0,4,Resolved
T01596,CU0266,A008,C06,Chat,2025-05-29 14:00:00,2025-05-31 02:42:03.744470667,36.7,0,0,4,Resolved
T01597,CU0488,A001,C03,Chat,2025-12-08 11:00:00,2025-12-09 02:15:16.529994882,15.25,1,0,4,Resolved
T01598,CU0229,A003,C05,Chat,2025-12-11 14:00:00,2025-12-12 08:13:45.690043429,18.23,1,0,5,Resolved
T01599,CU0308,A006,C03,Chat,2025-07-27 19:00:00,2025-07-28 13:36:53.149093588,18.61,1,0,5,Resolved
T01600,CU0232,A013,C05,Web,2025-12-13 18:00:00,2025-12-15 18:52:54.768447944,48.88,0,1,4,Resolved
T01601,CU0058,A015,C06,Chat,2025-06-09 14:00:00,2025-06-10 17:12:53.372950567,27.21,1,0,5,Resolved
T01602,CU0605,A012,C06,Chat,2025-05-31 20:00:00,2025-06-01 22:15:28.728192139,26.26,1,0,5,Resolved
T01603,CU0575,A005,C04,Email,2025-11-02 20:00:00,2025-11-03 08:05:58.007696413,12.1,1,0,4,Resolved
T01604,CU0789,A013,C05,Chat,2025-09-01 13:00:00,2025-09-04 06:52:44.470909254,65.88,0,0,5,Resolved
T01605,CU0519,A018,C06,Web,2025-07-10 17:00:00,2025-07-12 06:03:19.387885975,37.06,0,0,4,Resolved
T01606,CU0614,A012,C06,Chat,2025-06-16 12:00:00,2025-06-17 18:36:42.074679798,30.61,1,0,5,Resolved
T01607,CU0324,A014,C06,Web,2025-09-15 19:00:00,2025-09-16 19:13:08.334496340,24.22,1,0,5,Resolved
T01608,CU0350,A016,C01,Chat,2025-10-03 12:00:00,2025-10-04 18:48:01.170908337,30.8,0,1,3,Resolved
T01609,CU0372,A013,C03,Chat,2025-06-29 11:00:00,2025-06-30 01:57:41.206932237,14.96,1,0,5,Resolved
T01610,CU0873,A016,C06,Email,2025-01-12 09:00:00,2025-01-13 12:23:55.035082723,27.4,1,0,4,Resolved
T01611,CU0426,A006,C06,Web,2025-02-07 18:00:00,2025-02-09 02:15:31.033936285,32.26,1,0,4,Resolved
T01612,CU0777,A006,C05,Chat,2025-02-22 11:00:00,2025-02-23 12:46:04.620210488,25.77,1,0,5,Resolved
T01613,CU0289,A004,C05,Chat,2025-06-18 18:00:00,2025-06-20 01:06:33.653819012,31.11,1,0,4,Resolved
T01614,CU0617,A004,C04,Chat,2025-08-13 09:00:00,2025-08-13 23:03:09.450670640,14.05,1,0,5,Resolved
T01615,CU0247,A010,C03,Chat,2025-10-21 14:00:00,,11.27,1,0,4,Open
T01616,CU0358,A017,C06,Web,2025-03-26 13:00:00,2025-03-28 02:09:17.140406544,37.15,0,1,4,Resolved
T01617,CU0773,A004,C03,Web,2025-10-15 13:00:00,2025-10-15 21:05:36.665453929,8.09,1,0,5,Resolved
T01618,CU0616,A013,C05,Email,2025-09-01 10:00:00,2025-09-06 15:42:15.052482241,125.7,0,1,2,Resolved
T01619,CU0438,A002,C05,Chat,2025-01-19 08:00:00,2025-01-21 14:02:14.360268199,54.04,0,1,3,Resolved
T01620,CU0368,A018,C06,Email,2025-05-09 12:00:00,2025-05-10 21:19:50.758974904,33.33,1,0,5,Resolved
T01621,CU0720,A010,C03,Email,2025-04-21 14:00:00,2025-04-21 21:46:52.707287560,7.78,1,0,4,Resolved
T01622,CU0140,A009,C05,Chat,2025-11-20 18:00:00,2025-11-21 15:42:02.893693143,21.7,1,0,4,Resolved
T01623,CU0764,A007,C01,Chat,2025-12-03 14:00:00,2025-12-04 04:56:56.531208566,14.95,0,0,4,Resolved
T01624,CU0557,A018,C01,Email,2025-10-27 11:00:00,2025-10-30 02:12:10.631789308,63.2,0,1,4,Resolved
T01625,CU0297,A008,C04,Web,2025-07-12 11:00:00,2025-07-13 11:06:13.459212464,24.1,0,0,5,Resolved
T01626,CU0629,A003,C01,Chat,2025-06-29 15:00:00,2025-06-30 03:45:24.554100434,12.76,0,0,5,Resolved
T01627,CU0892,A011,C06,Email,2025-04-24 13:00:00,2025-04-25 20:39:42.858491799,31.66,1,0,4,Resolved
T01628,CU0315,A011,C06,Email,2025-10-10 19:00:00,2025-10-11 12:04:23.034696736,17.07,1,0,4,Resolved
T01629,CU0354,A014,C01,Web,2025-02-01 13:00:00,2025-02-02 01:31:09.409040601,12.52,0,0,5,Resolved
T01630,CU0837,A009,C06,Web,2025-04-09 15:00:00,2025-04-10 06:13:51.583470535,15.23,1,0,4,Resolved
T01631,CU0310,A006,C04,Chat,2025-02-19 08:00:00,2025-02-19 14:22:47.169747732,6.38,1,0,5,Resolved
T01632,CU0769,A001,C05,Chat,2025-06-30 10:00:00,2025-07-01 07:19:20.003155262,21.32,1,1,4,Resolved
T01633,CU0810,A018,C06,Email,2025-04-20 19:00:00,2025-04-22 18:18:49.657318300,47.31,0,1,4,Resolved
T01634,CU0525,A004,C05,Web,2025-03-14 12:00:00,2025-03-15 18:12:33.594819051,30.21,1,0,4,Resolved
T01635,CU0074,A007,C01,Chat,2025-05-18 13:00:00,2025-05-18 21:22:17.237461072,8.37,1,0,5,Resolved
T01636,CU0055,A003,C01,Email,2025-11-11 15:00:00,2025-11-11 22:56:41.055292068,7.94,1,0,5,Resolved
T01637,CU0253,A005,C04,Web,2025-07-23 08:00:00,2025-07-23 16:29:02.426586813,8.48,1,0,5,Resolved
T01638,CU0016,A002,C06,Chat,2025-10-28 14:00:00,2025-10-29 08:29:11.811367996,18.49,1,0,5,Resolved
T01639,CU0687,A007,C05,Chat,2025-11-30 12:00:00,2025-12-01 11:26:53.661712419,23.45,1,0,4,Resolved
T01640,CU0576,A018,C03,Chat,2025-11-26 09:00:00,2025-11-26 18:01:57.390491359,9.03,1,0,5,Resolved
T01641,CU0410,A005,C01,Chat,2025-05-09 13:00:00,2025-05-09 19:22:33.739037418,6.38,1,0,4,Resolved
T01642,CU0733,A018,C06,Email,2025-11-17 13:00:00,2025-11-18 04:22:04.827331765,15.37,1,0,5,Resolved
T01643,CU0121,A012,C03,Chat,2025-11-28 10:00:00,2025-11-29 08:02:48.472888718,22.05,1,0,5,Resolved
T01644,CU0451,A017,C05,Email,2025-12-17 15:00:00,2025-12-19 08:44:18.632909374,41.74,1,0,4,Resolved
T01645,CU0305,A012,C05,Chat,2025-05-09 17:00:00,2025-05-10 10:19:11.232835870,17.32,1,0,5,Resolved
T01646,CU0022,A018,C02,Email,2025-03-25 11:00:00,2025-03-25 23:15:02.077102155,12.25,1,0,4,Resolved
T01647,CU0431,A010,C01,Chat,2025-08-02 20:00:00,2025-08-03 19:36:23.949705484,23.61,0,0,5,Resolved
T01648,CU0131,A015,C03,Email,2025-12-07 15:00:00,2025-12-08 01:56:02.118151590,10.93,1,0,5,Resolved
T01649,CU0042,A001,C03,Chat,2025-11-25 18:00:00,2025-11-26 14:35:53.272974789,20.6,1,0,5,Resolved
T01650,CU0191,A017,C05,Email,2025-07-28 08:00:00,,59.9,0,1,4,Open
T01651,CU0176,A001,C06,Chat,2025-02-24 17:00:00,,49.88,0,1,4,Open
T01652,CU0565,A004,C02,Email,2025-06-04 12:00:00,2025-06-05 03:59:27.101711331,15.99,1,0,5,Resolved
T01653,CU0714,A014,C04,Chat,2025-09-18 17:00:00,2025-09-19 04:35:46.108239277,11.6,1,0,5,Resolved
T01654,CU0438,A005,C01,Chat,2025-07-24 18:00:00,2025-07-25 04:33:08.341869056,10.55,1,0,4,Resolved
T01655,CU0578,A001,C02,Email,2025-05-07 11:00:00,2025-05-08 01:31:19.673831352,14.52,1,0,5,Resolved
T01656,CU0092,A016,C06,Chat,2025-05-06 11:00:00,2025-05-07 10:59:21.920033547,23.99,1,0,3,Resolved
T01657,CU0708,A010,C06,Web,2025-01-22 08:00:00,2025-01-23 00:50:46.405914082,16.85,1,1,4,Resolved
T01658,CU0452,A009,C06,Email,2025-04-16 15:00:00,2025-04-18 10:44:24.422482561,43.74,0,0,5,Resolved
T01659,CU0386,A006,C02,Chat,2025-09-02 18:00:00,2025-09-04 05:19:39.214087730,35.33,0,1,3,Resolved
T01660,CU0783,A013,C04,Web,2025-03-30 13:00:00,2025-03-30 19:52:32.934711046,6.88,1,0,5,Resolved
T01661,CU0283,A006,C04,Chat,2025-12-29 10:00:00,2025-12-29 19:36:27.854131629,9.61,1,0,4,Resolved
T01662,CU0396,A011,C06,Web,2025-01-31 12:00:00,2025-02-01 10:35:30.501558952,22.59,1,0,4,Resolved
T01663,CU0834,A003,C05,Chat,2025-08-03 13:00:00,2025-08-04 16:49:29.335224784,27.82,1,0,5,Resolved
T01664,CU0135,A006,C06,Email,2025-07-01 19:00:00,2025-07-02 11:18:01.579274424,16.3,1,0,5,Resolved
T01665,CU0470,A001,C02,Web,2025-11-01 09:00:00,2025-11-01 19:21:11.333105611,10.35,1,0,4,Resolved
T01666,CU0521,A006,C04,Chat,2025-11-21 12:00:00,2025-11-21 21:22:12.037895731,9.37,1,0,5,Resolved
T01667,CU0631,A007,C06,Email,2025-07-18 16:00:00,2025-07-19 11:44:27.432989912,19.74,1,0,5,Resolved
T01668,CU0837,A014,C03,Chat,2025-08-19 11:00:00,2025-08-20 10:33:49.830973732,23.56,1,0,5,Resolved
T01669,CU0310,A015,C05,Email,2025-09-13 19:00:00,2025-09-17 19:23:57.124617288,96.4,0,1,3,Resolved
T01670,CU0105,A010,C04,Chat,2025-07-10 19:00:00,2025-07-11 20:05:32.049570282,25.09,0,1,4,Resolved
T01671,CU0360,A017,C06,Chat,2025-03-09 12:00:00,2025-03-10 16:48:35.542675213,28.81,1,1,3,Resolved
T01672,CU0141,A007,C02,Chat,2025-06-06 17:00:00,2025-06-06 23:06:56.802495445,6.12,1,0,5,Resolved
T01673,CU0656,A009,C06,Email,2025-03-30 17:00:00,2025-04-01 03:29:57.833241529,34.5,1,0,4,Resolved
T01674,CU0511,A012,C03,Web,2025-06-19 16:00:00,2025-06-20 10:09:27.400154277,18.16,1,0,5,Resolved
T01675,CU0682,A004,C04,Web,2025-08-13 10:00:00,2025-08-14 03:02:33.191766661,17.04,1,0,5,Resolved
T01676,CU0306,A008,C04,Email,2025-03-18 08:00:00,2025-03-19 10:17:19.541822978,26.29,0,0,4,Resolved
T01677,CU0860,A017,C02,Web,2025-04-02 12:00:00,2025-04-02 23:47:02.411704820,11.78,1,1,4,Resolved
T01678,CU0807,A009,C06,Web,2025-10-28 09:00:00,2025-10-28 15:51:23.685033344,6.86,1,0,4,Resolved
T01679,CU0825,A017,C06,Email,2025-05-18 11:00:00,2025-05-19 02:33:42.596054060,15.56,1,0,5,Resolved
T01680,CU0642,A013,C06,Chat,2025-03-14 16:00:00,2025-03-15 23:06:43.480986732,31.11,1,0,5,Resolved
T01681,CU0169,A004,C06,Email,2025-09-18 15:00:00,2025-09-20 05:13:13.108755446,38.22,0,0,4,Resolved
T01682,CU0133,A009,C05,Chat,2025-09-19 10:00:00,2025-09-20 13:05:39.683751936,27.09,1,0,5,Resolved
T01683,CU0862,A007,C04,Web,2025-10-29 08:00:00,2025-10-29 13:48:24.329608776,5.81,1,0,5,Resolved
T01684,CU0784,A018,C06,Chat,2025-10-05 10:00:00,2025-10-06 07:18:45.614777378,21.31,1,0,4,Resolved
T01685,CU0793,A007,C01,Chat,2025-12-29 13:00:00,2025-12-29 17:33:58.609170176,4.57,1,0,5,Resolved
T01686,CU0579,A009,C06,Web,2025-07-29 18:00:00,2025-07-31 17:43:43.747047429,47.73,0,0,4,Resolved
T01687,CU0771,A013,C04,Chat,2025-04-15 12:00:00,2025-04-15 21:08:27.053219918,9.14,1,0,4,Resolved
T01688,CU0445,A018,C05,Web,2025-11-11 11:00:00,2025-11-12 10:22:39.852973326,23.38,1,0,5,Resolved
T01689,CU0146,A010,C03,Web,2025-04-07 15:00:00,2025-04-08 03:05:07.041919632,12.09,1,0,5,Resolved
T01690,CU0231,A016,C03,Email,2025-04-17 08:00:00,2025-04-18 03:08:12.851200780,19.14,1,0,5,Resolved
T01691,CU0767,A003,C01,Email,2025-10-30 10:00:00,2025-10-30 18:09:17.543671567,8.15,1,0,5,Resolved
T01692,CU0585,A017,C04,Chat,2025-11-18 08:00:00,2025-11-18 20:02:47.481657511,12.05,1,0,5,Resolved
T01693,CU0898,A004,C03,Chat,2025-05-04 14:00:00,2025-05-05 08:26:07.364637211,18.44,1,0,5,Resolved
T01694,CU0809,A014,C02,Web,2025-09-24 13:00:00,2025-09-25 06:20:49.814209575,17.35,1,0,5,Resolved
T01695,CU0684,A010,C02,Chat,2025-12-03 15:00:00,2025-12-04 01:43:46.295351590,10.73,1,1,5,Resolved
T01696,CU0035,A011,C05,Chat,2025-10-19 16:00:00,2025-10-20 14:18:58.583135210,22.32,1,0,5,Resolved
T01697,CU0167,A002,C03,Chat,2025-01-02 13:00:00,,14.23,1,0,5,Open
T01698,CU0338,A010,C06,Email,2025-08-31 19:00:00,2025-09-05 15:40:49.643299326,116.68,0,1,3,Resolved
T01699,CU0033,A002,C01,Email,2025-03-04 19:00:00,2025-03-05 00:19:08.988640003,5.32,1,1,3,Resolved
T01700,CU0843,A010,C05,Chat,2025-11-05 09:00:00,2025-11-06 10:40:23.532176211,25.67,1,0,5,Resolved
T01701,CU0206,A008,C02,Chat,2025-01-25 19:00:00,2025-01-26 09:37:58.708052115,14.63,1,0,5,Resolved
T01702,CU0345,A004,C04,Web,2025-12-29 10:00:00,2025-12-29 19:35:47.299300069,9.6,1,0,5,Resolved
T01703,CU0608,A009,C04,Chat,2025-03-06 11:00:00,2025-03-07 04:50:07.203721905,17.84,1,0,4,Resolved
T01704,CU0033,A004,C05,Chat,2025-06-03 14:00:00,2025-06-04 16:58:54.535475330,26.98,1,0,4,Resolved
T01705,CU0573,A002,C04,Chat,2025-03-27 08:00:00,2025-03-27 17:53:53.474415946,9.9,1,0,5,Resolved
T01706,CU0092,A001,C04,Email,2025-10-25 12:00:00,2025-10-26 03:52:14.717798882,15.87,1,0,5,Resolved
T01707,CU0813,A007,C02,Chat,2025-05-24 10:00:00,2025-05-25 17:37:21.988757658,31.62,0,0,5,Resolved
T01708,CU0622,A014,C04,Chat,2025-09-29 14:00:00,2025-09-30 16:31:34.004409996,26.53,0,0,5,Resolved
T01709,CU0303,A011,C03,Email,2025-01-25 18:00:00,2025-01-26 09:59:09.931314188,15.99,1,0,4,Resolved
T01710,CU0631,A003,C05,Chat,2025-06-15 20:00:00,2025-06-17 02:19:00.894177811,30.32,1,0,3,Resolved
T01711,CU0283,A008,C04,Web,2025-11-29 10:00:00,2025-11-29 21:14:01.350082053,11.23,1,0,5,Resolved
T01712,CU0104,A011,C06,Web,2025-12-05 15:00:00,2025-12-06 17:42:34.801091629,26.71,1,0,4,Resolved
T01713,CU0009,A005,C04,Email,2025-03-18 14:00:00,2025-03-18 21:30:45.549600026,7.51,1,0,4,Resolved
T01714,CU0198,A003,C02,Chat,2025-05-24 13:00:00,2025-05-25 10:20:19.490043224,21.34,1,0,4,Resolved
T01715,CU0637,A005,C02,Chat,2025-05-30 16:00:00,2025-05-31 07:21:50.639306875,15.36,1,0,5,Resolved
T01716,CU0508,A002,C01,Email,2025-07-26 20:00:00,2025-07-27 06:02:07.349417865,10.04,1,0,5,Resolved
T01717,CU0246,A005,C04,Chat,2025-07-16 13:00:00,2025-07-16 20:56:47.638904931,7.95,1,0,5,Resolved
T01718,CU0618,A010,C06,Email,2025-02-08 08:00:00,2025-02-09 09:42:38.276665988,25.71,1,0,5,Resolved
T01719,CU0350,A015,C06,Chat,2025-10-06 19:00:00,2025-10-07 05:39:52.577010180,10.66,1,0,5,Resolved
T01720,CU0142,A016,C04,Email,2025-03-24 20:00:00,2025-03-25 04:28:00.493250476,8.47,1,0,5,Resolved
T01721,CU0612,A013,C02,Chat,2025-04-25 12:00:00,2025-04-25 22:51:58.566747502,10.87,1,0,5,Resolved
T01722,CU0411,A007,C06,Chat,2025-11-03 14:00:00,2025-11-04 18:26:47.249625116,28.45,1,0,4,Resolved
T01723,CU0598,A017,C01,Chat,2025-09-09 19:00:00,2025-09-10 18:51:38.638264600,23.86,0,0,4,Resolved
T01724,CU0506,A017,C03,Chat,2025-05-25 14:00:00,2025-05-26 16:49:38.524980417,26.83,0,1,4,Resolved
T01725,CU0092,A007,C06,Chat,2025-11-30 14:00:00,2025-12-02 13:58:25.978608537,47.97,0,0,5,Resolved
T01726,CU0045,A001,C03,Chat,2025-05-24 19:00:00,2025-05-25 17:43:37.623565545,22.73,1,0,4,Resolved
T01727,CU0091,A008,C01,Web,2025-07-26 18:00:00,2025-07-27 10:59:20.988009369,16.99,0,0,5,Resolved
T01728,CU0202,A009,C02,Chat,2025-03-31 14:00:00,2025-04-01 22:17:24.819949647,32.29,0,0,5,Resolved
T01729,CU0202,A013,C05,Chat,2025-03-08 10:00:00,2025-03-09 13:12:28.843194391,27.21,1,1,4,Resolved
T01730,CU0828,A003,C02,Email,2025-06-29 13:00:00,2025-06-29 22:46:48.734101822,9.78,1,0,5,Resolved
T01731,CU0705,A010,C05,Chat,2025-07-25 16:00:00,2025-07-28 07:15:52.718310640,63.26,0,0,5,Resolved
T01732,CU0792,A006,C04,Web,2025-10-22 11:00:00,2025-10-22 21:58:54.504171328,10.98,1,0,5,Resolved
T01733,CU0427,A009,C03,Chat,2025-05-23 14:00:00,2025-05-24 12:54:07.132770385,22.9,1,1,4,Resolved
T01734,CU0291,A001,C02,Web,2025-11-23 16:00:00,2025-11-24 04:31:04.332214682,12.52,1,0,4,Resolved
T01735,CU0363,A010,C06,Email,2025-08-10 09:00:00,2025-08-11 13:52:25.608181807,28.87,1,0,4,Resolved
T01736,CU0782,A001,C03,Chat,2025-01-26 15:00:00,2025-01-28 02:15:11.664644331,35.25,0,0,5,Resolved
T01737,CU0320,A016,C05,Chat,2025-09-27 17:00:00,2025-09-28 21:32:36.084188569,28.54,1,0,4,Resolved
T01738,CU0570,A013,C04,Chat,2025-07-29 10:00:00,2025-07-30 05:10:31.692645688,19.18,0,0,5,Resolved
T01739,CU0131,A017,C01,Email,2025-05-23 15:00:00,2025-05-24 03:21:23.973332259,12.36,0,1,4,Resolved
T01740,CU0884,A012,C04,Chat,2025-06-20 17:00:00,2025-06-20 22:24:18.288716065,5.41,1,0,5,Resolved
T01741,CU0578,A018,C04,Email,2025-04-21 08:00:00,2025-04-21 15:34:07.941303591,7.57,1,0,4,Resolved
T01742,CU0870,A004,C04,Email,2025-08-13 16:00:00,2025-08-14 02:26:57.841422252,10.45,1,0,5,Resolved
T01743,CU0266,A001,C06,Chat,2025-07-26 11:00:00,2025-07-28 22:23:32.165114118,59.39,0,1,3,Resolved
T01744,CU0556,A017,C06,Email,2025-06-13 13:00:00,2025-06-14 10:11:37.782324744,21.19,1,0,4,Resolved
T01745,CU0247,A012,C06,Web,2025-04-15 16:00:00,2025-04-16 16:03:19.518660093,24.06,1,0,4,Resolved
T01746,CU0422,A013,C05,Chat,2025-05-26 08:00:00,2025-05-27 03:37:36.534644292,19.63,1,1,5,Resolved
T01747,CU0291,A006,C04,Chat,2025-07-01 08:00:00,2025-07-03 00:06:05.671862690,40.1,0,0,5,Resolved
T01748,CU0129,A007,C05,Chat,2025-06-22 13:00:00,2025-06-23 21:00:33.335651887,32.01,1,0,4,Resolved
T01749,CU0398,A013,C03,Chat,2025-04-23 20:00:00,2025-04-24 21:57:41.393945246,25.96,0,1,3,Resolved
T01750,CU0478,A008,C06,Chat,2025-08-01 08:00:00,2025-08-02 13:36:20.729011438,29.61,1,0,4,Resolved
T01751,CU0142,A002,C06,Chat,2025-03-24 18:00:00,2025-03-25 12:38:16.197495194,18.64,1,0,5,Resolved
T01752,CU0359,A006,C02,Email,2025-07-02 08:00:00,2025-07-04 02:22:40.211516312,42.38,0,0,3,Resolved
T01753,CU0085,A007,C06,Chat,2025-02-14 14:00:00,2025-02-15 00:33:08.555646812,10.55,1,0,5,Resolved
T01754,CU0582,A015,C06,Email,2025-06-22 13:00:00,2025-06-23 17:20:23.262511930,28.34,1,0,5,Resolved
T01755,CU0282,A007,C04,Chat,2025-10-14 14:00:00,2025-10-14 20:22:37.676469385,6.38,1,0,5,Resolved
T01756,CU0081,A009,C06,Chat,2025-10-26 09:00:00,2025-10-27 05:50:05.327987888,20.83,1,0,5,Resolved
T01757,CU0462,A011,C01,Chat,2025-09-11 17:00:00,2025-09-12 00:41:02.921835400,7.68,1,0,4,Resolved
T01758,CU0752,A003,C01,Chat,2025-09-30 11:00:00,2025-09-30 19:00:58.263053551,8.02,1,1,3,Resolved
T01759,CU0893,A011,C03,Chat,2025-01-25 18:00:00,2025-01-26 11:16:23.890304920,17.27,1,0,5,Resolved
T01760,CU0871,A004,C04,Chat,2025-05-05 16:00:00,2025-05-05 19:27:48.631396348,3.46,1,0,5,Resolved
T01761,CU0157,A016,C03,Email,2025-08-27 15:00:00,2025-08-28 09:52:48.030205461,18.88,1,0,5,Resolved
T01762,CU0189,A006,C06,Chat,2025-10-20 12:00:00,2025-10-21 17:17:08.188156640,29.29,1,1,4,Resolved
T01763,CU0804,A006,C02,Chat,2025-08-01 16:00:00,2025-08-02 01:43:14.006610498,9.72,1,0,5,Resolved
T01764,CU0570,A008,C03,Chat,2025-11-08 20:00:00,2025-11-10 05:35:15.942507903,33.59,0,0,4,Resolved
T01765,CU0489,A007,C05,Chat,2025-04-10 20:00:00,2025-04-12 00:56:35.155929030,28.94,1,1,4,Resolved
T01766,CU0722,A011,C01,Chat,2025-02-26 19:00:00,2025-02-27 02:11:20.957795116,7.19,1,0,4,Resolved
T01767,CU0059,A014,C05,Chat,2025-02-01 10:00:00,2025-02-02 09:44:51.967673088,23.75,1,0,5,Resolved
T01768,CU0499,A018,C03,Email,2025-08-01 15:00:00,2025-08-02 11:58:32.825292783,20.98,1,0,5,Resolved
T01769,CU0516,A016,C06,Email,2025-08-31 13:00:00,2025-09-03 09:01:39.770984067,68.03,0,0,3,Resolved
T01770,CU0842,A005,C05,Web,2025-04-15 20:00:00,2025-04-19 18:20:03.296606787,94.33,0,0,3,Resolved
T01771,CU0421,A011,C01,Web,2025-10-14 20:00:00,2025-10-15 07:11:22.334735004,11.19,1,0,5,Resolved
T01772,CU0461,A006,C01,Chat,2025-09-27 19:00:00,2025-09-28 11:42:29.471752389,16.71,0,0,5,Resolved
T01773,CU0721,A015,C01,Chat,2025-05-12 10:00:00,2025-05-13 03:19:10.254493300,17.32,0,0,4,Resolved
T01774,CU0244,A001,C06,Web,2025-03-29 12:00:00,2025-03-30 22:06:51.727702993,34.11,1,1,3,Resolved
T01775,CU0063,A018,C05,Chat,2025-09-28 17:00:00,2025-10-02 15:54:51.560237379,94.91,0,0,5,Resolved
T01776,CU0425,A007,C04,Chat,2025-09-03 17:00:00,2025-09-04 13:06:44.590767159,20.11,0,0,5,Resolved
T01777,CU0550,A014,C02,Email,2025-03-04 12:00:00,2025-03-05 02:56:13.753058985,14.94,1,0,5,Resolved
T01778,CU0440,A013,C06,Email,2025-04-04 09:00:00,2025-04-05 14:16:08.437397876,29.27,1,0,5,Resolved
T01779,CU0636,A007,C02,Chat,2025-06-27 09:00:00,2025-06-27 15:10:05.800567249,6.17,1,0,4,Resolved
T01780,CU0229,A018,C05,Chat,2025-07-06 16:00:00,2025-07-08 21:24:00.892404925,53.4,0,0,3,Resolved
T01781,CU0013,A005,C06,Chat,2025-03-02 13:00:00,2025-03-03 01:28:50.789114648,12.48,1,0,5,Resolved
T01782,CU0709,A014,C03,Chat,2025-12-13 14:00:00,2025-12-13 22:10:52.419746614,8.18,1,0,5,Resolved
T01783,CU0766,A017,C04,Chat,2025-05-22 18:00:00,2025-05-23 05:59:50.671236087,12.0,1,0,5,Resolved
T01784,CU0556,A003,C02,Email,2025-05-20 08:00:00,2025-05-20 16:28:48.351439488,8.48,1,0,5,Resolved
T01785,CU0283,A017,C03,Chat,2025-01-23 17:00:00,2025-01-24 09:56:44.400531483,16.95,1,0,5,Resolved
T01786,CU0334,A017,C06,Chat,2025-11-16 11:00:00,2025-11-17 13:36:24.914513901,26.61,1,0,5,Resolved
T01787,CU0432,A007,C05,Chat,2025-03-27 20:00:00,2025-03-29 05:39:41.978497543,33.66,1,0,4,Resolved
T01788,CU0380,A016,C06,Web,2025-12-27 20:00:00,2025-12-28 12:38:36.686392929,16.64,1,0,5,Resolved
T01789,CU0202,A001,C04,Chat,2025-07-01 14:00:00,2025-07-02 11:05:51.597949117,21.1,0,0,5,Resolved
T01790,CU0335,A004,C02,Chat,2025-11-16 12:00:00,2025-11-17 01:26:56.241163680,13.45,1,0,5,Resolved
T01791,CU0269,A014,C05,Email,2025-03-07 11:00:00,2025-03-09 00:48:22.068241239,37.81,1,0,4,Resolved
T01792,CU0404,A017,C04,Chat,2025-03-02 10:00:00,2025-03-02 16:25:13.833520420,6.42,1,0,5,Resolved
T01793,CU0338,A003,C02,Chat,2025-10-20 20:00:00,2025-10-21 08:55:13.554954832,12.92,1,0,5,Resolved
T01794,CU0476,A013,C04,Chat,2025-10-27 10:00:00,2025-10-28 04:01:24.686187232,18.02,0,0,5,Resolved
T01795,CU0727,A002,C05,Web,2025-07-18 13:00:00,2025-07-21 13:27:11.733627589,72.45,0,0,3,Resolved
T01796,CU0298,A015,C05,Email,2025-01-12 14:00:00,2025-01-13 11:39:15.592889217,21.65,1,0,4,Resolved
T01797,CU0053,A017,C02,Email,2025-12-11 16:00:00,2025-12-12 02:57:08.542750478,10.95,1,0,5,Resolved
T01798,CU0737,A009,C06,Web,2025-05-24 18:00:00,2025-05-25 10:01:19.431787015,16.02,1,0,4,Resolved
T01799,CU0168,A002,C03,Email,2025-12-08 15:00:00,2025-12-09 03:39:07.756835932,12.65,1,0,4,Resolved
T01800,CU0836,A004,C02,Chat,2025-11-14 17:00:00,2025-11-15 00:27:33.892479723,7.46,1,0,5,Resolved
T01801,CU0476,A010,C02,Chat,2025-11-07 15:00:00,2025-11-08 04:09:21.612252668,13.16,1,0,5,Resolved
T01802,CU0471,A015,C06,Chat,2025-09-09 13:00:00,2025-09-11 15:12:26.675113140,50.21,0,0,3,Resolved
T01803,CU0368,A010,C03,Chat,2025-09-03 10:00:00,2025-09-04 01:17:02.020549923,15.28,1,0,5,Resolved
T01804,CU0641,A009,C04,Email,2025-07-14 10:00:00,2025-07-14 23:31:02.872564341,13.52,1,0,5,Resolved
T01805,CU0588,A011,C02,Chat,2025-01-10 13:00:00,2025-01-11 01:40:39.195220972,12.68,1,0,4,Resolved
T01806,CU0838,A018,C05,Chat,2025-05-22 08:00:00,2025-05-24 09:50:19.112417782,49.84,0,0,5,Resolved
T01807,CU0015,A015,C06,Chat,2025-09-24 12:00:00,2025-09-25 16:40:30.862149578,28.68,1,0,5,Resolved
T01808,CU0173,A003,C03,Chat,2025-10-24 14:00:00,2025-10-25 03:07:22.784868094,13.12,1,0,5,Resolved
T01809,CU0250,A004,C06,Web,2025-07-24 14:00:00,2025-07-25 15:48:15.451094538,25.8,1,0,4,Resolved
T01810,CU0171,A007,C01,Chat,2025-09-16 18:00:00,2025-09-17 00:08:15.106994311,6.14,1,0,4,Resolved
T01811,CU0854,A005,C01,Chat,2025-01-08 20:00:00,2025-01-09 06:09:03.693735504,10.15,1,0,5,Resolved
T01812,CU0066,A014,C05,Email,2025-06-20 17:00:00,2025-06-21 22:10:16.889709547,29.17,1,0,5,Resolved
T01813,CU0110,A018,C05,Email,2025-07-05 09:00:00,2025-07-07 08:59:29.788026907,47.99,1,0,3,Resolved
T01814,CU0398,A011,C02,Chat,2025-11-22 13:00:00,2025-11-23 13:50:41.045198233,24.84,0,0,5,Resolved
T01815,CU0238,A017,C04,Chat,2025-04-24 17:00:00,2025-04-25 17:26:20.597188498,24.44,0,1,3,Resolved
T01816,CU0299,A008,C03,Email,2025-03-25 15:00:00,2025-03-25 23:06:15.862799782,8.1,1,0,4,Resolved
T01817,CU0544,A013,C04,Chat,2025-05-09 13:00:00,2025-05-10 03:43:23.328907410,14.72,1,0,5,Resolved
T01818,CU0505,A013,C05,Email,2025-03-04 13:00:00,2025-03-05 23:18:47.297806916,34.31,1,0,4,Resolved
T01819,CU0778,A006,C06,Email,2025-07-23 13:00:00,2025-07-24 19:40:39.541681768,30.68,1,0,4,Resolved
T01820,CU0406,A014,C04,Email,2025-08-23 15:00:00,,16.32,1,0,4,Open
T01821,CU0844,A010,C05,Web,2025-10-20 10:00:00,2025-10-21 00:15:18.360575449,14.26,1,0,4,Resolved
T01822,CU0172,A011,C05,Web,2025-12-21 14:00:00,2025-12-24 15:02:29.227692372,73.04,0,1,3,Resolved
T01823,CU0176,A005,C03,Chat,2025-01-27 10:00:00,2025-01-28 07:25:59.293616019,21.43,1,0,5,Resolved
T01824,CU0353,A006,C02,Email,2025-04-01 16:00:00,2025-04-02 01:29:06.230180792,9.49,1,0,5,Resolved
T01825,CU0106,A016,C06,Email,2025-04-20 19:00:00,2025-04-21 18:26:11.184654159,23.44,1,1,3,Resolved
T01826,CU0027,A012,C02,Chat,2025-04-02 14:00:00,2025-04-02 20:30:19.646428852,6.51,1,0,5,Resolved
T01827,CU0335,A003,C06,Web,2025-10-29 13:00:00,2025-10-30 10:42:22.095608266,21.71,1,0,5,Resolved
T01828,CU0484,A010,C02,Web,2025-02-20 20:00:00,2025-02-21 07:15:59.165528608,11.27,1,0,5,Resolved
T01829,CU0250,A012,C06,Email,2025-01-11 16:00:00,2025-01-12 08:48:02.910548977,16.8,1,1,4,Resolved
T01830,CU0244,A015,C02,Chat,2025-11-11 13:00:00,2025-11-12 08:51:26.397028249,19.86,1,0,4,Resolved
T01831,CU0088,A016,C06,Chat,2025-12-17 08:00:00,2025-12-19 14:10:42.847352202,54.18,0,1,3,Resolved
T01832,CU0102,A012,C05,Web,2025-03-24 08:00:00,2025-03-25 14:37:14.380346362,30.62,1,0,5,Resolved
T01833,CU0795,A001,C01,Web,2025-05-02 10:00:00,2025-05-02 16:58:19.157751584,6.97,1,0,5,Resolved
T01834,CU0060,A009,C05,Chat,2025-07-03 11:00:00,2025-07-05 19:56:45.875010512,56.95,0,0,4,Resolved
T01835,CU0633,A004,C05,Chat,2025-07-11 17:00:00,2025-07-13 15:24:37.542873517,46.41,1,0,5,Resolved
T01836,CU0644,A001,C03,Email,2025-12-28 14:00:00,2025-12-29 02:44:39.454430319,12.74,1,1,3,Resolved
T01837,CU0183,A017,C02,Chat,2025-05-28 20:00:00,2025-05-29 06:26:13.014043670,10.44,1,0,5,Resolved
T01838,CU0223,A004,C05,Email,2025-01-05 15:00:00,2025-01-06 18:07:43.202155634,27.13,1,0,4,Resolved
T01839,CU0331,A005,C05,Web,2025-06-04 19:00:00,2025-06-06 05:39:46.592398753,34.66,1,0,5,Resolved
T01840,CU0593,A007,C03,Chat,2025-07-23 15:00:00,2025-07-24 12:51:05.822903278,21.85,1,0,5,Resolved
T01841,CU0033,A009,C06,Email,2025-07-08 12:00:00,2025-07-10 05:30:33.340093740,41.51,0,0,4,Resolved
T01842,CU0734,A011,C02,Email,2025-07-06 17:00:00,2025-07-07 02:01:21.758684930,9.02,1,0,5,Resolved
T01843,CU0307,A006,C01,Chat,2025-12-03 13:00:00,2025-12-03 23:47:30.594221761,10.79,1,0,5,Resolved
T01844,CU0450,A015,C05,Chat,2025-10-22 11:00:00,2025-10-23 18:02:51.677608034,31.05,1,0,4,Resolved
T01845,CU0819,A003,C01,Email,2025-04-02 14:00:00,2025-04-03 15:13:59.522570932,25.23,0,0,4,Resolved
T01846,CU0120,A018,C02,Email,2025-05-10 16:00:00,2025-05-11 03:45:32.525227663,11.76,1,0,5,Resolved
T01847,CU0853,A016,C04,Email,2025-09-01 12:00:00,2025-09-02 04:17:09.941839951,16.29,1,0,5,Resolved
T01848,CU0554,A011,C03,Web,2025-05-30 17:00:00,2025-06-02 05:43:31.419256098,60.73,0,0,4,Resolved
T01849,CU0385,A001,C02,Chat,2025-06-06 20:00:00,2025-06-07 11:16:39.957271687,15.28,1,0,5,Resolved
T01850,CU0065,A014,C05,Web,2025-03-03 13:00:00,2025-03-04 19:04:14.756651763,30.07,1,0,5,Resolved
T01851,CU0061,A013,C04,Email,2025-04-03 11:00:00,2025-04-03 19:36:26.918277325,8.61,1,1,4,Resolved
T01852,CU0736,A012,C06,Chat,2025-09-28 13:00:00,2025-10-01 16:06:40.461793462,75.11,0,0,4,Resolved
T01853,CU0362,A006,C05,Chat,2025-11-04 18:00:00,2025-11-05 12:24:02.704375454,18.4,1,0,5,Resolved
T01854,CU0686,A008,C04,Chat,2025-10-14 10:00:00,2025-10-14 23:19:51.961629993,13.33,1,0,4,Resolved
T01855,CU0750,A008,C02,Chat,2025-04-23 20:00:00,2025-04-24 07:18:47.000705511,11.31,1,0,5,Resolved
T01856,CU0362,A011,C06,Web,2025-02-19 13:00:00,2025-02-20 11:57:29.465082925,22.96,1,0,5,Resolved
T01857,CU0285,A006,C02,Email,2025-02-28 18:00:00,2025-03-01 01:22:35.095606892,7.38,1,0,5,Resolved
T01858,CU0243,A008,C02,Chat,2025-05-24 18:00:00,2025-05-25 19:37:20.419591191,25.62,0,0,5,Resolved
T01859,CU0573,A017,C06,Chat,2025-07-08 18:00:00,2025-07-10 03:19:22.044759060,33.32,1,0,3,Resolved
T01860,CU0639,A009,C05,Chat,2025-11-22 19:00:00,2025-11-23 12:56:34.592731944,17.94,1,0,3,Resolved
T01861,CU0315,A011,C05,Web,2025-11-25 10:00:00,2025-11-27 16:28:21.389454400,54.47,0,0,4,Resolved
T01862,CU0511,A017,C01,Email,2025-01-01 15:00:00,2025-01-01 21:22:34.495995774,6.38,1,0,5,Resolved
T01863,CU0486,A018,C01,Chat,2025-09-16 09:00:00,2025-09-16 20:54:14.418118821,11.9,1,0,4,Resolved
T01864,CU0131,A011,C04,Chat,2025-04-20 11:00:00,2025-04-21 06:35:49.694566236,19.6,0,1,3,Resolved
T01865,CU0474,A005,C05,Chat,2025-03-14 08:00:00,2025-03-15 22:22:15.694940175,38.37,1,0,5,Resolved
T01866,CU0684,A002,C04,Chat,2025-07-22 16:00:00,2025-07-22 21:14:23.016356185,5.24,1,0,5,Resolved
T01867,CU0866,A016,C01,Chat,2025-01-13 15:00:00,2025-01-14 01:56:21.095935875,10.94,1,0,5,Resolved
T01868,CU0301,A010,C02,Chat,2025-05-02 17:00:00,2025-05-03 06:22:48.967305801,13.38,1,0,5,Resolved
T01869,CU0215,A011,C05,Web,2025-07-21 10:00:00,2025-07-23 11:15:42.610036284,49.26,0,1,4,Resolved
T01870,CU0805,A018,C05,Chat,2025-04-10 12:00:00,2025-04-11 17:30:54.517325810,29.52,1,0,5,Resolved
T01871,CU0828,A007,C01,Web,2025-08-05 16:00:00,2025-08-05 20:57:42.806604297,4.96,1,0,4,Resolved
T01872,CU0747,A002,C01,Email,2025-06-17 18:00:00,2025-06-18 02:43:21.394373880,8.72,1,0,4,Resolved
T01873,CU0302,A013,C02,Chat,2025-10-19 19:00:00,2025-10-20 02:34:36.214451565,7.58,1,0,5,Resolved
T01874,CU0249,A018,C01,Chat,2025-03-08 08:00:00,2025-03-08 15:02:03.872244782,7.03,1,0,5,Resolved
T01875,CU0563,A004,C04,Email,2025-01-21 13:00:00,,11.8,1,0,5,Open
T01876,CU0230,A018,C01,Email,2025-07-13 08:00:00,2025-07-14 00:36:12.886472476,16.6,0,0,4,Resolved
T01877,CU0693,A010,C05,Chat,2025-04-04 18:00:00,2025-04-05 15:26:16.509374246,21.44,1,0,5,Resolved
T01878,CU0359,A011,C06,Web,2025-09-15 09:00:00,2025-09-18 09:33:49.283903055,72.56,0,0,4,Resolved
T01879,CU0295,A018,C06,Email,2025-02-04 18:00:00,2025-02-06 08:16:52.440571253,38.28,0,0,5,Resolved
T01880,CU0725,A006,C06,Email,2025-07-29 10:00:00,2025-07-30 23:58:21.629150259,37.97,0,1,3,Resolved
T01881,CU0320,A014,C02,Chat,2025-12-28 08:00:00,2025-12-28 16:30:01.652329486,8.5,1,0,5,Resolved
T01882,CU0118,A001,C01,Chat,2025-02-03 19:00:00,2025-02-03 23:10:39.169613636,4.18,1,0,4,Resolved
T01883,CU0716,A013,C03,Chat,2025-04-21 13:00:00,2025-04-22 08:12:40.951779076,19.21,1,0,4,Resolved
T01884,CU0285,A001,C05,Chat,2025-11-05 13:00:00,2025-11-06 11:14:49.373724138,22.25,1,0,4,Resolved
T01885,CU0590,A001,C01,Web,2025-07-14 16:00:00,2025-07-15 09:34:00.570118058,17.57,0,0,4,Resolved
T01886,CU0594,A007,C03,Chat,2025-03-05 11:00:00,2025-03-05 23:31:16.518918144,12.52,1,0,5,Resolved
T01887,CU0075,A007,C03,Chat,2025-03-19 16:00:00,2025-03-20 03:20:06.657760208,11.34,1,0,4,Resolved
T01888,CU0031,A015,C02,Email,2025-10-07 13:00:00,2025-10-08 04:33:07.196638366,15.55,1,0,4,Resolved
T01889,CU0739,A017,C05,Email,2025-11-11 11:00:00,2025-11-12 09:45:57.429844754,22.77,1,0,4,Resolved
T01890,CU0051,A017,C05,Chat,2025-05-12 13:00:00,2025-05-13 20:07:10.207747790,31.12,1,0,5,Resolved
T01891,CU0299,A012,C04,Email,2025-06-22 08:00:00,2025-06-23 01:08:34.833591333,17.14,1,0,4,Resolved
T01892,CU0686,A003,C06,Email,2025-10-13 11:00:00,2025-10-14 13:21:15.249888309,26.35,1,0,5,Resolved
T01893,CU0160,A013,C01,Chat,2025-03-06 15:00:00,2025-03-06 23:26:51.152340933,8.45,1,0,4,Resolved
T01894,CU0471,A009,C02,Chat,2025-03-17 09:00:00,2025-03-18 00:21:14.251987422,15.35,1,0,5,Resolved
T01895,CU0105,A010,C03,Email,2025-10-10 09:00:00,2025-10-10 16:56:07.012524087,7.94,1,0,5,Resolved
T01896,CU0502,A010,C05,Email,2025-03-10 16:00:00,2025-03-12 13:06:45.922581597,45.11,1,1,3,Resolved
T01897,CU0643,A016,C05,Chat,2025-10-09 13:00:00,2025-10-10 22:18:47.843705595,33.31,1,0,4,Resolved
T01898,CU0224,A007,C01,Chat,2025-07-01 09:00:00,2025-07-02 00:18:13.914323845,15.3,0,0,5,Resolved
T01899,CU0254,A018,C06,Email,2025-12-28 17:00:00,2025-12-30 01:50:05.487665215,32.83,1,0,2,Resolved
T01900,CU0479,A010,C03,Chat,2025-01-13 18:00:00,2025-01-14 09:31:23.563631913,15.52,1,0,4,Resolved
T01901,CU0713,A013,C03,Web,2025-12-12 08:00:00,2025-12-13 11:03:10.044285674,27.05,0,0,4,Resolved
T01902,CU0491,A017,C05,Chat,2025-03-24 10:00:00,2025-03-25 13:10:30.582829063,27.18,1,0,4,Resolved
T01903,CU0632,A015,C06,Email,2025-01-13 12:00:00,2025-01-14 15:56:27.738562952,27.94,1,0,5,Resolved
T01904,CU0373,A008,C05,Web,2025-09-22 17:00:00,2025-09-24 09:42:17.053683012,40.7,1,0,4,Resolved
T01905,CU0116,A004,C06,Chat,2025-07-14 08:00:00,2025-07-16 16:42:24.087888212,56.71,0,1,4,Resolved
T01906,CU0868,A003,C02,Email,2025-11-02 18:00:00,2025-11-03 05:49:05.358808549,11.82,1,0,5,Resolved
T01907,CU0717,A007,C05,Chat,2025-02-09 12:00:00,2025-02-12 05:03:53.685723797,65.06,0,0,4,Resolved
T01908,CU0045,A012,C06,Email,2025-01-30 09:00:00,2025-02-01 22:58:20.624824398,61.97,0,0,3,Resolved
T01909,CU0249,A015,C04,Web,2025-07-27 19:00:00,2025-07-28 15:51:50.578715595,20.86,0,0,4,Resolved
T01910,CU0374,A001,C03,Web,2025-11-18 09:00:00,2025-11-19 19:00:53.416201395,34.01,0,0,5,Resolved
T01911,CU0074,A009,C06,Chat,2025-05-29 09:00:00,2025-05-30 00:15:27.493345011,15.26,1,1,5,Resolved
T01912,CU0772,A017,C02,Web,2025-10-19 20:00:00,2025-10-20 03:23:05.639208046,7.38,1,0,5,Resolved
T01913,CU0156,A015,C04,Web,2025-11-27 14:00:00,2025-11-27 23:31:05.083546346,9.52,1,0,5,Resolved
T01914,CU0186,A017,C06,Chat,2025-11-14 14:00:00,2025-11-15 21:04:16.238664303,31.07,1,1,5,Resolved
T01915,CU0286,A018,C06,Web,2025-07-05 16:00:00,2025-07-07 10:08:10.416046210,42.14,0,1,4,Resolved
T01916,CU0842,A002,C06,Chat,2025-09-12 16:00:00,2025-09-13 10:02:04.387555996,18.03,1,0,4,Resolved
T01917,CU0204,A013,C06,Web,2025-07-11 15:00:00,2025-07-14 20:20:53.565100173,77.35,0,1,3,Resolved
T01918,CU0383,A010,C01,Web,2025-09-04 08:00:00,2025-09-05 10:59:45.805814131,27.0,0,0,5,Resolved
T01919,CU0615,A009,C06,Chat,2025-07-26 15:00:00,2025-07-29 10:12:05.213281183,67.2,0,0,4,Resolved
T01920,CU0141,A015,C04,Chat,2025-07-11 11:00:00,2025-07-12 09:56:53.629018998,22.95,0,0,5,Resolved
T01921,CU0081,A017,C05,Web,2025-06-09 18:00:00,2025-06-11 04:19:13.575567500,34.32,1,0,4,Resolved
T01922,CU0084,A009,C03,Chat,2025-08-27 14:00:00,2025-08-28 04:53:25.863225118,14.89,1,0,5,Resolved
T01923,CU0166,A012,C06,Chat,2025-10-02 09:00:00,2025-10-03 10:49:45.846557374,25.83,1,0,4,Resolved
T01924,CU0295,A009,C05,Chat,2025-12-02 19:00:00,2025-12-06 02:57:28.893335187,79.96,0,0,4,Resolved
T01925,CU0847,A012,C06,Chat,2025-08-12 11:00:00,2025-08-13 19:13:43.126325540,32.23,1,0,5,Resolved
T01926,CU0828,A018,C02,Chat,2025-02-06 11:00:00,2025-02-06 22:24:29.280689402,11.41,1,0,4,Resolved
T01927,CU0513,A015,C02,Chat,2025-08-03 20:00:00,2025-08-05 01:29:40.226423791,29.49,0,0,4,Resolved
T01928,CU0846,A005,C04,Web,2025-04-26 18:00:00,2025-04-27 12:39:13.956468760,18.65,0,0,4,Resolved
T01929,CU0027,A016,C01,Email,2025-01-10 19:00:00,2025-01-11 00:27:44.590355956,5.46,1,0,5,Resolved
T01930,CU0507,A010,C05,Web,2025-01-27 16:00:00,2025-01-28 19:33:31.404657718,27.56,1,0,4,Resolved
T01931,CU0400,A011,C03,Chat,2025-08-04 19:00:00,,17.36,1,0,5,Open
T01932,CU0107,A003,C04,Email,2025-12-11 09:00:00,2025-12-11 20:21:01.542471577,11.35,1,0,5,Resolved
T01933,CU0498,A009,C01,Chat,2025-07-04 15:00:00,2025-07-05 07:49:35.739037621,16.83,0,0,5,Resolved
T01934,CU0411,A006,C02,Email,2025-06-12 11:00:00,2025-06-12 20:44:59.215878193,9.75,1,0,4,Resolved
T01935,CU0688,A002,C05,Web,2025-02-02 13:00:00,2025-02-04 15:37:10.107507691,50.62,0,0,4,Resolved
T01936,CU0376,A016,C03,Chat,2025-09-04 11:00:00,2025-09-05 09:46:42.548780020,22.78,1,0,4,Resolved
T01937,CU0387,A003,C02,Web,2025-01-21 10:00:00,2025-01-23 01:52:43.527332535,39.88,0,0,4,Resolved
T01938,CU0208,A013,C02,Web,2025-11-04 13:00:00,2025-11-05 05:09:35.544744864,16.16,1,0,5,Resolved
T01939,CU0426,A014,C02,Chat,2025-10-25 19:00:00,2025-10-26 08:24:09.131071604,13.4,1,0,5,Resolved
T01940,CU0069,A012,C05,Web,2025-12-28 16:00:00,2025-12-30 16:58:56.400273544,48.98,0,1,4,Resolved
T01941,CU0510,A016,C02,Web,2025-04-14 12:00:00,2025-04-15 00:01:45.314665885,12.03,1,0,5,Resolved
T01942,CU0344,A003,C03,Chat,2025-03-01 13:00:00,2025-03-01 20:34:43.286102129,7.58,1,0,5,Resolved
T01943,CU0247,A001,C05,Chat,2025-04-20 14:00:00,2025-04-21 17:49:11.748575514,27.82,1,0,4,Resolved
T01944,CU0335,A016,C04,Email,2025-10-19 11:00:00,2025-10-19 20:48:06.377896501,9.8,1,0,5,Resolved
T01945,CU0803,A004,C05,Email,2025-03-21 14:00:00,2025-03-22 05:08:29.674119677,15.14,1,0,5,Resolved
T01946,CU0634,A006,C02,Chat,2025-11-20 17:00:00,2025-11-21 06:32:50.486236778,13.55,1,0,4,Resolved
T01947,CU0768,A013,C06,Chat,2025-02-26 11:00:00,2025-02-26 20:51:42.746839765,9.86,1,0,5,Resolved
T01948,CU0355,A010,C04,Email,2025-01-18 15:00:00,2025-01-19 00:24:24.593953417,9.41,1,0,5,Resolved
T01949,CU0355,A004,C03,Chat,2025-03-22 17:00:00,2025-03-23 16:08:33.970207383,23.14,1,1,3,Resolved
T01950,CU0012,A005,C06,Chat,2025-10-03 14:00:00,2025-10-04 16:06:55.339021994,26.12,1,0,5,Resolved
T01951,CU0614,A016,C05,Chat,2025-08-08 11:00:00,2025-08-10 01:54:54.094939470,38.92,1,0,3,Resolved
T01952,CU0019,A010,C05,Email,2025-05-10 15:00:00,2025-05-11 20:49:46.273760565,29.83,1,0,5,Resolved
T01953,CU0876,A017,C06,Chat,2025-08-28 18:00:00,2025-08-29 20:32:01.866501009,26.53,1,0,4,Resolved
T01954,CU0619,A011,C01,Email,2025-08-25 10:00:00,2025-08-25 20:17:23.870476086,10.29,1,0,4,Resolved
T01955,CU0420,A012,C06,Email,2025-07-22 15:00:00,2025-07-24 05:45:36.061008087,38.76,0,0,4,Resolved
T01956,CU0595,A007,C05,Web,2025-07-07 16:00:00,2025-07-08 23:13:33.392003469,31.23,1,0,5,Resolved
T01957,CU0895,A001,C03,Web,2025-02-07 12:00:00,2025-02-08 07:10:34.876246537,19.18,1,0,4,Resolved
T01958,CU0145,A010,C02,Web,2025-04-05 13:00:00,2025-04-06 04:44:52.666846908,15.75,1,0,4,Resolved
T01959,CU0672,A014,C01,Email,2025-07-12 19:00:00,2025-07-13 04:30:07.366101505,9.5,1,0,5,Resolved
T01960,CU0780,A008,C06,Chat,2025-02-19 12:00:00,2025-02-22 14:19:03.143290249,74.32,0,0,4,Resolved
T01961,CU0528,A016,C02,Chat,2025-06-23 15:00:00,2025-06-24 04:08:27.795945922,13.14,1,0,5,Resolved
T01962,CU0597,A013,C02,Chat,2025-02-12 09:00:00,2025-02-12 21:20:48.702198940,12.35,1,0,4,Resolved
T01963,CU0456,A010,C05,Chat,2025-10-15 20:00:00,2025-10-16 21:38:01.542703628,25.63,1,0,5,Resolved
T01964,CU0139,A010,C05,Chat,2025-02-07 15:00:00,2025-02-08 11:01:35.988126726,20.03,1,0,5,Resolved
T01965,CU0883,A005,C02,Chat,2025-02-03 17:00:00,2025-02-04 12:03:44.182487401,19.06,1,0,4,Resolved
T01966,CU0259,A016,C06,Chat,2025-08-21 15:00:00,2025-08-22 18:43:40.447902244,27.73,1,0,5,Resolved
T01967,CU0348,A002,C04,Email,2025-03-22 12:00:00,2025-03-22 20:31:09.002443353,8.52,1,0,4,Resolved
T01968,CU0877,A001,C06,Web,2025-05-09 12:00:00,2025-05-10 07:37:20.311681476,19.62,1,0,4,Resolved
T01969,CU0051,A015,C01,Chat,2025-04-25 17:00:00,2025-04-25 22:08:08.534903254,5.14,1,0,5,Resolved
T01970,CU0367,A001,C01,Chat,2025-03-21 19:00:00,2025-03-21 22:38:17.061440128,3.64,1,0,5,Resolved
T01971,CU0501,A010,C05,Email,2025-10-06 09:00:00,2025-10-07 10:10:13.037976940,25.17,1,0,5,Resolved
T01972,CU0214,A004,C02,Chat,2025-09-10 18:00:00,2025-09-11 20:32:49.348257954,26.55,0,0,5,Resolved
T01973,CU0604,A013,C04,Web,2025-03-29 18:00:00,2025-03-30 06:01:10.453319792,12.02,1,0,4,Resolved
T01974,CU0472,A003,C01,Chat,2025-09-08 09:00:00,2025-09-09 05:40:02.856629377,20.67,0,0,5,Resolved
T01975,CU0236,A005,C06,Chat,2025-09-18 09:00:00,2025-09-20 13:56:28.094116761,52.94,0,0,3,Resolved
T01976,CU0185,A010,C06,Email,2025-07-16 17:00:00,2025-07-18 16:48:01.525737427,47.8,0,0,4,Resolved
T01977,CU0258,A007,C06,Chat,2025-07-31 18:00:00,2025-08-05 05:28:43.541248846,107.48,0,1,3,Resolved
T01978,CU0713,A004,C06,Email,2025-12-08 13:00:00,2025-12-09 12:55:50.360935216,23.93,1,0,5,Resolved
T01979,CU0469,A002,C06,Chat,2025-06-15 16:00:00,2025-06-16 17:43:11.164692079,25.72,1,0,4,Resolved
T01980,CU0715,A001,C04,Chat,2025-05-21 20:00:00,2025-05-22 06:56:36.230081424,10.94,1,0,5,Resolved
T01981,CU0647,A004,C03,Chat,2025-07-16 12:00:00,2025-07-18 07:35:16.104531487,43.59,0,0,4,Resolved
T01982,CU0721,A006,C06,Email,2025-11-02 10:00:00,2025-11-03 11:01:41.927991470,25.03,1,0,5,Resolved
T01983,CU0770,A003,C06,Chat,2025-09-16 20:00:00,2025-09-18 00:12:20.665991408,28.21,1,0,5,Resolved
T01984,CU0556,A010,C06,Chat,2025-01-28 11:00:00,2025-01-29 19:34:04.753776342,32.57,1,0,4,Resolved
T01985,CU0325,A016,C06,Email,2025-06-17 14:00:00,,17.31,1,0,5,Open
T01986,CU0625,A013,C02,Email,2025-09-28 13:00:00,2025-09-29 11:46:55.924832654,22.78,1,0,5,Resolved
T01987,CU0851,A006,C06,Chat,2025-03-23 14:00:00,2025-03-25 02:44:35.775219627,36.74,0,1,5,Resolved
T01988,CU0290,A008,C06,Web,2025-12-27 11:00:00,2025-12-28 15:00:29.334338406,28.01,1,1,4,Resolved
T01989,CU0439,A014,C05,Email,2025-10-22 16:00:00,2025-10-24 07:59:20.111450341,39.99,1,0,4,Resolved
T01990,CU0791,A018,C06,Web,2025-11-06 16:00:00,2025-11-07 04:47:56.552667759,12.8,1,0,4,Resolved
T01991,CU0538,A010,C04,Chat,2025-01-30 10:00:00,2025-01-30 21:50:13.115132610,11.84,1,0,4,Resolved
T01992,CU0130,A004,C06,Email,2025-07-31 14:00:00,2025-08-01 20:39:41.192731659,30.66,1,0,4,Resolved
T01993,CU0316,A016,C01,Chat,2025-07-12 08:00:00,2025-07-13 21:07:33.960411098,37.13,0,0,4,Resolved
T01994,CU0230,A010,C06,Chat,2025-08-17 10:00:00,2025-08-19 02:30:10.155105363,40.5,0,0,4,Resolved
T01995,CU0430,A001,C01,Chat,2025-11-07 20:00:00,2025-11-08 02:07:01.053317647,6.12,1,0,5,Resolved
T01996,CU0894,A005,C03,Chat,2025-05-09 14:00:00,2025-05-09 23:08:34.438059330,9.14,1,0,4,Resolved
T01997,CU0756,A010,C01,Web,2025-07-14 16:00:00,2025-07-15 10:25:31.722618662,18.43,0,0,5,Resolved
T01998,CU0865,A015,C04,Web,2025-09-06 19:00:00,2025-09-07 07:01:40.945569650,12.03,1,0,5,Resolved
T01999,CU0668,A016,C02,Chat,2025-10-02 17:00:00,2025-10-03 02:48:19.992267680,9.81,1,0,5,Resolved
T02000,CU0457,A004,C06,Chat,2025-10-09 18:00:00,2025-10-11 05:28:59.773548612,35.48,1,1,4,Resolved
T02001,CU0594,A014,C04,Chat,2025-05-03 17:00:00,2025-05-04 07:44:08.287962640,14.74,1,0,5,Resolved
T02002,CU0450,A018,C06,Email,2025-12-31 14:00:00,,33.25,1,0,4,Open
T02003,CU0037,A015,C02,Chat,2025-01-04 16:00:00,2025-01-05 06:07:29.936079530,14.12,1,0,4,Resolved
T02004,CU0106,A013,C01,Email,2025-06-29 11:00:00,2025-06-29 19:35:38.796568666,8.59,1,0,5,Resolved
T02005,CU0500,A015,C06,Chat,2025-08-11 19:00:00,2025-08-13 12:54:57.510928328,41.92,0,0,3,Resolved
T02006,CU0594,A011,C05,Email,2025-01-23 10:00:00,2025-01-24 22:03:59.538585020,36.07,1,0,4,Resolved
T02007,CU0229,A011,C04,Web,2025-06-14 19:00:00,2025-06-15 08:19:03.702424990,13.32,1,0,5,Resolved
T02008,CU0028,A010,C06,Chat,2025-08-06 19:00:00,2025-08-09 08:47:26.789530182,61.79,0,0,4,Resolved
T02009,CU0063,A018,C06,Web,2025-08-10 09:00:00,2025-08-12 08:15:05.993408023,47.25,0,1,5,Resolved
T02010,CU0283,A007,C05,Web,2025-02-13 17:00:00,2025-02-14 14:27:54.157112496,21.47,1,0,5,Resolved
T02011,CU0776,A014,C06,Email,2025-04-12 20:00:00,2025-04-13 19:25:41.868625270,23.43,1,0,5,Resolved
T02012,CU0377,A001,C05,Chat,2025-03-31 15:00:00,2025-04-02 20:05:33.717959347,53.09,0,1,3,Resolved
T02013,CU0877,A008,C05,Email,2025-08-22 12:00:00,2025-08-23 13:33:58.672669539,25.57,1,1,5,Resolved
T02014,CU0805,A017,C03,Chat,2025-05-01 19:00:00,2025-05-02 04:18:23.823288910,9.31,1,1,5,Resolved
T02015,CU0773,A005,C01,Web,2025-07-28 14:00:00,2025-07-29 08:53:06.596703412,18.89,0,1,3,Resolved
T02016,CU0872,A015,C02,Email,2025-09-24 09:00:00,2025-09-25 20:30:56.241642934,35.52,0,0,4,Resolved
T02017,CU0218,A010,C06,Email,2025-10-19 11:00:00,2025-10-20 01:08:50.891979278,14.15,1,0,5,Resolved
T02018,CU0877,A003,C05,Email,2025-03-09 16:00:00,2025-03-11 00:26:00.837853630,32.43,1,0,4,Resolved
T02019,CU0832,A002,C03,Chat,2025-11-26 13:00:00,2025-11-27 03:12:09.001932390,14.2,1,0,5,Resolved
T02020,CU0719,A003,C05,Chat,2025-03-02 10:00:00,2025-03-03 13:34:00.629244616,27.57,1,0,5,Resolved
T02021,CU0174,A009,C02,Web,2025-01-08 18:00:00,2025-01-09 10:03:48.407201431,16.06,1,0,4,Resolved
T02022,CU0261,A006,C02,Chat,2025-01-17 09:00:00,2025-01-17 16:49:28.365909477,7.82,1,0,5,Resolved
T02023,CU0588,A017,C06,Chat,2025-03-15 10:00:00,2025-03-16 01:11:23.487779500,15.19,1,0,4,Resolved
T02024,CU0041,A014,C04,Web,2025-11-15 14:00:00,2025-11-15 23:36:19.675301918,9.61,1,0,5,Resolved
T02025,CU0740,A003,C02,Chat,2025-03-17 08:00:00,2025-03-17 21:06:48.414784060,13.11,1,0,4,Resolved
T02026,CU0384,A010,C04,Web,2025-09-11 13:00:00,2025-09-11 21:28:59.147910570,8.48,1,0,5,Resolved
T02027,CU0020,A014,C03,Chat,2025-06-02 19:00:00,2025-06-03 19:15:12.063976106,24.25,0,0,4,Resolved
T02028,CU0268,A012,C05,Email,2025-01-15 20:00:00,2025-01-16 21:41:22.423666509,25.69,1,0,4,Resolved
T02029,CU0356,A001,C06,Email,2025-06-12 19:00:00,2025-06-13 15:40:39.874630202,20.68,1,0,4,Resolved
T02030,CU0590,A001,C05,Chat,2025-01-11 12:00:00,2025-01-12 23:12:17.435018149,35.2,1,0,4,Resolved
T02031,CU0543,A011,C05,Chat,2025-06-23 08:00:00,2025-06-24 13:15:10.415377612,29.25,1,0,5,Resolved
T02032,CU0334,A017,C03,Chat,2025-07-23 18:00:00,2025-07-25 01:43:10.925575806,31.72,0,0,5,Resolved
T02033,CU0558,A001,C04,Email,2025-07-10 12:00:00,2025-07-10 21:15:03.052324483,9.25,1,0,4,Resolved
T02034,CU0802,A003,C03,Chat,2025-04-14 17:00:00,2025-04-15 02:03:52.973062387,9.06,1,0,5,Resolved
T02035,CU0316,A004,C01,Chat,2025-10-07 09:00:00,2025-10-07 15:57:32.433873566,6.96,1,0,4,Resolved
T02036,CU0337,A006,C06,Email,2025-08-06 16:00:00,2025-08-08 06:47:51.112789184,38.8,0,0,5,Resolved
T02037,CU0092,A017,C04,Web,2025-04-03 15:00:00,2025-04-03 21:17:37.455148838,6.29,1,0,5,Resolved
T02038,CU0341,A018,C04,Chat,2025-06-08 19:00:00,2025-06-09 00:53:27.184494033,5.89,1,0,5,Resolved
T02039,CU0256,A006,C01,Email,2025-02-09 09:00:00,2025-02-09 17:41:02.190283641,8.68,1,0,4,Resolved
T02040,CU0684,A014,C06,Web,2025-12-04 13:00:00,2025-12-05 06:46:35.221405854,17.78,1,0,5,Resolved
T02041,CU0102,A001,C02,Email,2025-10-02 20:00:00,2025-10-03 03:16:55.763821844,7.28,1,0,4,Resolved
T02042,CU0532,A010,C04,Web,2025-04-16 13:00:00,2025-04-17 05:59:04.058812068,16.98,1,0,4,Resolved
T02043,CU0695,A012,C06,Email,2025-09-04 16:00:00,2025-09-05 20:24:56.615047678,28.42,1,0,5,Resolved
T02044,CU0230,A016,C04,Email,2025-09-05 10:00:00,2025-09-06 09:37:18.527451409,23.62,0,0,4,Resolved
T02045,CU0061,A015,C06,Email,2025-08-11 17:00:00,2025-08-13 15:39:40.332060889,46.66,0,1,3,Resolved
T02046,CU0610,A002,C02,Chat,2025-01-20 11:00:00,,15.99,1,0,4,Open
T02047,CU0530,A008,C05,Email,2025-11-17 15:00:00,2025-11-18 19:11:08.272580560,28.19,1,0,4,Resolved
T02048,CU0507,A002,C06,Email,2025-12-15 19:00:00,2025-12-16 04:14:02.777286195,9.23,1,1,4,Resolved
T02049,CU0792,A001,C04,Chat,2025-12-22 16:00:00,2025-12-22 22:35:42.701958157,6.6,1,0,5,Resolved
T02050,CU0094,A003,C05,Chat,2025-12-24 14:00:00,2025-12-25 19:17:42.115440346,29.3,1,0,5,Resolved
T02051,CU0178,A017,C03,Email,2025-12-06 10:00:00,2025-12-07 06:01:55.954395300,20.03,1,0,5,Resolved
T02052,CU0421,A005,C06,Chat,2025-09-27 12:00:00,2025-09-28 04:52:33.875636095,16.88,1,0,4,Resolved
T02053,CU0506,A014,C06,Chat,2025-01-21 19:00:00,2025-01-22 19:24:15.103105214,24.4,1,0,5,Resolved
T02054,CU0827,A013,C05,Chat,2025-06-19 10:00:00,2025-06-20 04:42:29.953383343,18.71,1,0,4,Resolved
T02055,CU0557,A016,C06,Chat,2025-03-31 16:00:00,2025-04-02 01:53:46.667067219,33.9,1,1,3,Resolved
T02056,CU0191,A010,C05,Chat,2025-03-22 14:00:00,2025-03-23 20:43:49.933216614,30.73,1,0,4,Resolved
T02057,CU0767,A018,C05,Chat,2025-10-31 12:00:00,2025-11-02 07:19:03.969216138,43.32,1,0,4,Resolved
T02058,CU0374,A008,C03,Chat,2025-10-24 17:00:00,2025-10-25 20:28:30.708430665,27.48,0,0,4,Resolved
T02059,CU0782,A015,C05,Chat,2025-07-10 12:00:00,2025-07-13 10:13:43.566482913,70.23,0,1,2,Resolved
T02060,CU0249,A015,C06,Web,2025-09-26 11:00:00,2025-09-28 18:36:48.896063625,55.61,0,0,4,Resolved
T02061,CU0713,A010,C05,Web,2025-02-17 14:00:00,2025-02-18 16:28:42.600703555,26.48,1,0,5,Resolved
T02062,CU0484,A006,C02,Chat,2025-03-23 17:00:00,,60.84,0,1,3,Open
T02063,CU0501,A003,C04,Chat,2025-11-11 19:00:00,2025-11-12 01:21:22.227666940,6.36,1,0,5,Resolved
T02064,CU0878,A002,C06,Chat,2025-06-14 16:00:00,2025-06-15 11:42:54.422827405,19.72,1,0,3,Resolved
T02065,CU0139,A009,C06,Chat,2025-07-19 16:00:00,2025-07-22 13:06:39.265258759,69.11,0,1,4,Resolved
T02066,CU0279,A008,C02,Email,2025-06-18 18:00:00,2025-06-19 13:38:39.104968772,19.64,1,0,4,Resolved
T02067,CU0165,A004,C01,Email,2025-03-15 11:00:00,2025-03-15 20:57:42.796385006,9.96,1,0,5,Resolved
T02068,CU0750,A014,C04,Email,2025-10-29 11:00:00,2025-10-30 05:11:08.779038406,18.19,0,1,4,Resolved
T02069,CU0766,A003,C01,Web,2025-10-04 14:00:00,2025-10-04 17:07:57.106165774,3.13,1,0,5,Resolved
T02070,CU0755,A009,C06,Email,2025-09-07 16:00:00,2025-09-10 21:12:09.809856612,77.2,0,0,3,Resolved
T02071,CU0215,A008,C04,Chat,2025-05-09 16:00:00,2025-05-10 04:14:36.600711054,12.24,1,1,5,Resolved
T02072,CU0234,A018,C04,Email,2025-08-23 09:00:00,2025-08-24 09:39:55.997715751,24.67,0,0,5,Resolved
T02073,CU0362,A002,C02,Chat,2025-12-14 18:00:00,2025-12-14 23:36:24.282642628,5.61,1,0,5,Resolved
T02074,CU0696,A016,C04,Email,2025-08-26 12:00:00,2025-08-27 03:48:11.447527345,15.8,1,0,5,Resolved
T02075,CU0677,A013,C06,Chat,2025-06-30 19:00:00,2025-07-01 14:24:01.867070509,19.4,1,0,5,Resolved
T02076,CU0890,A015,C04,Chat,2025-04-09 17:00:00,2025-04-10 07:13:47.842674351,14.23,1,0,5,Resolved
T02077,CU0706,A015,C01,Chat,2025-07-10 20:00:00,2025-07-11 07:48:37.560068766,11.81,1,0,4,Resolved
T02078,CU0859,A014,C02,Chat,2025-05-16 16:00:00,2025-05-17 08:30:24.861581848,16.51,1,0,5,Resolved
T02079,CU0240,A008,C06,Chat,2025-08-12 14:00:00,2025-08-13 13:26:47.851711767,23.45,1,0,4,Resolved
T02080,CU0546,A011,C06,Email,2025-01-17 10:00:00,2025-01-18 10:22:02.073936914,24.37,1,0,4,Resolved
T02081,CU0480,A007,C02,Chat,2025-03-11 13:00:00,2025-03-12 01:54:35.068313728,12.91,1,0,5,Resolved
T02082,CU0137,A017,C05,Web,2025-10-15 19:00:00,2025-10-17 09:44:24.566960616,38.74,1,0,3,Resolved
T02083,CU0853,A005,C01,Chat,2025-05-19 12:00:00,2025-05-20 00:29:10.371925449,12.49,0,0,5,Resolved
T02084,CU0108,A011,C05,Web,2025-06-08 08:00:00,2025-06-09 17:10:18.629511967,33.17,1,0,4,Resolved
T02085,CU0770,A004,C01,Chat,2025-07-18 11:00:00,2025-07-18 16:45:58.544297578,5.77,1,0,4,Resolved
T02086,CU0241,A007,C06,Chat,2025-06-09 15:00:00,2025-06-10 17:14:24.125174080,26.24,1,0,4,Resolved
T02087,CU0200,A018,C06,Chat,2025-10-04 16:00:00,2025-10-08 18:45:42.514162023,98.76,0,1,2,Resolved
T02088,CU0542,A004,C02,Chat,2025-03-31 20:00:00,2025-04-02 07:49:25.436063402,35.82,0,1,4,Resolved
T02089,CU0421,A016,C04,Chat,2025-10-04 20:00:00,2025-10-04 22:53:04.863518023,2.88,1,0,5,Resolved
T02090,CU0348,A015,C01,Email,2025-03-18 14:00:00,2025-03-18 22:13:52.739263639,8.23,1,0,5,Resolved
T02091,CU0813,A007,C03,Chat,2025-05-16 15:00:00,2025-05-17 22:32:53.685147890,31.55,0,1,4,Resolved
T02092,CU0630,A007,C01,Chat,2025-08-03 18:00:00,2025-08-04 03:26:00.168033634,9.43,1,0,4,Resolved
T02093,CU0549,A001,C02,Chat,2025-11-20 08:00:00,2025-11-20 19:22:54.513891163,11.38,1,0,5,Resolved
T02094,CU0710,A015,C06,Email,2025-03-26 15:00:00,2025-03-27 18:02:50.825437926,27.05,1,1,4,Resolved
T02095,CU0723,A012,C01,Chat,2025-08-03 14:00:00,2025-08-04 03:07:42.668458122,13.13,0,0,5,Resolved
T02096,CU0163,A018,C06,Chat,2025-01-24 18:00:00,2025-01-25 08:54:37.728804200,14.91,1,0,5,Resolved
T02097,CU0398,A006,C01,Chat,2025-01-28 18:00:00,2025-01-29 07:39:30.078620053,13.66,0,0,4,Resolved
T02098,CU0815,A008,C04,Email,2025-10-08 16:00:00,2025-10-09 02:43:34.670614494,10.73,1,0,5,Resolved
T02099,CU0733,A013,C04,Email,2025-09-20 16:00:00,2025-09-21 01:14:39.056754624,9.24,1,0,5,Resolved
T02100,CU0055,A007,C06,Chat,2025-05-18 16:00:00,2025-05-20 09:27:51.566793091,41.46,0,0,4,Resolved
T02101,CU0222,A006,C02,Email,2025-08-16 15:00:00,2025-08-16 23:56:26.346655140,8.94,1,0,5,Resolved
T02102,CU0239,A004,C02,Chat,2025-05-19 10:00:00,2025-05-19 20:54:17.661845250,10.9,1,0,4,Resolved
T02103,CU0463,A018,C05,Chat,2025-04-12 11:00:00,2025-04-13 10:58:05.992271932,23.97,1,0,5,Resolved
T02104,CU0734,A009,C05,Email,2025-06-07 17:00:00,2025-06-11 02:21:00.071172709,81.35,0,0,4,Resolved
T02105,CU0435,A014,C05,Email,2025-04-24 16:00:00,2025-04-25 14:46:35.281592965,22.78,1,0,5,Resolved
T02106,CU0166,A012,C01,Chat,2025-10-25 11:00:00,2025-10-25 14:02:00.492149281,3.03,1,0,4,Resolved
T02107,CU0502,A011,C02,Email,2025-05-31 19:00:00,2025-06-01 05:46:30.461283717,10.78,1,0,5,Resolved
T02108,CU0199,A006,C06,Chat,2025-04-28 20:00:00,,30.69,1,0,5,Open
T02109,CU0611,A006,C05,Email,2025-07-15 16:00:00,2025-07-18 10:37:58.755990014,66.63,0,0,4,Resolved
T02110,CU0879,A009,C05,Email,2025-10-04 10:00:00,2025-10-08 19:20:57.263660106,105.35,0,1,2,Resolved
T02111,CU0570,A003,C03,Email,2025-04-10 20:00:00,2025-04-12 04:01:06.990783254,32.02,0,0,4,Resolved
T02112,CU0822,A010,C02,Chat,2025-12-09 11:00:00,2025-12-10 02:14:07.485493279,15.24,1,0,4,Resolved
T02113,CU0490,A002,C06,Chat,2025-06-19 13:00:00,2025-06-20 05:44:20.251659508,16.74,1,0,4,Resolved
T02114,CU0732,A005,C05,Chat,2025-08-30 19:00:00,2025-09-04 17:37:54.627323696,118.63,0,1,1,Resolved
T02115,CU0847,A012,C01,Chat,2025-12-16 14:00:00,2025-12-16 22:16:06.174003414,8.27,1,1,5,Resolved
T02116,CU0157,A001,C06,Chat,2025-06-07 11:00:00,2025-06-08 09:40:53.915485918,22.68,1,1,3,Resolved
T02117,CU0600,A001,C05,Email,2025-03-14 09:00:00,2025-03-15 16:20:53.294642847,31.35,1,1,4,Resolved
T02118,CU0230,A004,C03,Email,2025-09-30 12:00:00,2025-10-01 03:06:38.056041460,15.11,1,1,4,Resolved
T02119,CU0077,A014,C03,Email,2025-01-03 16:00:00,2025-01-04 05:47:24.526786401,13.79,1,0,5,Resolved
T02120,CU0212,A015,C05,Email,2025-06-17 17:00:00,2025-06-18 20:54:46.390604313,27.91,1,0,5,Resolved
T02121,CU0129,A001,C03,Chat,2025-12-24 10:00:00,2025-12-25 09:37:04.773089024,23.62,1,0,5,Resolved
T02122,CU0171,A006,C05,Chat,2025-06-01 10:00:00,2025-06-02 12:01:57.158969260,26.03,1,0,4,Resolved
T02123,CU0007,A002,C05,Chat,2025-09-07 17:00:00,2025-09-08 19:28:11.337325338,26.47,1,0,5,Resolved
T02124,CU0874,A001,C02,Email,2025-07-11 10:00:00,2025-07-11 18:42:28.103885960,8.71,1,0,5,Resolved
T02125,CU0397,A017,C06,Chat,2025-03-20 08:00:00,2025-03-21 11:28:20.674311103,27.47,1,0,5,Resolved
T02126,CU0150,A008,C03,Chat,2025-04-26 14:00:00,2025-04-27 07:33:53.158512794,17.56,1,0,5,Resolved
T02127,CU0309,A015,C04,Chat,2025-07-11 15:00:00,2025-07-12 01:58:17.938321244,10.97,1,0,4,Resolved
T02128,CU0673,A013,C05,Email,2025-02-08 11:00:00,2025-02-09 12:07:09.056998470,25.12,1,0,3,Resolved
T02129,CU0569,A009,C05,Web,2025-06-01 10:00:00,2025-06-02 22:55:19.033172738,36.92,1,0,5,Resolved
T02130,CU0046,A014,C04,Web,2025-06-01 11:00:00,2025-06-02 07:33:57.737721286,20.57,0,0,5,Resolved
T02131,CU0134,A005,C05,Chat,2025-11-01 12:00:00,2025-11-02 09:49:19.475459475,21.82,1,0,5,Resolved
T02132,CU0490,A008,C06,Email,2025-02-15 08:00:00,2025-02-16 10:01:13.557598532,26.02,1,0,5,Resolved
T02133,CU0873,A007,C06,Chat,2025-11-04 08:00:00,2025-11-05 22:28:42.303966697,38.48,0,0,5,Resolved
T02134,CU0064,A011,C06,Email,2025-05-30 12:00:00,2025-05-31 05:37:49.421563910,17.63,1,0,5,Resolved
T02135,CU0777,A004,C02,Chat,2025-08-26 08:00:00,2025-08-27 01:47:39.785865352,17.79,1,0,5,Resolved
T02136,CU0056,A014,C04,Chat,2025-07-23 12:00:00,2025-07-24 01:50:28.702568724,13.84,1,0,5,Resolved
T02137,CU0446,A016,C04,Chat,2025-04-20 15:00:00,2025-04-20 21:05:49.541753968,6.1,1,0,4,Resolved
T02138,CU0208,A017,C01,Chat,2025-12-06 08:00:00,2025-12-06 16:37:48.667789884,8.63,1,0,5,Resolved
T02139,CU0382,A017,C06,Web,2025-03-23 16:00:00,2025-03-24 17:21:26.670086838,25.36,1,0,5,Resolved
T02140,CU0834,A012,C03,Chat,2025-01-14 16:00:00,2025-01-15 18:37:30.142921083,26.63,0,1,4,Resolved
T02141,CU0195,A015,C03,Web,2025-10-01 15:00:00,2025-10-02 00:57:55.272717090,9.97,1,0,5,Resolved
T02142,CU0575,A013,C02,Chat,2025-08-15 16:00:00,2025-08-16 10:00:02.094565428,18.0,1,0,5,Resolved
T02143,CU0300,A018,C03,Chat,2025-11-22 18:00:00,2025-11-24 01:39:29.118137259,31.66,0,0,4,Resolved
T02144,CU0587,A002,C03,Email,2025-06-17 08:00:00,2025-06-19 03:17:49.966858590,43.3,0,0,5,Resolved
T02145,CU0050,A004,C05,Email,2025-01-07 10:00:00,2025-01-09 17:08:57.742577865,55.15,0,0,4,Resolved
T02146,CU0268,A008,C05,Web,2025-01-08 12:00:00,2025-01-09 10:16:05.218089898,22.27,1,1,3,Resolved
T02147,CU0862,A012,C02,Email,2025-06-08 16:00:00,2025-06-09 09:09:02.028990200,17.15,1,0,4,Resolved
T02148,CU0652,A017,C02,Chat,2025-04-02 19:00:00,2025-04-03 06:15:51.599152547,11.26,1,0,4,Resolved
T02149,CU0844,A002,C06,Chat,2025-12-03 19:00:00,2025-12-04 23:24:24.739614068,28.41,1,0,5,Resolved
T02150,CU0614,A003,C01,Web,2025-02-13 15:00:00,2025-02-13 20:39:05.868507700,5.65,1,0,5,Resolved
T02151,CU0167,A016,C04,Email,2025-11-18 13:00:00,2025-11-18 18:05:15.836523691,5.09,1,0,4,Resolved
T02152,CU0416,A006,C04,Email,2025-03-21 13:00:00,2025-03-21 22:25:12.930110234,9.42,1,0,4,Resolved
T02153,CU0791,A001,C05,Email,2025-02-13 08:00:00,2025-02-15 02:54:44.267615517,42.91,1,0,5,Resolved
T02154,CU0615,A013,C06,Chat,2025-04-11 14:00:00,2025-04-12 18:27:33.553602226,28.46,1,0,4,Resolved
T02155,CU0469,A016,C05,Web,2025-02-22 14:00:00,2025-02-24 03:09:46.813216766,37.16,1,0,4,Resolved
T02156,CU0781,A017,C06,Chat,2025-05-27 10:00:00,2025-05-28 13:33:22.906739498,27.56,1,0,4,Resolved
T02157,CU0103,A016,C06,Email,2025-05-01 17:00:00,2025-05-02 22:59:29.311504692,29.99,1,0,4,Resolved
T02158,CU0865,A002,C02,Email,2025-07-13 18:00:00,2025-07-14 21:44:41.292248953,27.74,0,1,4,Resolved
T02159,CU0114,A003,C02,Chat,2025-07-16 11:00:00,2025-07-17 02:50:11.021567683,15.84,1,0,4,Resolved
T02160,CU0897,A016,C03,Email,2025-01-01 19:00:00,2025-01-02 12:38:45.915589302,17.65,1,0,4,Resolved
T02161,CU0725,A013,C03,Email,2025-02-15 09:00:00,2025-02-16 22:15:03.710319670,37.25,0,0,4,Resolved
T02162,CU0440,A004,C04,Chat,2025-03-01 19:00:00,2025-03-02 06:43:33.626903026,11.73,1,0,5,Resolved
T02163,CU0429,A007,C02,Email,2025-03-13 17:00:00,2025-03-14 07:16:14.644263529,14.27,1,0,5,Resolved
T02164,CU0030,A016,C02,Chat,2025-02-04 10:00:00,2025-02-05 00:39:48.280367030,14.66,1,0,5,Resolved
T02165,CU0286,A017,C03,Web,2025-04-25 16:00:00,2025-04-26 07:24:43.648530775,15.41,1,0,5,Resolved
T02166,CU0207,A017,C05,Email,2025-07-20 12:00:00,2025-07-22 02:29:31.353776109,38.49,1,0,4,Resolved
T02167,CU0637,A009,C05,Chat,2025-04-23 18:00:00,2025-04-25 04:03:07.662452230,34.05,1,0,4,Resolved
T02168,CU0178,A014,C06,Chat,2025-05-01 10:00:00,2025-05-02 05:54:41.868061192,19.91,1,0,4,Resolved
T02169,CU0726,A001,C02,Chat,2025-06-21 11:00:00,2025-06-22 00:06:45.454946425,13.11,1,0,5,Resolved
T02170,CU0271,A017,C03,Email,2025-07-20 11:00:00,2025-07-21 02:14:46.951875585,15.25,1,0,5,Resolved
T02171,CU0766,A004,C06,Web,2025-05-01 10:00:00,2025-05-02 12:14:42.533088259,26.25,1,0,5,Resolved
T02172,CU0325,A018,C05,Email,2025-03-22 12:00:00,2025-03-24 04:19:15.963516746,40.32,1,0,4,Resolved
T02173,CU0678,A001,C05,Web,2025-05-30 15:00:00,2025-05-31 19:10:49.319954065,28.18,1,0,5,Resolved
T02174,CU0602,A017,C04,Email,2025-01-09 16:00:00,,4.46,1,0,4,Open
T02175,CU0891,A010,C01,Chat,2025-06-29 15:00:00,2025-06-30 01:26:03.866160627,10.43,1,0,5,Resolved
T02176,CU0474,A010,C06,Web,2025-12-10 10:00:00,2025-12-11 18:11:41.797387845,32.19,1,1,3,Resolved
T02177,CU0318,A013,C05,Chat,2025-05-26 10:00:00,2025-05-27 05:49:36.372516258,19.83,1,0,5,Resolved
T02178,CU0585,A009,C05,Chat,2025-02-09 19:00:00,2025-02-11 14:54:07.031901193,43.9,1,0,5,Resolved
T02179,CU0027,A018,C04,Chat,2025-09-16 11:00:00,2025-09-16 18:30:15.150975742,7.5,1,0,5,Resolved
T02180,CU0875,A002,C03,Chat,2025-02-16 09:00:00,2025-02-17 12:12:42.094831395,27.21,0,0,5,Resolved
T02181,CU0611,A012,C02,Email,2025-03-12 13:00:00,2025-03-13 02:38:35.575096268,13.64,1,0,5,Resolved
T02182,CU0045,A004,C06,Chat,2025-02-23 08:00:00,2025-02-23 17:00:21.454721373,9.01,1,0,4,Resolved
T02183,CU0156,A001,C04,Chat,2025-11-19 12:00:00,2025-11-19 23:55:08.821429762,11.92,1,0,5,Resolved
T02184,CU0013,A012,C01,Chat,2025-12-25 19:00:00,2025-12-26 01:39:48.842382070,6.66,1,0,5,Resolved
T02185,CU0601,A013,C03,Chat,2025-07-27 11:00:00,2025-07-28 03:56:12.630681153,16.94,1,0,5,Resolved
T02186,CU0599,A003,C06,Chat,2025-08-14 17:00:00,2025-08-15 20:05:34.639719756,27.09,1,0,4,Resolved
T02187,CU0147,A014,C03,Web,2025-08-24 14:00:00,2025-08-25 15:04:12.474968264,25.07,0,1,4,Resolved
T02188,CU0492,A017,C04,Email,2025-08-11 12:00:00,2025-08-11 23:19:05.862046789,11.32,1,0,4,Resolved
T02189,CU0441,A013,C05,Email,2025-07-18 16:00:00,2025-07-19 12:18:16.826809993,20.3,1,0,5,Resolved
T02190,CU0435,A005,C06,Chat,2025-12-27 15:00:00,2025-12-29 11:18:51.312462235,44.31,0,0,3,Resolved
T02191,CU0557,A002,C05,Chat,2025-09-25 12:00:00,2025-09-27 05:56:48.272664750,41.95,1,0,4,Resolved
T02192,CU0768,A002,C06,Email,2025-02-02 10:00:00,2025-02-03 03:59:03.862807069,17.98,1,0,3,Resolved
T02193,CU0824,A012,C01,Chat,2025-05-24 19:00:00,2025-05-24 23:48:52.523887010,4.81,1,0,4,Resolved
T02194,CU0143,A005,C06,Chat,2025-12-22 10:00:00,2025-12-23 21:21:51.787904608,35.36,1,0,5,Resolved
T02195,CU0850,A007,C06,Email,2025-05-28 20:00:00,2025-05-29 09:56:14.919195958,13.94,1,0,5,Resolved
T02196,CU0517,A001,C04,Email,2025-03-16 14:00:00,2025-03-17 01:41:01.103409024,11.68,1,0,5,Resolved
T02197,CU0163,A008,C05,Web,2025-11-13 20:00:00,2025-11-14 19:50:22.310266081,23.84,1,0,5,Resolved
T02198,CU0839,A003,C02,Chat,2025-08-16 12:00:00,2025-08-17 02:08:47.976329490,14.15,1,0,5,Resolved
T02199,CU0333,A008,C04,Email,2025-07-25 15:00:00,2025-07-25 23:34:08.477802962,8.57,1,0,5,Resolved
T02200,CU0402,A011,C02,Chat,2025-06-03 15:00:00,2025-06-04 01:35:24.130588923,10.59,1,0,5,Resolved
T02201,CU0871,A018,C01,Email,2025-02-15 12:00:00,2025-02-15 20:01:54.435345002,8.03,1,0,5,Resolved
T02202,CU0522,A006,C06,Web,2025-05-21 10:00:00,2025-05-22 13:47:33.012666672,27.79,1,0,5,Resolved
T02203,CU0129,A006,C02,Email,2025-06-09 14:00:00,2025-06-09 23:49:51.601934262,9.83,1,0,4,Resolved
T02204,CU0063,A015,C05,Chat,2025-12-06 16:00:00,2025-12-07 21:45:25.449061701,29.76,1,0,5,Resolved
T02205,CU0739,A018,C03,Email,2025-04-23 11:00:00,2025-04-24 12:21:21.823601032,25.36,0,0,5,Resolved
T02206,CU0315,A008,C03,Email,2025-02-24 17:00:00,2025-02-25 01:02:41.412453424,8.04,1,0,4,Resolved
T02207,CU0090,A007,C03,Web,2025-06-06 16:00:00,2025-06-07 08:57:07.595761082,16.95,1,0,4,Resolved
T02208,CU0038,A013,C03,Email,2025-12-30 10:00:00,2025-12-30 21:04:56.731932487,11.08,1,0,5,Resolved
T02209,CU0851,A014,C05,Web,2025-06-26 20:00:00,2025-06-27 15:18:12.106632992,19.3,1,0,4,Resolved
T02210,CU0516,A013,C06,Chat,2025-05-19 08:00:00,2025-05-20 12:06:56.810141791,28.12,1,0,5,Resolved
T02211,CU0472,A012,C04,Email,2025-09-01 16:00:00,2025-09-02 03:00:59.322303637,11.02,1,0,5,Resolved
T02212,CU0532,A003,C06,Chat,2025-08-25 13:00:00,,21.84,1,0,5,Open
T02213,CU0377,A005,C05,Email,2025-04-20 16:00:00,2025-04-23 12:37:56.831045419,68.63,0,1,3,Resolved
T02214,CU0856,A002,C05,Web,2025-12-20 18:00:00,2025-12-22 16:54:01.656409946,46.9,1,0,5,Resolved
T02215,CU0542,A008,C02,Email,2025-08-05 16:00:00,2025-08-05 23:30:39.900532798,7.51,1,0,5,Resolved
T02216,CU0575,A016,C01,Email,2025-01-22 16:00:00,2025-01-22 20:07:13.419797631,4.12,1,0,4,Resolved
T02217,CU0805,A005,C06,Chat,2025-05-29 18:00:00,2025-05-31 02:39:10.185427936,32.65,1,0,5,Resolved
T02218,CU0003,A013,C05,Chat,2025-12-03 17:00:00,2025-12-04 20:16:12.665879450,27.27,1,0,5,Resolved
T02219,CU0288,A008,C04,Email,2025-05-24 18:00:00,2025-05-25 15:36:35.820465656,21.61,0,0,5,Resolved
T02220,CU0750,A004,C06,Chat,2025-07-27 13:00:00,2025-07-29 14:49:45.221001369,49.83,0,0,5,Resolved
T02221,CU0087,A005,C03,Chat,2025-08-12 10:00:00,2025-08-13 10:53:56.871999672,24.9,0,0,4,Resolved
T02222,CU0297,A013,C06,Email,2025-09-15 11:00:00,2025-09-16 10:50:28.058520562,23.84,1,0,3,Resolved
T02223,CU0148,A015,C03,Email,2025-11-15 15:00:00,2025-11-16 12:12:27.502673774,21.21,1,0,5,Resolved
T02224,CU0643,A006,C06,Chat,2025-02-24 14:00:00,2025-02-25 04:04:49.353108906,14.08,1,0,5,Resolved
T02225,CU0760,A017,C02,Chat,2025-07-08 09:00:00,2025-07-09 17:14:32.070203847,32.24,0,0,5,Resolved
T02226,CU0238,A002,C01,Chat,2025-07-14 10:00:00,,12.38,0,0,5,Open
T02227,CU0619,A011,C05,Email,2025-02-25 20:00:00,2025-02-26 17:23:15.524008648,21.39,1,0,5,Resolved
T02228,CU0685,A005,C02,Web,2025-09-03 17:00:00,2025-09-04 18:44:21.780542004,25.74,0,0,5,Resolved
T02229,CU0815,A017,C06,Chat,2025-02-13 17:00:00,2025-02-16 13:32:59.659189954,68.55,0,0,5,Resolved
T02230,CU0835,A014,C05,Chat,2025-06-16 10:00:00,2025-06-17 20:17:30.987355434,34.29,1,1,5,Resolved
T02231,CU0411,A002,C02,Web,2025-05-01 08:00:00,2025-05-02 01:56:05.299720450,17.93,1,0,5,Resolved
T02232,CU0072,A008,C02,Chat,2025-02-26 11:00:00,2025-02-26 22:31:38.944003594,11.53,1,0,5,Resolved
T02233,CU0670,A014,C06,Email,2025-10-28 19:00:00,2025-10-29 20:58:44.007520238,25.98,1,0,5,Resolved
T02234,CU0490,A010,C05,Chat,2025-03-31 14:00:00,2025-04-01 05:43:57.170820396,15.73,1,0,3,Resolved
T02235,CU0414,A009,C06,Web,2025-04-04 18:00:00,2025-04-05 18:59:38.557257813,24.99,1,0,5,Resolved
T02236,CU0487,A003,C01,Email,2025-11-08 14:00:00,2025-11-08 22:09:30.336005152,8.16,1,0,5,Resolved
T02237,CU0580,A011,C06,Chat,2025-11-17 14:00:00,2025-11-19 22:10:20.496702907,56.17,0,0,4,Resolved
T02238,CU0258,A002,C04,Chat,2025-01-13 15:00:00,2025-01-13 19:54:16.036169932,4.9,1,0,5,Resolved
T02239,CU0296,A006,C05,Chat,2025-04-12 20:00:00,2025-04-13 23:19:09.109790346,27.32,1,0,4,Resolved
T02240,CU0308,A005,C03,Chat,2025-09-16 13:00:00,2025-09-18 03:51:02.530537570,38.85,0,0,3,Resolved
T02241,CU0444,A012,C01,Chat,2025-10-12 15:00:00,2025-10-12 22:10:31.074729222,7.18,1,0,5,Resolved
T02242,CU0609,A009,C06,Email,2025-12-31 19:00:00,2026-01-01 18:08:41.446788892,23.14,1,0,4,Resolved
T02243,CU0038,A008,C06,Email,2025-07-22 12:00:00,2025-07-23 13:57:10.479552897,25.95,1,0,4,Resolved
T02244,CU0264,A016,C03,Chat,2025-01-03 18:00:00,2025-01-04 05:10:24.439891756,11.17,1,0,5,Resolved
T02245,CU0656,A008,C06,Chat,2025-11-15 14:00:00,2025-11-16 00:59:34.124212496,10.99,1,0,5,Resolved
T02246,CU0028,A014,C02,Web,2025-02-28 19:00:00,2025-03-01 05:32:51.820302411,10.55,1,0,5,Resolved
T02247,CU0716,A016,C02,Chat,2025-02-14 14:00:00,2025-02-14 22:58:10.769011867,8.97,1,0,5,Resolved
T02248,CU0693,A003,C01,Chat,2025-09-04 16:00:00,2025-09-05 02:47:55.061022901,10.8,1,0,4,Resolved
T02249,CU0288,A014,C03,Email,2025-08-09 12:00:00,2025-08-10 06:37:27.909774084,18.62,1,1,4,Resolved
T02250,CU0563,A002,C01,Email,2025-01-22 16:00:00,2025-01-22 22:26:49.448155938,6.45,1,0,5,Resolved
T02251,CU0442,A012,C03,Chat,2025-03-03 12:00:00,2025-03-04 01:52:11.634641580,13.87,1,0,4,Resolved
T02252,CU0226,A005,C01,Web,2025-08-04 15:00:00,2025-08-05 01:01:13.594126306,10.02,1,0,4,Resolved
T02253,CU0135,A005,C05,Chat,2025-04-04 18:00:00,2025-04-05 18:26:17.934134593,24.44,1,0,5,Resolved
T02254,CU0866,A016,C06,Chat,2025-09-07 13:00:00,2025-09-08 12:24:59.880400290,23.42,1,0,5,Resolved
T02255,CU0774,A004,C05,Chat,2025-05-31 13:00:00,2025-06-02 04:18:29.493749534,39.31,1,1,4,Resolved
T02256,CU0809,A010,C02,Chat,2025-08-03 12:00:00,2025-08-04 16:58:14.507531522,28.97,0,0,4,Resolved
T02257,CU0127,A015,C06,Chat,2025-06-23 17:00:00,2025-06-24 19:29:16.210003473,26.49,1,0,3,Resolved
T02258,CU0868,A015,C02,Chat,2025-05-14 15:00:00,2025-05-15 01:38:24.676013893,10.64,1,0,5,Resolved
T02259,CU0564,A004,C06,Email,2025-05-05 14:00:00,2025-05-06 18:51:20.858051174,28.86,1,1,3,Resolved
T02260,CU0462,A007,C04,Chat,2025-09-12 08:00:00,2025-09-12 13:35:43.959152634,5.6,1,0,5,Resolved
T02261,CU0308,A011,C03,Web,2025-07-07 09:00:00,2025-07-08 05:26:12.846935482,20.44,1,0,3,Resolved
T02262,CU0212,A011,C01,Chat,2025-08-05 08:00:00,2025-08-05 16:33:06.491280592,8.55,1,0,5,Resolved
T02263,CU0293,A003,C06,Email,2025-07-30 19:00:00,2025-07-31 19:48:31.211225132,24.81,1,0,5,Resolved
T02264,CU0157,A011,C06,Chat,2025-03-17 19:00:00,2025-03-18 12:49:19.066364756,17.82,1,0,5,Resolved
T02265,CU0712,A001,C05,Chat,2025-11-30 08:00:00,2025-12-01 15:26:41.156596395,31.44,1,1,4,Resolved
T02266,CU0854,A012,C06,Email,2025-07-25 08:00:00,2025-07-27 19:01:07.792238830,59.02,0,0,3,Resolved
T02267,CU0871,A014,C06,Chat,2025-09-20 18:00:00,2025-09-23 07:43:27.443176921,61.72,0,0,3,Resolved
T02268,CU0802,A009,C02,Email,2025-11-18 14:00:00,2025-11-19 01:14:55.291622575,11.25,1,1,4,Resolved
T02269,CU0120,A005,C05,Email,2025-12-04 12:00:00,2025-12-05 17:57:18.753761667,29.96,1,1,3,Resolved
T02270,CU0667,A005,C03,Email,2025-09-01 15:00:00,2025-09-02 08:26:01.497396472,17.43,1,0,5,Resolved
T02271,CU0773,A013,C04,Email,2025-10-15 11:00:00,,15.83,1,0,5,Open
T02272,CU0460,A008,C02,Web,2025-06-22 10:00:00,2025-06-23 00:56:50.527354585,14.95,1,0,5,Resolved
T02273,CU0503,A017,C06,Chat,2025-09-27 12:00:00,2025-09-29 12:01:53.329544878,48.03,0,1,3,Resolved
T02274,CU0346,A018,C05,Web,2025-04-28 19:00:00,2025-04-30 10:27:38.539974074,39.46,1,0,4,Resolved
T02275,CU0741,A008,C02,Chat,2025-09-17 17:00:00,2025-09-18 06:42:06.685331616,13.7,1,0,5,Resolved
T02276,CU0634,A005,C03,Chat,2025-02-01 10:00:00,2025-02-02 17:24:17.455808973,31.4,0,0,4,Resolved
T02277,CU0567,A015,C04,Web,2025-11-30 15:00:00,2025-12-01 01:59:28.922405812,10.99,1,0,5,Resolved
T02278,CU0009,A014,C05,Chat,2025-03-31 19:00:00,2025-04-01 16:05:26.096230453,21.09,1,0,5,Resolved
T02279,CU0865,A003,C06,Web,2025-08-28 20:00:00,2025-08-30 06:03:10.076364208,34.05,1,0,4,Resolved
T02280,CU0472,A018,C03,Email,2025-01-05 17:00:00,2025-01-06 22:35:39.406991801,29.59,0,0,5,Resolved
T02281,CU0861,A004,C04,Web,2025-02-26 09:00:00,2025-02-26 18:05:04.580909516,9.08,1,0,5,Resolved
T02282,CU0611,A011,C05,Chat,2025-12-27 11:00:00,2025-12-29 10:31:35.530690123,47.53,1,0,4,Resolved
T02283,CU0469,A004,C03,Email,2025-11-01 10:00:00,2025-11-01 22:49:48.995763114,12.83,1,0,4,Resolved
T02284,CU0679,A009,C04,Chat,2025-03-23 09:00:00,2025-03-23 16:47:38.186822403,7.79,1,0,5,Resolved
T02285,CU0222,A012,C01,Chat,2025-02-17 10:00:00,2025-02-17 20:45:52.459389806,10.76,1,0,5,Resolved
T02286,CU0406,A003,C02,Email,2025-10-25 12:00:00,2025-10-25 21:26:51.663938038,9.45,1,0,4,Resolved
T02287,CU0023,A005,C03,Email,2025-12-28 15:00:00,2025-12-29 15:36:54.039293125,24.62,0,0,5,Resolved
T02288,CU0671,A014,C06,Email,2025-03-03 13:00:00,2025-03-04 18:17:09.382635556,29.29,1,0,5,Resolved
T02289,CU0292,A018,C03,Email,2025-08-31 13:00:00,2025-09-01 03:41:12.851181085,14.69,1,0,4,Resolved
T02290,CU0087,A017,C02,Email,2025-04-14 11:00:00,2025-04-15 00:33:25.447722184,13.56,1,0,4,Resolved
T02291,CU0717,A014,C05,Chat,2025-09-29 09:00:00,2025-09-30 21:34:36.365507781,36.58,1,0,4,Resolved
T02292,CU0210,A018,C06,Chat,2025-06-02 20:00:00,2025-06-04 01:15:03.759455214,29.25,1,0,3,Resolved
T02293,CU0202,A003,C04,Email,2025-02-15 15:00:00,2025-02-16 22:22:57.556872152,31.38,0,1,5,Resolved
T02294,CU0131,A004,C01,Email,2025-04-29 10:00:00,2025-04-29 16:46:15.007287118,6.77,1,0,5,Resolved
T02295,CU0544,A008,C05,Chat,2025-07-16 18:00:00,2025-07-19 05:32:05.286130029,59.53,0,0,3,Resolved
T02296,CU0306,A017,C04,Chat,2025-10-19 18:00:00,2025-10-20 05:07:17.936093848,11.12,1,0,4,Resolved
T02297,CU0514,A015,C05,Chat,2025-01-08 20:00:00,2025-01-10 03:20:14.741358277,31.34,1,0,4,Resolved
T02298,CU0310,A007,C02,Email,2025-12-16 10:00:00,2025-12-16 22:59:49.034539017,13.0,1,0,4,Resolved
T02299,CU0678,A001,C01,Chat,2025-08-26 16:00:00,2025-08-26 22:57:43.124293306,6.96,1,0,5,Resolved
T02300,CU0337,A012,C03,Email,2025-11-16 20:00:00,2025-11-17 15:46:02.085295918,19.77,1,0,4,Resolved
T02301,CU0714,A006,C05,Email,2025-12-06 18:00:00,2025-12-07 21:13:21.938832843,27.22,1,0,4,Resolved
T02302,CU0420,A005,C03,Web,2025-02-26 10:00:00,2025-02-26 21:18:50.905445112,11.31,1,0,5,Resolved
T02303,CU0014,A004,C02,Chat,2025-02-04 19:00:00,2025-02-05 17:05:48.678550659,22.1,1,0,5,Resolved
T02304,CU0393,A005,C04,Web,2025-10-11 13:00:00,2025-10-12 00:30:04.246518286,11.5,1,0,5,Resolved
T02305,CU0221,A006,C06,Email,2025-03-10 14:00:00,2025-03-11 12:33:40.293795009,22.56,1,0,5,Resolved
T02306,CU0442,A012,C01,Chat,2025-02-24 15:00:00,2025-02-25 05:37:16.029870402,14.62,0,0,5,Resolved
T02307,CU0113,A003,C05,Chat,2025-06-21 18:00:00,2025-06-22 07:34:06.579665637,13.57,1,0,5,Resolved
T02308,CU0678,A009,C05,Chat,2025-11-30 09:00:00,2025-12-02 15:58:05.862334432,54.97,0,0,3,Resolved
T02309,CU0563,A017,C03,Chat,2025-10-18 15:00:00,2025-10-19 02:26:24.526375789,11.44,1,0,4,Resolved
T02310,CU0128,A018,C06,Chat,2025-07-09 18:00:00,2025-07-11 20:40:04.124216650,50.67,0,1,3,Resolved
T02311,CU0881,A015,C06,Chat,2025-03-13 15:00:00,2025-03-14 10:11:14.178714630,19.19,1,0,4,Resolved
T02312,CU0316,A005,C03,Web,2025-05-03 11:00:00,2025-05-03 22:13:18.664250523,11.22,1,0,5,Resolved
T02313,CU0189,A003,C01,Chat,2025-09-09 08:00:00,2025-09-10 06:33:54.112246243,22.57,0,1,3,Resolved
T02314,CU0001,A016,C03,Chat,2025-02-27 15:00:00,2025-03-01 06:11:36.583444186,39.19,0,0,4,Resolved
T02315,CU0223,A008,C02,Email,2025-07-11 17:00:00,2025-07-12 09:13:19.055117935,16.22,1,0,5,Resolved
T02316,CU0026,A009,C04,Web,2025-01-05 15:00:00,2025-01-06 03:47:32.992036915,12.79,1,0,5,Resolved
T02317,CU0435,A008,C06,Web,2025-04-29 20:00:00,2025-04-30 21:38:57.997767274,25.65,1,0,5,Resolved
T02318,CU0546,A003,C06,Web,2025-04-01 15:00:00,2025-04-04 09:27:01.190185351,66.45,0,1,3,Resolved
T02319,CU0334,A013,C03,Web,2025-09-06 14:00:00,2025-09-06 22:24:27.955120564,8.41,1,0,4,Resolved
T02320,CU0789,A005,C04,Chat,2025-11-30 08:00:00,2025-11-30 21:02:04.253164512,13.03,1,0,5,Resolved
T02321,CU0870,A005,C01,Chat,2025-02-23 15:00:00,2025-02-23 20:46:02.916724951,5.77,1,0,5,Resolved
T02322,CU0276,A014,C04,Chat,2025-10-19 10:00:00,2025-10-19 13:48:37.128516577,3.81,1,0,5,Resolved
T02323,CU0574,A013,C01,Web,2025-08-28 17:00:00,2025-08-29 01:42:23.186948065,8.71,1,0,5,Resolved
T02324,CU0362,A015,C06,Chat,2025-12-20 10:00:00,2025-12-22 19:25:33.727830891,57.43,0,0,4,Resolved
T02325,CU0247,A013,C06,Email,2025-11-29 19:00:00,2025-11-30 13:36:32.959692280,18.61,1,0,5,Resolved
T02326,CU0189,A001,C02,Chat,2025-02-06 11:00:00,2025-02-07 06:59:00.231270489,19.98,1,0,5,Resolved
T02327,CU0470,A008,C05,Web,2025-09-29 13:00:00,2025-10-02 21:17:58.435682514,80.3,0,0,3,Resolved
T02328,CU0129,A008,C04,Chat,2025-08-05 09:00:00,2025-08-05 22:59:59.216786851,14.0,1,0,5,Resolved
T02329,CU0606,A006,C06,Web,2025-02-11 10:00:00,2025-02-12 12:23:33.092568510,26.39,1,0,5,Resolved
T02330,CU0796,A009,C04,Web,2025-04-04 19:00:00,2025-04-05 00:04:52.571716633,5.08,1,0,5,Resolved
T02331,CU0332,A009,C02,Chat,2025-12-05 11:00:00,2025-12-05 21:08:34.791922698,10.14,1,0,5,Resolved
T02332,CU0515,A012,C05,Email,2025-07-18 14:00:00,2025-07-22 03:54:56.342969442,85.92,0,1,2,Resolved
T02333,CU0879,A018,C01,Chat,2025-05-04 20:00:00,2025-05-05 04:13:17.236065615,8.22,1,0,4,Resolved
T02334,CU0635,A012,C05,Chat,2025-04-27 16:00:00,2025-04-29 12:37:05.498210139,44.62,1,1,4,Resolved
T02335,CU0364,A017,C02,Chat,2025-11-02 08:00:00,2025-11-02 22:51:52.329534256,14.86,1,0,5,Resolved
T02336,CU0794,A015,C05,Email,2025-04-14 12:00:00,2025-04-17 23:07:43.011805303,83.13,0,0,3,Resolved
T02337,CU0039,A014,C06,Chat,2025-02-27 13:00:00,2025-02-28 09:35:48.938009909,20.6,1,0,4,Resolved
T02338,CU0530,A005,C01,Email,2025-07-29 11:00:00,2025-07-30 12:43:41.458045688,25.73,0,1,5,Resolved
T02339,CU0228,A011,C03,Email,2025-12-29 11:00:00,2025-12-30 05:03:09.364895154,18.05,1,0,5,Resolved
T02340,CU0163,A003,C05,Chat,2025-03-08 14:00:00,2025-03-11 08:26:42.527503910,66.45,0,0,4,Resolved
T02341,CU0466,A017,C02,Chat,2025-04-04 12:00:00,2025-04-04 20:04:02.231663224,8.07,1,0,5,Resolved
T02342,CU0642,A004,C04,Chat,2025-06-21 11:00:00,2025-06-21 22:57:11.078553747,11.95,1,0,4,Resolved
T02343,CU0665,A005,C05,Chat,2025-03-14 13:00:00,2025-03-15 14:58:01.354302336,25.97,1,0,5,Resolved
T02344,CU0674,A017,C03,Web,2025-08-26 12:00:00,2025-08-27 16:16:00.364071032,28.27,0,1,4,Resolved
T02345,CU0260,A003,C06,Chat,2025-04-03 10:00:00,2025-04-05 05:20:03.585120950,43.33,0,0,4,Resolved
T02346,CU0373,A010,C04,Email,2025-02-16 13:00:00,2025-02-17 02:02:39.871571697,13.04,1,0,4,Resolved
T02347,CU0102,A011,C05,Web,2025-04-06 20:00:00,2025-04-09 01:41:10.982869731,53.69,0,0,4,Resolved
T02348,CU0556,A004,C02,Chat,2025-12-06 14:00:00,2025-12-07 00:21:17.565445224,10.35,1,0,5,Resolved
T02349,CU0724,A008,C01,Email,2025-12-08 15:00:00,2025-12-08 20:31:27.668797708,5.52,1,0,4,Resolved
T02350,CU0437,A015,C01,Web,2025-07-04 20:00:00,2025-07-05 06:18:52.134286172,10.31,1,0,5,Resolved
T02351,CU0282,A013,C06,Email,2025-05-27 15:00:00,2025-05-28 15:34:08.122177653,24.57,1,0,4,Resolved
T02352,CU0300,A011,C06,Chat,2025-10-27 10:00:00,2025-10-28 08:59:38.879831832,22.99,1,0,4,Resolved
T02353,CU0586,A010,C06,Email,2025-03-12 13:00:00,2025-03-13 05:14:24.830988813,16.24,1,0,5,Resolved
T02354,CU0606,A007,C02,Web,2025-08-27 14:00:00,2025-08-29 03:29:35.776254663,37.49,0,1,4,Resolved
T02355,CU0429,A012,C04,Email,2025-09-06 14:00:00,2025-09-07 01:57:32.162241974,11.96,1,0,5,Resolved
T02356,CU0223,A001,C06,Email,2025-09-17 09:00:00,,71.74,0,0,3,Open
T02357,CU0370,A002,C05,Email,2025-03-21 09:00:00,2025-03-22 16:10:41.810276859,31.18,1,0,4,Resolved
T02358,CU0295,A015,C01,Email,2025-09-19 12:00:00,2025-09-20 01:42:34.477139350,13.71,0,0,5,Resolved
T02359,CU0089,A004,C06,Chat,2025-08-12 19:00:00,2025-08-14 19:31:54.554676855,48.53,0,0,4,Resolved
T02360,CU0366,A013,C02,Web,2025-11-16 17:00:00,2025-11-17 02:39:40.870658404,9.66,1,0,5,Resolved
T02361,CU0765,A001,C02,Chat,2025-03-05 18:00:00,2025-03-06 14:08:56.025980757,20.15,1,1,4,Resolved
T02362,CU0554,A005,C06,Web,2025-08-12 10:00:00,2025-08-16 03:55:37.826819583,89.93,0,0,3,Resolved
T02363,CU0121,A017,C04,Chat,2025-10-30 13:00:00,2025-10-31 04:01:43.857740650,15.03,1,1,4,Resolved
T02364,CU0767,A005,C03,Email,2025-04-12 15:00:00,2025-04-13 16:30:10.045736496,25.5,0,0,5,Resolved
T02365,CU0193,A018,C04,Email,2025-09-29 13:00:00,2025-09-30 08:14:05.733028939,19.23,0,0,4,Resolved
T02366,CU0554,A005,C06,Email,2025-02-06 13:00:00,2025-02-07 17:42:15.607495980,28.7,1,0,3,Resolved
T02367,CU0511,A012,C01,Chat,2025-09-20 12:00:00,2025-09-21 01:35:10.971961083,13.59,0,1,4,Resolved
T02368,CU0654,A013,C06,Email,2025-08-10 08:00:00,2025-08-12 08:18:19.263880025,48.31,0,0,4,Resolved
T02369,CU0690,A012,C03,Chat,2025-03-12 19:00:00,2025-03-13 18:58:02.287650597,23.97,1,0,4,Resolved
T02370,CU0264,A006,C01,Chat,2025-01-25 20:00:00,2025-01-26 00:21:12.405609565,4.35,1,0,5,Resolved
T02371,CU0700,A014,C04,Chat,2025-09-30 09:00:00,2025-10-01 00:44:14.730971697,15.74,1,0,3,Resolved
T02372,CU0529,A006,C04,Web,2025-03-30 13:00:00,2025-03-30 23:07:31.917811414,10.13,1,0,5,Resolved
T02373,CU0315,A015,C02,Web,2025-07-01 14:00:00,2025-07-02 05:01:30.803106277,15.03,1,0,5,Resolved
T02374,CU0094,A007,C03,Email,2025-01-23 18:00:00,2025-01-25 07:09:38.041359559,37.16,0,1,3,Resolved
T02375,CU0512,A016,C05,Email,2025-12-18 20:00:00,2025-12-19 18:17:18.643527369,22.29,1,0,4,Resolved
T02376,CU0417,A018,C05,Chat,2025-07-20 13:00:00,2025-07-21 19:29:42.413522290,30.5,1,1,4,Resolved
T02377,CU0424,A014,C05,Chat,2025-12-07 17:00:00,2025-12-09 13:20:51.505859436,44.35,1,0,5,Resolved
T02378,CU0621,A009,C06,Email,2025-02-28 20:00:00,2025-03-01 09:11:35.379607149,13.19,1,0,4,Resolved
T02379,CU0638,A008,C03,Email,2025-03-17 18:00:00,2025-03-18 01:08:22.102668178,7.14,1,0,4,Resolved
T02380,CU0162,A007,C04,Email,2025-08-11 11:00:00,2025-08-12 12:51:01.495394654,25.85,0,1,5,Resolved
T02381,CU0267,A007,C04,Chat,2025-08-09 18:00:00,2025-08-10 09:07:20.818302600,15.12,1,0,5,Resolved
T02382,CU0812,A009,C04,Chat,2025-10-16 13:00:00,2025-10-17 02:36:26.901721796,13.61,1,0,5,Resolved
T02383,CU0535,A009,C01,Chat,2025-12-05 08:00:00,2025-12-05 14:33:20.855903965,6.56,1,0,5,Resolved
T02384,CU0376,A013,C03,Email,2025-10-27 17:00:00,2025-10-28 02:07:04.146892795,9.12,1,0,5,Resolved
T02385,CU0876,A017,C02,Chat,2025-02-21 18:00:00,2025-02-22 02:12:38.960477895,8.21,1,0,5,Resolved
T02386,CU0605,A016,C03,Chat,2025-04-23 12:00:00,2025-04-24 03:02:24.813291786,15.04,1,0,3,Resolved
T02387,CU0765,A011,C06,Email,2025-11-30 13:00:00,2025-12-01 06:12:14.615694896,17.2,1,1,4,Resolved
T02388,CU0423,A018,C05,Chat,2025-07-20 12:00:00,2025-07-22 17:45:37.128869730,53.76,0,0,4,Resolved
T02389,CU0148,A017,C04,Chat,2025-11-13 09:00:00,2025-11-13 17:55:59.987194989,8.93,1,0,5,Resolved
T02390,CU0660,A009,C04,Email,2025-07-25 20:00:00,2025-07-26 11:18:09.295184246,15.3,1,0,5,Resolved
T02391,CU0735,A008,C05,Chat,2025-01-19 08:00:00,2025-01-20 17:14:29.970449134,33.24,1,0,3,Resolved
T02392,CU0526,A009,C04,Email,2025-06-22 15:00:00,2025-06-23 04:05:29.018613548,13.09,1,0,4,Resolved
T02393,CU0390,A001,C04,Web,2025-10-29 08:00:00,2025-10-29 21:46:20.432782408,13.77,1,0,4,Resolved
T02394,CU0111,A006,C05,Chat,2025-08-28 16:00:00,2025-08-30 08:06:33.224051361,40.11,1,0,4,Resolved
T02395,CU0222,A007,C01,Chat,2025-02-18 19:00:00,2025-02-19 03:41:25.713546306,8.69,1,0,5,Resolved
T02396,CU0833,A015,C04,Email,2025-03-18 16:00:00,2025-03-19 04:13:57.113897721,12.23,1,0,5,Resolved
T02397,CU0152,A005,C04,Email,2025-11-08 15:00:00,2025-11-08 18:41:14.282001754,3.69,1,0,5,Resolved
T02398,CU0595,A012,C06,Web,2025-12-24 18:00:00,2025-12-26 03:26:31.177783550,33.44,1,0,5,Resolved
T02399,CU0597,A006,C06,Chat,2025-10-02 20:00:00,2025-10-03 22:44:42.218866960,26.75,1,0,5,Resolved
T02400,CU0425,A007,C06,Web,2025-02-05 19:00:00,2025-02-07 03:13:24.810455427,32.22,1,0,5,Resolved
T02401,CU0898,A002,C04,Chat,2025-08-15 11:00:00,2025-08-15 18:53:26.260989327,7.89,1,0,5,Resolved
T02402,CU0609,A010,C02,Chat,2025-10-30 15:00:00,2025-10-31 03:08:43.829294082,12.15,1,0,5,Resolved
T02403,CU0871,A002,C05,Chat,2025-08-22 18:00:00,2025-08-24 04:57:13.319444606,34.95,1,1,3,Resolved
T02404,CU0235,A004,C06,Chat,2025-08-05 11:00:00,2025-08-08 03:24:13.490282923,64.4,0,1,2,Resolved
T02405,CU0667,A010,C06,Chat,2025-06-20 16:00:00,2025-06-21 08:12:24.090985360,16.21,1,1,4,Resolved
T02406,CU0693,A013,C06,Chat,2025-03-31 08:00:00,2025-04-01 00:27:38.843038004,16.46,1,0,5,Resolved
T02407,CU0827,A008,C02,Chat,2025-04-13 19:00:00,2025-04-14 12:48:19.241629250,17.81,1,0,4,Resolved
T02408,CU0371,A005,C05,Email,2025-09-30 15:00:00,2025-10-02 02:16:26.023196521,35.27,1,0,5,Resolved
T02409,CU0300,A017,C06,Chat,2025-01-26 17:00:00,2025-01-27 09:27:45.886744008,16.46,1,0,5,Resolved
T02410,CU0725,A007,C05,Chat,2025-01-31 18:00:00,2025-02-02 16:37:08.863949182,46.62,1,0,4,Resolved
T02411,CU0648,A006,C05,Chat,2025-05-25 10:00:00,2025-05-27 09:29:13.457383875,47.49,1,0,4,Resolved
T02412,CU0247,A002,C04,Email,2025-10-10 13:00:00,2025-10-11 04:13:23.888798029,15.22,1,0,5,Resolved
T02413,CU0275,A007,C05,Web,2025-08-28 19:00:00,2025-09-01 06:41:27.747052566,83.69,0,1,2,Resolved
T02414,CU0712,A004,C03,Chat,2025-08-04 10:00:00,2025-08-05 05:36:23.513113803,19.61,1,0,5,Resolved
T02415,CU0513,A007,C01,Web,2025-07-14 18:00:00,2025-07-15 03:20:21.596937712,9.34,1,0,5,Resolved
T02416,CU0817,A004,C06,Email,2025-02-10 11:00:00,2025-02-11 05:40:33.598145658,18.68,1,0,4,Resolved
T02417,CU0568,A004,C06,Web,2025-05-02 15:00:00,2025-05-03 23:53:28.280249894,32.89,1,1,4,Resolved
T02418,CU0883,A014,C06,Email,2025-01-30 14:00:00,2025-01-31 09:42:49.870160272,19.71,1,0,4,Resolved
T02419,CU0295,A009,C03,Chat,2025-10-04 16:00:00,2025-10-05 05:59:23.534775358,13.99,1,0,5,Resolved
T02420,CU0700,A013,C01,Email,2025-10-02 18:00:00,2025-10-03 04:28:45.285872844,10.48,1,0,4,Resolved
T02421,CU0172,A011,C03,Email,2025-04-05 12:00:00,2025-04-06 16:58:11.498644156,28.97,0,0,5,Resolved
T02422,CU0634,A010,C06,Web,2025-04-17 10:00:00,2025-04-18 15:54:25.240114022,29.91,1,0,4,Resolved
T02423,CU0376,A009,C05,Web,2025-04-26 13:00:00,2025-04-29 10:30:25.669653361,69.51,0,0,3,Resolved
T02424,CU0468,A007,C06,Email,2025-11-21 15:00:00,2025-11-22 09:11:58.180100524,18.2,1,0,5,Resolved
T02425,CU0727,A005,C03,Email,2025-06-28 17:00:00,2025-06-29 00:26:04.024113133,7.43,1,0,4,Resolved
T02426,CU0096,A017,C04,Chat,2025-10-06 17:00:00,2025-10-07 08:10:20.631002844,15.17,1,0,4,Resolved
T02427,CU0202,A008,C06,Email,2025-06-13 12:00:00,2025-06-14 05:39:51.802570576,17.66,1,0,3,Resolved
T02428,CU0504,A016,C02,Email,2025-09-12 20:00:00,2025-09-13 11:50:36.404773954,15.84,1,0,5,Resolved
T02429,CU0373,A014,C06,Email,2025-07-12 09:00:00,2025-07-13 02:01:39.749543587,17.03,1,0,5,Resolved
T02430,CU0507,A011,C05,Chat,2025-04-12 09:00:00,2025-04-13 05:41:01.070012558,20.68,1,0,4,Resolved
T02431,CU0388,A016,C01,Web,2025-11-16 08:00:00,2025-11-16 12:04:09.014296458,4.07,1,0,4,Resolved
T02432,CU0059,A012,C01,Chat,2025-09-16 20:00:00,2025-09-17 04:25:19.740333360,8.42,1,0,5,Resolved
T02433,CU0843,A015,C06,Chat,2025-10-08 10:00:00,2025-10-09 06:55:58.859647154,20.93,1,0,4,Resolved
T02434,CU0622,A015,C05,Chat,2025-12-13 15:00:00,2025-12-14 23:16:50.503877090,32.28,1,0,4,Resolved
T02435,CU0550,A012,C06,Chat,2025-04-01 18:00:00,2025-04-03 23:16:55.862628294,53.28,0,1,3,Resolved
T02436,CU0135,A014,C06,Chat,2025-02-03 17:00:00,2025-02-05 02:54:08.375854269,33.9,1,0,5,Resolved
T02437,CU0178,A015,C04,Chat,2025-08-01 20:00:00,2025-08-02 02:47:07.580929927,6.79,1,0,4,Resolved
T02438,CU0537,A005,C06,Chat,2025-04-30 08:00:00,2025-05-01 16:52:02.815807364,32.87,1,0,5,Resolved
T02439,CU0048,A016,C06,Chat,2025-06-09 13:00:00,2025-06-10 15:17:21.804282311,26.29,1,0,4,Resolved
T02440,CU0426,A010,C02,Chat,2025-03-27 14:00:00,2025-03-28 03:23:49.423490008,13.4,1,0,4,Resolved
T02441,CU0801,A003,C06,Web,2025-05-26 17:00:00,2025-05-27 23:11:24.125141313,30.19,1,1,3,Resolved
T02442,CU0788,A003,C03,Email,2025-05-24 16:00:00,2025-05-25 10:38:20.787636465,18.64,1,0,4,Resolved
T02443,CU0464,A014,C03,Chat,2025-05-08 15:00:00,2025-05-09 03:27:06.439536345,12.45,1,0,4,Resolved
T02444,CU0210,A015,C04,Email,2025-09-28 11:00:00,2025-09-28 23:58:14.729998346,12.97,1,0,5,Resolved
T02445,CU0067,A012,C06,Email,2025-08-05 09:00:00,2025-08-08 15:28:56.473287754,78.48,0,1,3,Resolved
T02446,CU0155,A012,C01,Email,2025-06-23 13:00:00,2025-06-23 18:49:41.010865557,5.83,1,0,5,Resolved
T02447,CU0253,A016,C04,Chat,2025-02-11 11:00:00,2025-02-11 17:55:12.745225974,6.92,1,0,5,Resolved
T02448,CU0497,A018,C05,Email,2025-07-28 15:00:00,2025-07-30 12:32:24.385877973,45.54,1,0,3,Resolved
T02449,CU0654,A015,C01,Chat,2025-03-05 18:00:00,2025-03-05 22:48:35.819083753,4.81,1,0,4,Resolved
T02450,CU0415,A003,C06,Chat,2025-04-25 15:00:00,2025-04-26 02:30:52.876070492,11.51,1,0,5,Resolved
T02451,CU0744,A015,C06,Web,2025-06-01 15:00:00,2025-06-02 12:24:36.577500487,21.41,1,0,5,Resolved
T02452,CU0146,A010,C01,Chat,2025-02-21 08:00:00,2025-02-21 23:21:11.380073230,15.35,0,0,5,Resolved
T02453,CU0382,A015,C02,Chat,2025-05-23 16:00:00,2025-05-24 05:45:32.020138717,13.76,1,0,4,Resolved
T02454,CU0553,A014,C06,Chat,2025-04-08 13:00:00,2025-04-09 22:03:07.711321953,33.05,1,1,4,Resolved
T02455,CU0049,A013,C02,Email,2025-11-07 09:00:00,2025-11-07 14:22:05.479641548,5.37,1,0,5,Resolved
T02456,CU0816,A016,C01,Chat,2025-11-10 10:00:00,2025-11-10 19:44:36.516421550,9.74,1,0,5,Resolved
T02457,CU0896,A003,C06,Chat,2025-01-02 18:00:00,2025-01-03 20:04:21.876989131,26.07,1,0,5,Resolved
T02458,CU0667,A016,C06,Chat,2025-08-08 19:00:00,2025-08-09 22:59:43.284561320,28.0,1,0,4,Resolved
T02459,CU0633,A007,C05,Chat,2025-08-22 14:00:00,2025-08-25 03:56:39.412568025,61.94,0,1,3,Resolved
T02460,CU0189,A004,C04,Chat,2025-05-18 20:00:00,,11.88,1,0,5,Open
T02461,CU0165,A013,C06,Chat,2025-06-21 10:00:00,2025-06-22 01:31:10.700563803,15.52,1,0,5,Resolved
T02462,CU0215,A018,C05,Chat,2025-10-16 11:00:00,2025-10-18 06:54:40.766965516,43.91,1,1,5,Resolved
T02463,CU0122,A002,C05,Chat,2025-05-18 20:00:00,2025-05-21 01:07:39.661692542,53.13,0,0,4,Resolved
T02464,CU0502,A018,C06,Web,2025-01-24 10:00:00,2025-01-25 08:33:46.049824641,22.56,1,0,5,Resolved
T02465,CU0862,A007,C05,Email,2025-05-16 16:00:00,2025-05-17 12:58:48.015892624,20.98,1,0,4,Resolved
T02466,CU0610,A018,C04,Chat,2025-04-03 10:00:00,2025-04-03 20:09:18.659744607,10.16,1,0,4,Resolved
T02467,CU0794,A001,C03,Chat,2025-05-20 12:00:00,,24.97,0,0,3,Open
T02468,CU0882,A012,C04,Email,2025-03-25 14:00:00,2025-03-25 20:20:05.132962957,6.33,1,0,5,Resolved
T02469,CU0596,A010,C04,Email,2025-02-24 12:00:00,2025-02-25 05:24:39.296481789,17.41,1,1,4,Resolved
T02470,CU0095,A015,C03,Chat,2025-12-26 19:00:00,2025-12-27 07:31:47.146060145,12.53,1,0,3,Resolved
T02471,CU0838,A009,C04,Chat,2025-02-17 20:00:00,2025-02-18 08:15:57.266709206,12.27,1,0,5,Resolved
T02472,CU0492,A002,C06,Email,2025-09-15 14:00:00,2025-09-17 01:44:08.769209571,35.74,1,1,4,Resolved
T02473,CU0493,A004,C04,Chat,2025-09-19 14:00:00,2025-09-20 00:54:32.776401351,10.91,1,0,5,Resolved
T02474,CU0889,A005,C01,Chat,2025-08-14 08:00:00,2025-08-15 04:19:18.489543736,20.32,0,0,4,Resolved
T02475,CU0616,A016,C03,Chat,2025-11-29 11:00:00,2025-11-29 20:01:01.612058541,9.02,1,0,5,Resolved
T02476,CU0100,A002,C02,Email,2025-01-02 08:00:00,2025-01-03 01:25:02.790671941,17.42,1,0,5,Resolved
T02477,CU0689,A016,C06,Chat,2025-04-21 19:00:00,2025-04-24 01:29:15.096551100,54.49,0,0,4,Resolved
T02478,CU0876,A010,C04,Chat,2025-03-09 10:00:00,2025-03-10 00:58:29.891948815,14.97,1,0,5,Resolved
T02479,CU0214,A011,C03,Chat,2025-07-30 12:00:00,2025-07-30 23:57:14.994439048,11.95,1,0,5,Resolved
T02480,CU0416,A018,C06,Email,2025-08-20 18:00:00,2025-08-21 15:12:41.065906744,21.21,1,0,5,Resolved
T02481,CU0094,A014,C01,Email,2025-11-24 17:00:00,2025-11-24 23:57:33.031204959,6.96,1,1,4,Resolved
T02482,CU0646,A012,C02,Email,2025-05-19 16:00:00,2025-05-20 07:01:51.662479893,15.03,1,0,5,Resolved
T02483,CU0129,A015,C06,Email,2025-03-28 08:00:00,2025-03-29 11:40:32.048275724,27.68,1,0,5,Resolved
T02484,CU0383,A009,C04,Chat,2025-12-04 15:00:00,2025-12-04 21:12:24.175181728,6.21,1,0,5,Resolved
T02485,CU0586,A017,C06,Chat,2025-09-03 15:00:00,2025-09-04 16:29:44.490122487,25.5,1,0,4,Resolved
T02486,CU0757,A015,C06,Web,2025-10-07 12:00:00,2025-10-08 05:21:07.258232113,17.35,1,0,5,Resolved
T02487,CU0288,A018,C06,Web,2025-06-12 17:00:00,2025-06-13 21:07:02.844285297,28.12,1,1,5,Resolved
T02488,CU0818,A010,C01,Chat,2025-06-13 20:00:00,2025-06-14 15:32:30.391102237,19.54,0,0,5,Resolved
T02489,CU0022,A012,C06,Email,2025-05-23 11:00:00,2025-05-24 03:25:38.106153163,16.43,1,0,5,Resolved
T02490,CU0150,A009,C05,Chat,2025-10-01 12:00:00,2025-10-02 07:58:20.989373030,19.97,1,0,3,Resolved
T02491,CU0107,A017,C02,Chat,2025-03-18 12:00:00,2025-03-18 20:24:27.606319707,8.41,1,0,4,Resolved
T02492,CU0673,A012,C06,Chat,2025-12-23 18:00:00,2025-12-25 03:16:37.728818137,33.28,1,0,4,Resolved
T02493,CU0326,A003,C03,Email,2025-03-06 09:00:00,,16.69,1,0,5,Open
T02494,CU0019,A010,C06,Web,2025-06-18 19:00:00,2025-06-19 11:42:09.930165195,16.7,1,0,5,Resolved
T02495,CU0710,A003,C05,Email,2025-04-25 18:00:00,2025-04-26 20:19:49.916469385,26.33,1,0,4,Resolved
T02496,CU0250,A012,C04,Email,2025-08-23 14:00:00,2025-08-24 02:01:48.998003541,12.03,1,1,5,Resolved
T02497,CU0614,A013,C02,Chat,2025-09-06 15:00:00,2025-09-07 11:28:19.965386708,20.47,1,0,4,Resolved
T02498,CU0498,A015,C06,Web,2025-12-02 19:00:00,,83.67,0,0,3,Open
T02499,CU0101,A003,C04,Chat,2025-10-16 18:00:00,2025-10-17 08:05:40.179957381,14.09,1,0,5,Resolved
T02500,CU0543,A009,C01,Web,2025-04-01 11:00:00,2025-04-01 18:40:19.735052620,7.67,1,0,5,Resolved
T02501,CU0775,A007,C01,Chat,2025-03-17 08:00:00,,7.24,1,1,5,Open
T02502,CU0329,A008,C06,Chat,2025-11-20 16:00:00,2025-11-21 05:39:29.800963105,13.66,1,0,4,Resolved
T02503,CU0751,A017,C02,Email,2025-06-28 09:00:00,2025-06-29 04:28:36.037922134,19.48,1,0,5,Resolved
T02504,CU0244,A011,C05,Chat,2025-02-05 09:00:00,2025-02-07 03:05:06.788149360,42.09,1,0,4,Resolved
T02505,CU0255,A008,C05,Chat,2025-10-29 20:00:00,2025-10-30 21:08:04.231814946,25.13,1,0,4,Resolved
T02506,CU0155,A017,C02,Email,2025-08-25 14:00:00,2025-08-26 20:56:09.282103278,30.94,0,0,4,Resolved
T02507,CU0191,A010,C04,Email,2025-01-10 16:00:00,2025-01-11 05:32:53.059427422,13.55,1,1,4,Resolved
T02508,CU0216,A008,C02,Chat,2025-10-13 10:00:00,2025-10-14 10:12:17.241545138,24.2,0,1,5,Resolved
T02509,CU0585,A010,C06,Email,2025-08-10 09:00:00,2025-08-12 04:08:37.721905767,43.14,0,0,4,Resolved
T02510,CU0118,A016,C06,Email,2025-08-13 08:00:00,2025-08-15 02:32:15.614723486,42.54,0,1,3,Resolved
T02511,CU0491,A009,C03,Chat,2025-11-12 12:00:00,2025-11-13 01:29:44.277637938,13.5,1,1,4,Resolved
T02512,CU0236,A012,C04,Chat,2025-06-30 08:00:00,2025-06-30 18:18:09.638752417,10.3,1,0,5,Resolved
T02513,CU0133,A004,C04,Email,2025-06-18 13:00:00,2025-06-19 05:04:04.126534500,16.07,1,0,4,Resolved
T02514,CU0740,A001,C06,Web,2025-08-14 12:00:00,2025-08-15 18:02:30.457906508,30.04,1,0,5,Resolved
T02515,CU0486,A002,C03,Chat,2025-03-14 14:00:00,2025-03-15 10:43:11.817599386,20.72,1,0,5,Resolved
T02516,CU0259,A009,C04,Email,2025-02-25 15:00:00,2025-02-25 21:45:27.270681202,6.76,1,0,5,Resolved
T02517,CU0575,A013,C06,Chat,2025-11-04 12:00:00,2025-11-06 07:19:33.602834809,43.33,0,1,4,Resolved
T02518,CU0817,A004,C02,Email,2025-03-20 13:00:00,,16.12,1,0,4,Open
T02519,CU0255,A017,C04,Email,2025-07-04 09:00:00,2025-07-04 17:11:50.299993122,8.2,1,0,5,Resolved
T02520,CU0221,A003,C01,Email,2025-04-09 11:00:00,2025-04-09 18:13:58.308345955,7.23,1,0,5,Resolved
T02521,CU0615,A013,C05,Chat,2025-03-26 20:00:00,2025-03-28 19:08:26.327704948,47.14,1,0,4,Resolved
T02522,CU0443,A005,C03,Web,2025-08-07 20:00:00,2025-08-08 08:20:53.452218660,12.35,1,0,5,Resolved
T02523,CU0607,A002,C06,Email,2025-10-20 14:00:00,2025-10-21 08:50:11.576261666,18.84,1,1,3,Resolved
T02524,CU0151,A013,C04,Email,2025-06-11 20:00:00,2025-06-12 06:39:40.729151199,10.66,1,0,5,Resolved
T02525,CU0840,A010,C01,Chat,2025-02-20 14:00:00,2025-02-21 10:53:36.770332714,20.89,0,0,5,Resolved
T02526,CU0016,A012,C06,Chat,2025-03-31 09:00:00,2025-04-01 03:28:16.514483919,18.47,1,0,5,Resolved
T02527,CU0247,A017,C06,Chat,2025-03-02 19:00:00,2025-03-04 02:14:29.600814066,31.24,1,0,5,Resolved
T02528,CU0563,A010,C05,Email,2025-11-19 13:00:00,2025-11-21 07:31:00.434802936,42.52,1,1,3,Resolved
T02529,CU0469,A016,C05,Chat,2025-04-27 15:00:00,2025-04-28 20:00:26.967718616,29.01,1,1,4,Resolved
T02530,CU0304,A009,C02,Chat,2025-05-17 16:00:00,2025-05-18 07:03:10.259776778,15.05,1,0,4,Resolved
T02531,CU0880,A007,C05,Email,2025-01-26 12:00:00,2025-01-27 13:20:31.063898266,25.34,1,0,4,Resolved
T02532,CU0311,A008,C01,Chat,2025-06-12 17:00:00,2025-06-12 23:48:36.913629445,6.81,1,0,5,Resolved
T02533,CU0611,A007,C02,Email,2025-11-30 14:00:00,2025-11-30 20:37:45.140049098,6.63,1,0,5,Resolved
T02534,CU0367,A016,C06,Chat,2025-05-30 12:00:00,2025-05-31 12:43:35.753940980,24.73,1,0,4,Resolved
T02535,CU0397,A010,C05,Chat,2025-08-26 11:00:00,2025-08-30 00:36:36.788633017,85.61,0,1,2,Resolved
T02536,CU0700,A017,C02,Chat,2025-03-08 17:00:00,2025-03-09 07:21:59.390732912,14.37,1,0,4,Resolved
T02537,CU0319,A005,C01,Email,2025-02-22 11:00:00,2025-02-23 00:04:04.966553521,13.07,0,0,4,Resolved
T02538,CU0360,A014,C06,Email,2025-09-25 09:00:00,2025-09-27 10:01:41.881683813,49.03,0,0,5,Resolved
T02539,CU0704,A003,C01,Chat,2025-01-24 19:00:00,2025-01-25 02:47:18.590664458,7.79,1,0,5,Resolved
T02540,CU0078,A006,C02,Web,2025-06-13 12:00:00,2025-06-13 22:33:13.864122352,10.55,1,0,4,Resolved
T02541,CU0390,A001,C02,Chat,2025-04-26 16:00:00,2025-04-27 03:14:54.756766042,11.25,1,0,4,Resolved
T02542,CU0251,A017,C01,Chat,2025-01-06 17:00:00,2025-01-06 21:07:39.593355430,4.13,1,0,5,Resolved
T02543,CU0435,A006,C03,Email,2025-07-13 18:00:00,2025-07-14 13:17:44.912356393,19.3,1,0,5,Resolved
T02544,CU0519,A015,C06,Email,2025-12-18 16:00:00,2025-12-19 18:41:51.513057121,26.7,1,0,4,Resolved
T02545,CU0387,A008,C03,Email,2025-01-26 17:00:00,2025-01-28 05:47:14.301341833,36.79,0,0,4,Resolved
T02546,CU0895,A003,C04,Web,2025-10-25 18:00:00,2025-10-26 07:57:08.031322652,13.95,1,0,5,Resolved
T02547,CU0822,A007,C05,Email,2025-07-16 20:00:00,2025-07-18 10:42:26.290567900,38.71,1,1,4,Resolved
T02548,CU0129,A007,C04,Chat,2025-09-22 08:00:00,2025-09-22 15:22:01.970691963,7.37,1,0,5,Resolved
T02549,CU0579,A010,C05,Chat,2025-02-05 17:00:00,2025-02-06 21:14:54.437940171,28.25,1,0,3,Resolved
T02550,CU0292,A006,C05,Web,2025-11-14 10:00:00,2025-11-16 06:40:08.634271195,44.67,1,0,4,Resolved
T02551,CU0644,A013,C05,Chat,2025-01-05 19:00:00,2025-01-06 23:04:12.855166161,28.07,1,0,4,Resolved
T02552,CU0438,A014,C05,Chat,2025-11-27 08:00:00,2025-11-28 23:33:44.769746426,39.56,1,0,5,Resolved
T02553,CU0859,A003,C06,Web,2025-08-29 11:00:00,2025-08-30 21:48:15.849214786,34.8,1,0,5,Resolved
T02554,CU0851,A010,C05,Email,2025-05-04 10:00:00,2025-05-06 14:13:16.266636145,52.22,0,1,4,Resolved
T02555,CU0052,A011,C06,Chat,2025-01-03 15:00:00,2025-01-04 03:11:01.790275549,12.18,1,0,4,Resolved
T02556,CU0098,A005,C02,Email,2025-08-11 08:00:00,2025-08-12 20:53:05.256038810,36.88,0,0,4,Resolved
T02557,CU0021,A014,C05,Chat,2025-02-01 08:00:00,2025-02-02 02:47:27.033181609,18.79,1,0,5,Resolved
T02558,CU0715,A005,C05,Web,2025-08-11 14:00:00,2025-08-14 23:38:45.394073174,81.65,0,1,3,Resolved
T02559,CU0206,A016,C03,Email,2025-10-10 20:00:00,2025-10-11 11:02:24.932797267,15.04,1,0,5,Resolved
T02560,CU0651,A009,C06,Email,2025-04-08 14:00:00,2025-04-09 13:43:49.127593432,23.73,1,0,5,Resolved
T02561,CU0300,A007,C03,Chat,2025-03-29 13:00:00,2025-03-30 04:15:07.575806718,15.25,1,0,5,Resolved
T02562,CU0276,A012,C02,Chat,2025-03-23 16:00:00,2025-03-24 11:09:43.275909495,19.16,1,1,4,Resolved
T02563,CU0544,A012,C06,Chat,2025-03-24 15:00:00,2025-03-25 21:42:55.186988263,30.72,1,0,5,Resolved
T02564,CU0697,A010,C02,Email,2025-02-11 13:00:00,2025-02-12 11:32:26.312744392,22.54,1,0,5,Resolved
T02565,CU0510,A013,C04,Email,2025-04-02 15:00:00,2025-04-03 11:43:39.817004840,20.73,0,0,5,Resolved
T02566,CU0518,A005,C03,Web,2025-08-29 08:00:00,2025-08-30 09:15:51.551487007,25.26,0,0,5,Resolved
T02567,CU0663,A015,C06,Chat,2025-04-21 11:00:00,2025-04-23 17:03:23.290364332,54.06,0,0,4,Resolved
T02568,CU0155,A012,C04,Chat,2025-10-13 16:00:00,2025-10-14 03:28:11.916834988,11.47,1,0,4,Resolved
T02569,CU0533,A004,C05,Email,2025-10-27 12:00:00,2025-10-29 14:20:30.411418351,50.34,0,0,4,Resolved
T02570,CU0258,A018,C06,Email,2025-10-05 08:00:00,2025-10-06 14:19:11.139547458,30.32,1,0,5,Resolved
T02571,CU0140,A016,C05,Chat,2025-07-16 09:00:00,2025-07-17 21:34:10.868402150,36.57,1,0,4,Resolved
T02572,CU0296,A004,C06,Chat,2025-04-26 19:00:00,2025-04-27 22:07:27.596128616,27.12,1,0,5,Resolved
T02573,CU0174,A015,C06,Chat,2025-12-06 12:00:00,2025-12-07 19:21:10.034001172,31.35,1,0,4,Resolved
T02574,CU0291,A010,C03,Email,2025-03-16 08:00:00,2025-03-17 00:45:19.656580363,16.76,1,0,5,Resolved
T02575,CU0022,A014,C06,Web,2025-06-19 17:00:00,2025-06-20 23:06:14.747305392,30.1,1,0,5,Resolved
T02576,CU0672,A007,C04,Email,2025-06-15 14:00:00,2025-06-16 09:48:34.046148808,19.81,0,1,5,Resolved
T02577,CU0314,A005,C01,Email,2025-09-30 13:00:00,2025-09-30 23:07:58.299559788,10.13,1,0,5,Resolved
T02578,CU0595,A004,C02,Email,2025-07-19 19:00:00,2025-07-19 23:45:51.777320688,4.76,1,0,5,Resolved
T02579,CU0675,A002,C05,Email,2025-10-19 12:00:00,2025-10-22 20:29:02.754788838,80.48,0,1,3,Resolved
T02580,CU0738,A016,C02,Email,2025-12-02 15:00:00,2025-12-03 03:14:43.035745736,12.25,1,0,4,Resolved
T02581,CU0071,A006,C05,Chat,2025-05-23 17:00:00,2025-05-24 14:24:09.259461104,21.4,1,0,5,Resolved
T02582,CU0460,A018,C03,Chat,2025-11-16 15:00:00,2025-11-17 01:15:03.173736772,10.25,1,0,5,Resolved
T02583,CU0376,A005,C04,Web,2025-03-03 10:00:00,2025-03-03 19:27:16.329273447,9.45,1,0,5,Resolved
T02584,CU0316,A007,C01,Web,2025-12-01 16:00:00,2025-12-01 22:12:36.986405184,6.21,1,0,5,Resolved
T02585,CU0726,A016,C06,Email,2025-03-06 17:00:00,2025-03-07 10:56:36.188763698,17.94,1,0,5,Resolved
T02586,CU0061,A007,C03,Chat,2025-11-07 09:00:00,2025-11-07 21:30:23.760795157,12.51,1,0,5,Resolved
T02587,CU0280,A014,C02,Email,2025-05-23 10:00:00,2025-05-24 03:46:07.519447722,17.77,1,0,5,Resolved
T02588,CU0715,A002,C04,Chat,2025-12-19 16:00:00,2025-12-20 19:25:40.250195738,27.43,0,0,5,Resolved
T02589,CU0356,A018,C04,Chat,2025-02-17 09:00:00,2025-02-18 00:54:47.722707417,15.91,1,0,4,Resolved
T02590,CU0068,A012,C05,Email,2025-06-19 19:00:00,2025-06-22 09:40:40.063847138,62.68,0,1,3,Resolved
T02591,CU0157,A014,C04,Email,2025-11-26 09:00:00,2025-11-26 18:16:54.655932406,9.28,1,0,5,Resolved
T02592,CU0272,A001,C01,Chat,2025-01-18 20:00:00,2025-01-19 04:23:08.914928132,8.39,1,0,5,Resolved
T02593,CU0224,A018,C06,Email,2025-04-07 16:00:00,2025-04-09 04:57:10.391678575,36.95,0,1,3,Resolved
T02594,CU0602,A009,C04,Email,2025-01-31 13:00:00,2025-01-31 21:10:30.397421748,8.18,1,0,5,Resolved
T02595,CU0155,A004,C01,Chat,2025-04-28 11:00:00,2025-04-28 17:36:18.857734498,6.61,1,0,5,Resolved
T02596,CU0688,A003,C06,Chat,2025-05-23 12:00:00,2025-05-25 00:43:25.568931583,36.72,0,0,4,Resolved
T02597,CU0281,A002,C05,Email,2025-08-14 17:00:00,2025-08-17 21:28:38.141216662,76.48,0,0,2,Resolved
T02598,CU0062,A013,C05,Web,2025-04-05 17:00:00,2025-04-07 07:59:05.400408166,38.98,1,1,3,Resolved
T02599,CU0011,A004,C04,Web,2025-02-27 10:00:00,2025-02-27 16:25:27.176246097,6.42,1,0,5,Resolved
T02600,CU0547,A017,C04,Chat,2025-03-04 15:00:00,2025-03-05 00:37:47.849351934,9.63,1,0,5,Resolved
T02601,CU0662,A005,C04,Email,2025-12-09 20:00:00,2025-12-10 01:45:01.995730653,5.75,1,0,5,Resolved
T02602,CU0124,A002,C01,Email,2025-12-14 11:00:00,2025-12-14 19:16:31.301995706,8.28,1,0,5,Resolved
T02603,CU0279,A016,C03,Chat,2025-03-22 17:00:00,2025-03-23 16:15:57.812365900,23.27,1,1,4,Resolved
T02604,CU0682,A014,C06,Email,2025-03-13 10:00:00,2025-03-14 08:07:57.718601986,22.13,1,0,4,Resolved
T02605,CU0782,A010,C05,Chat,2025-01-20 18:00:00,2025-01-22 04:33:43.503832591,34.56,1,0,5,Resolved
T02606,CU0657,A015,C04,Email,2025-12-17 10:00:00,2025-12-17 23:16:11.760282710,13.27,1,0,5,Resolved
T02607,CU0556,A014,C02,Chat,2025-09-15 11:00:00,2025-09-16 07:06:56.861963067,20.12,1,0,5,Resolved
T02608,CU0674,A004,C05,Chat,2025-10-05 13:00:00,,18.05,1,0,5,Open
T02609,CU0268,A008,C02,Chat,2025-04-17 12:00:00,,12.49,1,0,5,Open
T02610,CU0058,A017,C02,Chat,2025-08-22 10:00:00,2025-08-23 07:32:57.744876580,21.55,1,0,4,Resolved
T02611,CU0508,A013,C02,Chat,2025-01-22 16:00:00,2025-01-23 20:29:16.254473884,28.49,0,0,5,Resolved
T02612,CU0504,A012,C05,Chat,2025-09-04 08:00:00,2025-09-06 01:25:46.490211897,41.43,1,0,5,Resolved
T02613,CU0723,A004,C05,Email,2025-07-31 20:00:00,2025-08-03 07:59:37.374941760,59.99,0,0,4,Resolved
T02614,CU0217,A010,C01,Chat,2025-05-01 08:00:00,2025-05-01 19:52:37.462754640,11.88,1,0,5,Resolved
T02615,CU0801,A003,C01,Chat,2025-09-17 12:00:00,2025-09-17 21:22:22.325565374,9.37,1,0,4,Resolved
T02616,CU0447,A013,C05,Chat,2025-08-24 20:00:00,,78.5,0,0,4,Open
T02617,CU0398,A004,C05,Web,2025-06-10 10:00:00,2025-06-13 02:57:46.428227190,64.96,0,1,4,Resolved
T02618,CU0891,A006,C05,Chat,2025-03-10 08:00:00,,57.69,0,0,4,Open
T02619,CU0490,A011,C02,Email,2025-01-09 17:00:00,2025-01-10 10:12:27.400821206,17.21,1,0,5,Resolved
T02620,CU0082,A001,C05,Chat,2025-12-09 08:00:00,2025-12-13 21:23:16.260821084,109.39,0,1,3,Resolved
T02621,CU0229,A013,C06,Chat,2025-04-13 19:00:00,2025-04-14 13:57:13.269575260,18.95,1,0,5,Resolved
T02622,CU0535,A008,C05,Web,2025-04-21 13:00:00,2025-04-24 21:37:33.872875046,80.63,0,0,4,Resolved
T02623,CU0208,A010,C02,Email,2025-09-06 19:00:00,2025-09-07 20:19:17.248698501,25.32,0,0,5,Resolved
T02624,CU0149,A014,C05,Email,2025-04-04 11:00:00,2025-04-06 19:39:54.972678808,56.67,0,0,4,Resolved
T02625,CU0268,A014,C03,Chat,2025-05-18 09:00:00,2025-05-18 23:43:11.429873356,14.72,1,0,5,Resolved
T02626,CU0460,A017,C01,Chat,2025-09-17 20:00:00,2025-09-18 10:58:26.393107342,14.97,0,0,5,Resolved
T02627,CU0084,A004,C03,Chat,2025-08-06 17:00:00,2025-08-08 19:27:14.513394945,50.45,0,1,3,Resolved
T02628,CU0469,A008,C06,Chat,2025-08-28 19:00:00,2025-08-29 18:08:55.347346795,23.15,1,0,5,Resolved
T02629,CU0655,A002,C04,Web,2025-01-02 12:00:00,2025-01-03 00:28:08.567914897,12.47,1,1,3,Resolved
T02630,CU0411,A005,C06,Chat,2025-06-14 13:00:00,2025-06-14 22:32:17.771583393,9.54,1,0,5,Resolved
T02631,CU0625,A010,C04,Chat,2025-06-23 15:00:00,2025-06-24 01:09:06.275470017,10.15,1,0,5,Resolved
T02632,CU0576,A003,C04,Chat,2025-08-19 13:00:00,2025-08-19 22:45:09.983110500,9.75,1,0,5,Resolved
T02633,CU0447,A009,C01,Chat,2025-02-25 11:00:00,2025-02-25 18:15:11.606985374,7.25,1,0,5,Resolved
T02634,CU0877,A017,C05,Chat,2025-02-28 12:00:00,2025-03-06 08:57:36.716510383,140.96,0,1,2,Resolved
T02635,CU0551,A002,C01,Chat,2025-10-06 15:00:00,2025-10-07 08:19:48.874437026,17.33,0,0,4,Resolved
T02636,CU0725,A005,C04,Web,2025-09-03 08:00:00,2025-09-03 15:22:01.024735598,7.37,1,0,5,Resolved
T02637,CU0577,A006,C02,Email,2025-10-24 12:00:00,2025-10-25 09:55:58.647775544,21.93,1,1,3,Resolved
T02638,CU0863,A017,C03,Chat,2025-04-09 11:00:00,2025-04-10 11:21:17.576163324,24.35,0,0,4,Resolved
T02639,CU0389,A014,C04,Chat,2025-12-31 08:00:00,2025-12-31 17:26:54.109684208,9.45,1,0,4,Resolved
T02640,CU0171,A004,C01,Email,2025-04-10 09:00:00,2025-04-10 17:40:06.106866510,8.67,1,0,5,Resolved
T02641,CU0164,A013,C03,Chat,2025-08-26 14:00:00,2025-08-27 14:38:14.622412498,24.64,0,0,5,Resolved
T02642,CU0894,A001,C06,Web,2025-03-01 09:00:00,2025-03-01 22:38:18.797935844,13.64,1,0,4,Resolved
T02643,CU0719,A015,C01,Email,2025-12-02 12:00:00,2025-12-02 17:01:46.612042932,5.03,1,0,5,Resolved
T02644,CU0275,A005,C03,Chat,2025-05-02 15:00:00,2025-05-03 09:22:13.849614080,18.37,1,0,5,Resolved
T02645,CU0403,A013,C03,Email,2025-10-20 19:00:00,2025-10-21 12:46:39.695600748,17.78,1,0,5,Resolved
T02646,CU0031,A009,C03,Chat,2025-05-01 09:00:00,2025-05-01 21:21:31.313487096,12.36,1,0,4,Resolved
T02647,CU0858,A014,C05,Chat,2025-10-16 13:00:00,2025-10-17 10:40:57.972438166,21.68,1,0,5,Resolved
T02648,CU0393,A007,C02,Email,2025-06-15 09:00:00,2025-06-15 22:26:44.390030812,13.45,1,0,4,Resolved
T02649,CU0347,A010,C04,Chat,2025-01-23 13:00:00,2025-01-24 08:59:44.290365993,20.0,0,1,5,Resolved
T02650,CU0222,A017,C05,Chat,2025-03-11 14:00:00,2025-03-12 19:57:04.235575993,29.95,1,0,5,Resolved
T02651,CU0075,A015,C03,Web,2025-09-07 18:00:00,2025-09-09 15:09:50.722978917,45.16,0,0,5,Resolved
T02652,CU0686,A010,C06,Email,2025-03-12 13:00:00,2025-03-13 11:18:01.666525665,22.3,1,1,5,Resolved
T02653,CU0201,A017,C06,Chat,2025-04-11 20:00:00,2025-04-12 23:16:10.825738881,27.27,1,0,5,Resolved
T02654,CU0079,A003,C01,Web,2025-07-17 09:00:00,2025-07-17 17:43:51.246889514,8.73,1,0,5,Resolved
T02655,CU0881,A013,C03,Chat,2025-04-03 08:00:00,2025-04-04 06:08:56.672794395,22.15,1,0,5,Resolved
T02656,CU0494,A012,C02,Email,2025-02-17 08:00:00,2025-02-17 17:50:55.437564202,9.85,1,0,4,Resolved
T02657,CU0070,A005,C02,Chat,2025-08-16 12:00:00,2025-08-18 06:39:33.647817402,42.66,0,0,4,Resolved
T02658,CU0261,A008,C04,Chat,2025-09-09 10:00:00,2025-09-09 16:34:46.697764508,6.58,1,0,4,Resolved
T02659,CU0499,A008,C04,Email,2025-09-25 09:00:00,2025-09-26 15:28:09.681748618,30.47,0,0,5,Resolved
T02660,CU0187,A013,C04,Chat,2025-12-11 11:00:00,2025-12-11 22:27:16.505891517,11.45,1,0,4,Resolved
T02661,CU0892,A012,C02,Web,2025-02-15 20:00:00,2025-02-16 13:57:03.765935034,17.95,1,0,4,Resolved
T02662,CU0789,A015,C02,Chat,2025-06-05 18:00:00,2025-06-06 19:31:24.043144116,25.52,0,0,4,Resolved
T02663,CU0798,A012,C06,Web,2025-03-27 08:00:00,2025-03-28 20:46:30.692561098,36.78,0,0,3,Resolved
T02664,CU0464,A018,C06,Chat,2025-11-25 19:00:00,2025-11-26 12:59:59.479493834,18.0,1,0,5,Resolved
T02665,CU0890,A015,C01,Chat,2025-07-17 10:00:00,,16.37,0,1,3,Open
T02666,CU0293,A011,C05,Chat,2025-02-05 13:00:00,2025-02-08 12:50:00.483917348,71.83,0,0,3,Resolved
T02667,CU0500,A001,C04,Chat,2025-09-10 12:00:00,2025-09-10 21:26:41.611675714,9.44,1,0,5,Resolved
T02668,CU0672,A007,C05,Email,2025-01-16 13:00:00,2025-01-19 21:25:16.960267020,80.42,0,0,4,Resolved
T02669,CU0455,A003,C05,Email,2025-04-11 17:00:00,2025-04-13 13:59:18.159531720,44.99,1,1,2,Resolved
T02670,CU0768,A008,C06,Web,2025-09-21 17:00:00,2025-09-23 00:04:18.165509007,31.07,1,0,4,Resolved
T02671,CU0094,A018,C01,Email,2025-07-04 15:00:00,2025-07-04 21:51:01.793938788,6.85,1,0,5,Resolved
T02672,CU0398,A008,C03,Chat,2025-10-05 16:00:00,,15.37,1,0,4,Open
T02673,CU0747,A015,C06,Chat,2025-07-28 17:00:00,2025-07-29 08:39:50.964273777,15.66,1,0,5,Resolved
T02674,CU0164,A009,C02,Email,2025-11-04 10:00:00,2025-11-04 21:36:49.816815422,11.61,1,0,5,Resolved
T02675,CU0347,A011,C01,Web,2025-07-25 13:00:00,2025-07-25 22:05:50.499220477,9.1,1,0,5,Resolved
T02676,CU0895,A001,C05,Chat,2025-01-21 09:00:00,2025-01-22 04:06:55.905846375,19.12,1,0,4,Resolved
T02677,CU0553,A013,C06,Chat,2025-01-27 17:00:00,2025-01-29 04:00:07.320949480,35.0,1,0,4,Resolved
T02678,CU0324,A005,C05,Chat,2025-10-11 13:00:00,2025-10-12 17:05:37.018921210,28.09,1,0,4,Resolved
T02679,CU0327,A009,C06,Chat,2025-01-15 16:00:00,2025-01-16 10:46:46.364312618,18.78,1,0,5,Resolved
T02680,CU0185,A018,C05,Email,2025-05-18 15:00:00,2025-05-19 23:40:09.714448981,32.67,1,1,4,Resolved
T02681,CU0662,A005,C01,Chat,2025-01-06 11:00:00,2025-01-06 20:23:10.299022814,9.39,1,0,5,Resolved
T02682,CU0093,A017,C05,Web,2025-04-21 09:00:00,2025-04-22 17:02:18.420599072,32.04,1,0,5,Resolved
T02683,CU0188,A015,C06,Chat,2025-08-06 20:00:00,2025-08-07 23:32:41.060019418,27.54,1,0,3,Resolved
T02684,CU0112,A001,C06,Chat,2025-03-05 11:00:00,2025-03-06 13:27:15.591635748,26.45,1,0,4,Resolved
T02685,CU0679,A007,C02,Chat,2025-06-20 09:00:00,2025-06-20 22:41:03.675005988,13.68,1,0,5,Resolved
T02686,CU0849,A018,C01,Chat,2025-12-30 11:00:00,2025-12-30 15:47:26.625251176,4.79,1,0,5,Resolved
T02687,CU0079,A009,C06,Email,2025-01-26 19:00:00,2025-01-27 21:47:11.548724028,26.79,1,1,4,Resolved
T02688,CU0852,A015,C02,Web,2025-01-24 11:00:00,2025-01-25 05:10:11.193402835,18.17,1,0,5,Resolved
T02689,CU0825,A017,C01,Chat,2025-04-10 20:00:00,2025-04-11 06:20:56.916449829,10.35,1,0,5,Resolved
T02690,CU0458,A001,C06,Chat,2025-10-29 13:00:00,,22.54,1,0,5,Open
T02691,CU0034,A014,C04,Email,2025-05-29 19:00:00,2025-05-30 09:54:58.060090281,14.92,1,0,5,Resolved
T02692,CU0623,A017,C03,Email,2025-08-22 16:00:00,2025-08-23 06:00:01.820416838,14.0,1,0,4,Resolved
T02693,CU0473,A011,C01,Email,2025-01-13 08:00:00,2025-01-13 13:13:10.113614634,5.22,1,0,4,Resolved
T02694,CU0750,A018,C01,Chat,2025-09-26 14:00:00,2025-09-26 23:08:42.974646741,9.15,1,0,5,Resolved
T02695,CU0266,A013,C06,Email,2025-01-25 13:00:00,2025-01-27 14:02:49.476162570,49.05,0,0,3,Resolved
T02696,CU0502,A012,C04,Chat,2025-09-17 10:00:00,2025-09-18 01:09:11.893782765,15.15,1,0,5,Resolved
T02697,CU0803,A003,C02,Chat,2025-02-23 15:00:00,2025-02-24 03:22:06.145712094,12.37,1,0,3,Resolved
T02698,CU0601,A015,C03,Web,2025-11-10 09:00:00,2025-11-11 19:03:30.086295030,34.06,0,0,4,Resolved
T02699,CU0582,A016,C02,Chat,2025-04-19 17:00:00,2025-04-20 05:18:14.870453781,12.3,1,0,5,Resolved
T02700,CU0871,A006,C01,Chat,2025-03-09 18:00:00,2025-03-10 15:52:08.509397307,21.87,0,0,5,Resolved
T02701,CU0441,A003,C02,Chat,2025-05-03 09:00:00,2025-05-03 20:07:21.394016904,11.12,1,0,5,Resolved
T02702,CU0156,A011,C04,Chat,2025-01-01 14:00:00,2025-01-01 20:58:37.157795058,6.98,1,0,4,Resolved
T02703,CU0879,A017,C02,Web,2025-03-02 16:00:00,2025-03-03 04:59:24.683238693,12.99,1,0,3,Resolved
T02704,CU0125,A014,C03,Chat,2025-08-07 08:00:00,2025-08-08 07:43:56.226506664,23.73,1,1,4,Resolved
T02705,CU0497,A015,C04,Chat,2025-04-20 13:00:00,2025-04-20 20:38:52.169717878,7.65,1,0,5,Resolved
T02706,CU0678,A011,C04,Web,2025-05-10 11:00:00,,35.47,0,0,3,Open
T02707,CU0709,A008,C01,Chat,2025-10-22 08:00:00,2025-10-22 17:14:00.112107642,9.23,1,0,5,Resolved
T02708,CU0633,A006,C01,Chat,2025-02-15 18:00:00,2025-02-16 03:51:31.303523221,9.86,1,0,5,Resolved
T02709,CU0383,A015,C01,Chat,2025-05-25 13:00:00,2025-05-25 19:29:55.172950800,6.5,1,0,5,Resolved
T02710,CU0168,A012,C03,Chat,2025-03-09 17:00:00,2025-03-10 06:06:30.658807422,13.11,1,0,5,Resolved
T02711,CU0035,A014,C05,Chat,2025-06-26 15:00:00,,49.18,0,0,4,Open
T02712,CU0273,A016,C01,Email,2025-05-02 19:00:00,2025-05-02 22:45:48.103703848,3.76,1,0,4,Resolved
T02713,CU0875,A018,C06,Chat,2025-01-17 20:00:00,2025-01-18 10:56:53.300487699,14.95,1,0,5,Resolved
T02714,CU0617,A016,C05,Email,2025-01-26 15:00:00,2025-01-27 18:44:06.321849561,27.74,1,0,5,Resolved
T02715,CU0367,A009,C01,Web,2025-11-08 12:00:00,2025-11-09 02:41:37.002549436,14.69,0,0,5,Resolved
T02716,CU0445,A003,C01,Chat,2025-01-21 13:00:00,2025-01-21 19:45:33.226189653,6.76,1,0,5,Resolved
T02717,CU0301,A011,C02,Chat,2025-10-13 18:00:00,2025-10-14 10:52:59.914200705,16.88,1,0,4,Resolved
T02718,CU0805,A009,C01,Chat,2025-12-01 13:00:00,2025-12-01 21:06:01.615092498,8.1,1,0,5,Resolved
T02719,CU0409,A017,C04,Chat,2025-06-20 14:00:00,2025-06-21 09:42:42.062559058,19.71,0,0,5,Resolved
T02720,CU0754,A001,C01,Chat,2025-04-24 10:00:00,2025-04-24 13:55:15.168918612,3.92,1,0,4,Resolved
T02721,CU0046,A016,C06,Chat,2025-10-11 20:00:00,2025-10-13 14:28:29.152533936,42.47,0,1,3,Resolved
T02722,CU0439,A012,C04,Chat,2025-12-25 16:00:00,2025-12-26 02:03:29.611689616,10.06,1,0,5,Resolved
T02723,CU0543,A002,C05,Chat,2025-02-13 12:00:00,2025-02-15 11:00:06.343433474,47.0,1,0,5,Resolved
T02724,CU0601,A005,C06,Chat,2025-12-18 15:00:00,2025-12-19 08:17:28.393176447,17.29,1,0,4,Resolved
T02725,CU0022,A002,C04,Email,2025-12-11 13:00:00,2025-12-12 02:34:05.236378082,13.57,1,1,5,Resolved
T02726,CU0580,A017,C06,Chat,2025-02-22 10:00:00,2025-02-23 09:52:22.773506682,23.87,1,0,5,Resolved
T02727,CU0756,A012,C06,Email,2025-01-20 19:00:00,2025-01-21 10:55:23.674632207,15.92,1,0,5,Resolved
T02728,CU0083,A012,C03,Email,2025-09-18 19:00:00,2025-09-19 07:13:47.807002034,12.23,1,0,5,Resolved
T02729,CU0298,A010,C01,Chat,2025-01-29 18:00:00,2025-01-30 00:09:39.984305022,6.16,1,0,5,Resolved
T02730,CU0384,A008,C03,Email,2025-08-08 12:00:00,2025-08-09 11:04:12.777191781,23.07,1,0,4,Resolved
T02731,CU0229,A004,C02,Chat,2025-01-24 11:00:00,2025-01-24 20:57:31.330314025,9.96,1,0,5,Resolved
T02732,CU0396,A014,C04,Email,2025-09-10 08:00:00,2025-09-10 22:48:23.764200382,14.81,1,1,3,Resolved
T02733,CU0804,A003,C03,Chat,2025-03-26 17:00:00,2025-03-27 00:16:34.209633867,7.28,1,0,4,Resolved
T02734,CU0808,A004,C04,Chat,2025-02-05 12:00:00,2025-02-05 21:18:36.459751903,9.31,1,0,5,Resolved
T02735,CU0542,A018,C06,Email,2025-01-25 19:00:00,2025-01-27 10:37:34.220170383,39.63,0,0,4,Resolved
T02736,CU0797,A002,C02,Email,2025-03-10 19:00:00,2025-03-11 14:13:42.248548311,19.23,1,0,5,Resolved
T02737,CU0734,A018,C04,Email,2025-07-17 09:00:00,2025-07-17 22:32:23.620362907,13.54,1,0,5,Resolved
T02738,CU0052,A002,C03,Chat,2025-01-28 19:00:00,2025-01-29 13:58:11.882972586,18.97,1,0,4,Resolved
T02739,CU0349,A009,C06,Chat,2025-10-20 09:00:00,2025-10-21 02:13:17.402705007,17.22,1,0,4,Resolved
T02740,CU0761,A011,C05,Chat,2025-08-09 14:00:00,2025-08-13 15:15:25.959433856,97.26,0,0,3,Resolved
T02741,CU0399,A003,C01,Chat,2025-04-19 14:00:00,2025-04-20 10:17:09.868505305,20.29,0,0,5,Resolved
T02742,CU0551,A016,C05,Chat,2025-12-27 20:00:00,2025-12-29 05:23:12.146588556,33.39,1,0,4,Resolved
T02743,CU0371,A018,C02,Email,2025-08-29 16:00:00,2025-09-01 01:29:47.805155257,57.5,0,0,4,Resolved
T02744,CU0015,A005,C05,Email,2025-09-03 19:00:00,2025-09-05 05:28:35.613625227,34.48,1,0,4,Resolved
T02745,CU0509,A004,C04,Web,2025-03-05 15:00:00,2025-03-05 21:15:52.444423508,6.26,1,0,5,Resolved
T02746,CU0344,A014,C03,Email,2025-09-17 18:00:00,2025-09-18 09:48:41.696519382,15.81,1,0,5,Resolved
T02747,CU0697,A007,C05,Email,2025-07-24 19:00:00,2025-07-26 13:25:07.594700145,42.42,1,0,4,Resolved
T02748,CU0800,A001,C06,Web,2025-12-26 19:00:00,2025-12-30 09:19:41.619403646,86.33,0,1,3,Resolved
T02749,CU0095,A014,C06,Chat,2025-06-24 13:00:00,2025-06-25 11:01:43.959893358,22.03,1,0,5,Resolved
T02750,CU0323,A007,C04,Email,2025-09-05 12:00:00,2025-09-05 21:33:47.101222069,9.56,1,0,4,Resolved
T02751,CU0354,A008,C05,Chat,2025-05-05 20:00:00,2025-05-06 16:41:26.251381291,20.69,1,0,3,Resolved
T02752,CU0609,A012,C04,Chat,2025-01-15 17:00:00,2025-01-16 15:24:56.074213929,22.42,0,1,4,Resolved
T02753,CU0357,A011,C06,Web,2025-02-16 19:00:00,2025-02-18 10:09:36.816809551,39.16,0,0,4,Resolved
T02754,CU0510,A015,C06,Chat,2025-11-13 15:00:00,2025-11-14 11:05:37.631623351,20.09,1,0,4,Resolved
T02755,CU0818,A015,C01,Web,2025-09-27 20:00:00,2025-09-28 00:24:09.415344153,4.4,1,0,5,Resolved
T02756,CU0531,A017,C02,Web,2025-05-14 17:00:00,2025-05-15 03:16:42.110024347,10.28,1,1,4,Resolved
T02757,CU0089,A017,C02,Web,2025-09-12 17:00:00,2025-09-14 07:52:47.601767719,38.88,0,0,3,Resolved
T02758,CU0433,A012,C02,Email,2025-01-02 10:00:00,2025-01-03 05:05:14.120942719,19.09,1,0,5,Resolved
T02759,CU0798,A011,C03,Email,2025-01-14 15:00:00,2025-01-15 08:30:29.622135934,17.51,1,0,4,Resolved
T02760,CU0435,A009,C02,Chat,2025-07-05 17:00:00,,50.69,0,1,3,Open
T02761,CU0885,A012,C05,Chat,2025-08-17 17:00:00,2025-08-22 10:01:29.800818750,113.02,0,0,2,Resolved
T02762,CU0813,A002,C01,Web,2025-12-09 20:00:00,2025-12-10 03:52:17.969001567,7.87,1,0,5,Resolved
T02763,CU0238,A008,C02,Chat,2025-10-05 12:00:00,2025-10-06 01:53:23.043963148,13.89,1,0,4,Resolved
T02764,CU0373,A005,C05,Chat,2025-04-04 11:00:00,2025-04-05 10:51:24.214233808,23.86,1,0,5,Resolved
T02765,CU0167,A011,C03,Web,2025-10-25 20:00:00,2025-10-26 14:14:48.677147491,18.25,1,1,4,Resolved
T02766,CU0173,A017,C04,Chat,2025-06-29 20:00:00,2025-06-30 02:52:30.204160644,6.88,1,1,5,Resolved
T02767,CU0331,A009,C06,Web,2025-10-29 10:00:00,2025-10-29 22:47:02.748232636,12.78,1,0,4,Resolved
T02768,CU0378,A011,C06,Chat,2025-03-05 12:00:00,2025-03-05 23:30:55.193916762,11.52,1,0,4,Resolved
T02769,CU0316,A008,C04,Chat,2025-01-10 20:00:00,,21.86,0,1,4,Open
T02770,CU0660,A007,C01,Email,2025-01-22 10:00:00,2025-01-22 13:57:44.078541656,3.96,1,0,5,Resolved
T02771,CU0137,A013,C01,Chat,2025-12-28 18:00:00,2025-12-29 13:14:19.368530743,19.24,0,0,3,Resolved
T02772,CU0428,A005,C06,Email,2025-01-30 09:00:00,2025-01-31 02:59:49.245125006,18.0,1,0,4,Resolved
T02773,CU0800,A016,C05,Chat,2025-12-09 10:00:00,2025-12-12 05:44:52.732565703,67.75,0,0,3,Resolved
T02774,CU0659,A003,C06,Chat,2025-09-23 18:00:00,2025-09-25 02:02:22.934778590,32.04,1,0,5,Resolved
T02775,CU0184,A005,C05,Web,2025-02-23 15:00:00,2025-02-24 06:19:14.426369562,15.32,1,0,5,Resolved
T02776,CU0216,A014,C02,Chat,2025-11-12 15:00:00,2025-11-13 15:56:49.582521333,24.95,0,0,4,Resolved
T02777,CU0834,A002,C04,Chat,2025-02-22 19:00:00,2025-02-23 15:40:15.827222146,20.67,0,0,5,Resolved
T02778,CU0525,A008,C06,Chat,2025-02-22 11:00:00,2025-02-23 03:37:44.682299760,16.63,1,0,3,Resolved
T02779,CU0792,A007,C06,Web,2025-07-30 14:00:00,2025-07-31 22:31:29.742040462,32.52,1,0,4,Resolved
T02780,CU0778,A017,C02,Web,2025-04-16 15:00:00,2025-04-17 02:21:44.245612584,11.36,1,1,4,Resolved
T02781,CU0398,A003,C05,Chat,2025-04-17 17:00:00,2025-04-18 22:21:48.365911580,29.36,1,0,5,Resolved
T02782,CU0477,A009,C02,Chat,2025-03-13 12:00:00,2025-03-14 02:41:45.869716125,14.7,1,0,4,Resolved
T02783,CU0332,A009,C06,Web,2025-08-10 16:00:00,2025-08-12 00:14:14.720710254,32.24,1,0,4,Resolved
T02784,CU0574,A015,C02,Web,2025-01-10 13:00:00,,6.18,1,0,5,Open
T02785,CU0585,A010,C05,Email,2025-03-31 15:00:00,2025-04-01 20:07:13.797686218,29.12,1,1,4,Resolved
T02786,CU0611,A003,C02,Email,2025-07-22 19:00:00,2025-07-23 19:35:38.253061424,24.59,0,0,5,Resolved
T02787,CU0775,A016,C05,Chat,2025-06-27 13:00:00,2025-06-28 17:13:07.069239408,28.22,1,0,5,Resolved
T02788,CU0666,A003,C05,Chat,2025-09-13 16:00:00,2025-09-15 08:24:26.713021478,40.41,1,0,5,Resolved
T02789,CU0092,A013,C03,Email,2025-03-20 20:00:00,2025-03-21 07:10:57.557260070,11.18,1,0,5,Resolved
T02790,CU0316,A005,C06,Email,2025-08-25 17:00:00,2025-08-26 21:41:42.447668247,28.7,1,0,5,Resolved
T02791,CU0513,A003,C06,Email,2025-10-05 20:00:00,2025-10-07 19:07:46.766839548,47.13,0,0,5,Resolved
T02792,CU0565,A004,C06,Email,2025-05-22 15:00:00,2025-05-23 05:58:08.112418539,14.97,1,0,4,Resolved
T02793,CU0778,A017,C03,Chat,2025-04-04 11:00:00,2025-04-05 10:30:49.362964376,23.51,1,0,4,Resolved
T02794,CU0375,A018,C05,Web,2025-07-22 20:00:00,2025-07-24 19:49:27.943437244,47.82,1,0,4,Resolved
T02795,CU0740,A011,C04,Chat,2025-07-31 16:00:00,2025-08-01 07:43:11.228211120,15.72,1,0,5,Resolved
T02796,CU0352,A015,C05,Web,2025-02-04 11:00:00,2025-02-05 09:17:47.172245845,22.3,1,0,5,Resolved
T02797,CU0132,A017,C04,Chat,2025-07-26 12:00:00,2025-07-27 00:01:06.963730932,12.02,1,0,4,Resolved
T02798,CU0428,A007,C05,Chat,2025-02-26 11:00:00,,30.92,1,0,4,Open
T02799,CU0135,A014,C01,Email,2025-07-27 18:00:00,2025-07-28 02:06:04.007555085,8.1,1,0,5,Resolved
T02800,CU0368,A010,C03,Chat,2025-12-07 09:00:00,2025-12-08 04:44:03.448198395,19.73,1,0,5,Resolved
T02801,CU0219,A004,C02,Chat,2025-07-16 17:00:00,2025-07-17 15:00:57.243583436,22.02,1,0,4,Resolved
T02802,CU0024,A010,C03,Email,2025-10-05 15:00:00,2025-10-07 12:11:33.029417875,45.19,0,0,4,Resolved
T02803,CU0598,A001,C01,Chat,2025-04-24 08:00:00,2025-04-24 17:04:00.730173421,9.07,1,0,5,Resolved
T02804,CU0668,A011,C02,Email,2025-12-03 15:00:00,2025-12-03 20:55:16.511923941,5.92,1,0,5,Resolved
T02805,CU0119,A005,C06,Chat,2025-10-24 17:00:00,2025-10-26 11:11:31.774398115,42.19,0,0,4,Resolved
T02806,CU0526,A002,C04,Chat,2025-12-01 17:00:00,2025-12-02 05:14:37.003694398,12.24,1,1,4,Resolved
T02807,CU0452,A013,C01,Chat,2025-09-28 14:00:00,2025-09-29 15:19:18.694052792,25.32,0,0,5,Resolved
T02808,CU0124,A007,C06,Chat,2025-08-26 12:00:00,2025-08-29 13:11:52.337987379,73.2,0,0,3,Resolved
T02809,CU0548,A009,C06,Chat,2025-07-11 10:00:00,2025-07-12 22:41:53.938776224,36.7,0,1,5,Resolved
T02810,CU0236,A002,C06,Chat,2025-12-05 08:00:00,2025-12-06 18:35:44.853870217,34.6,1,0,5,Resolved
T02811,CU0740,A002,C06,Chat,2025-11-06 12:00:00,2025-11-07 07:08:11.296814002,19.14,1,0,5,Resolved
T02812,CU0550,A017,C06,Chat,2025-06-02 16:00:00,2025-06-03 17:01:49.044475916,25.03,1,0,5,Resolved
T02813,CU0101,A011,C05,Email,2025-02-01 08:00:00,2025-02-03 02:01:17.245527351,42.02,1,0,3,Resolved
T02814,CU0467,A008,C06,Chat,2025-01-02 20:00:00,2025-01-04 22:19:43.552894051,50.33,0,1,3,Resolved
T02815,CU0106,A012,C06,Chat,2025-03-27 15:00:00,2025-03-29 12:37:48.642563935,45.63,0,1,4,Resolved
T02816,CU0652,A014,C03,Chat,2025-01-23 11:00:00,2025-01-24 04:35:00.455427978,17.58,1,0,4,Resolved
T02817,CU0268,A003,C06,Web,2025-03-19 20:00:00,2025-03-23 00:25:59.361274308,76.43,0,0,3,Resolved
T02818,CU0441,A017,C06,Chat,2025-02-09 10:00:00,2025-02-10 07:12:46.986384153,21.21,1,0,5,Resolved
T02819,CU0627,A012,C06,Web,2025-12-25 20:00:00,2025-12-26 08:07:45.983355600,12.13,1,0,5,Resolved
T02820,CU0761,A006,C06,Chat,2025-02-04 11:00:00,2025-02-05 03:08:13.039012924,16.14,1,1,3,Resolved
T02821,CU0462,A005,C03,Web,2025-08-17 12:00:00,2025-08-19 06:14:25.408293241,42.24,0,0,5,Resolved
T02822,CU0070,A002,C03,Chat,2025-05-09 13:00:00,2025-05-10 05:25:24.972138836,16.42,1,0,5,Resolved
T02823,CU0233,A005,C05,Email,2025-03-05 20:00:00,2025-03-07 05:18:00.681114909,33.3,1,0,4,Resolved
T02824,CU0552,A007,C05,Chat,2025-09-13 11:00:00,2025-09-14 23:40:47.250965128,36.68,1,0,5,Resolved
T02825,CU0038,A004,C06,Web,2025-12-21 20:00:00,2025-12-22 20:52:43.190332712,24.88,1,1,4,Resolved
T02826,CU0335,A013,C06,Chat,2025-10-16 12:00:00,2025-10-17 05:32:36.547990785,17.54,1,0,5,Resolved
T02827,CU0292,A005,C05,Email,2025-12-22 11:00:00,2025-12-24 01:19:16.568684598,38.32,1,0,4,Resolved
T02828,CU0277,A009,C06,Chat,2025-08-04 16:00:00,2025-08-06 04:08:27.785199555,36.14,0,0,5,Resolved
T02829,CU0859,A011,C02,Email,2025-09-03 17:00:00,2025-09-04 14:47:41.155899982,21.79,1,0,3,Resolved
T02830,CU0850,A002,C06,Email,2025-02-23 12:00:00,2025-02-24 23:32:00.349726416,35.53,1,1,4,Resolved
T02831,CU0808,A004,C01,Chat,2025-11-08 09:00:00,,6.6,1,0,5,Open
T02832,CU0778,A002,C04,Email,2025-09-30 13:00:00,2025-09-30 20:18:11.887060442,7.3,1,0,4,Resolved
T02833,CU0805,A013,C01,Email,2025-04-03 15:00:00,2025-04-03 18:59:24.581647172,3.99,1,0,5,Resolved
T02834,CU0166,A013,C04,Chat,2025-05-10 08:00:00,2025-05-12 12:23:28.453820280,52.39,0,1,4,Resolved
T02835,CU0355,A003,C03,Chat,2025-08-11 09:00:00,2025-08-13 12:37:47.894395749,51.63,0,1,2,Resolved
T02836,CU0052,A014,C01,Chat,2025-01-05 19:00:00,2025-01-06 09:37:19.013284336,14.62,0,0,5,Resolved
T02837,CU0718,A015,C05,Email,2025-10-26 08:00:00,2025-10-27 06:53:00.436433521,22.88,1,0,5,Resolved
T02838,CU0781,A002,C05,Chat,2025-04-13 13:00:00,2025-04-14 20:07:58.602159494,31.13,1,0,4,Resolved
T02839,CU0027,A003,C02,Email,2025-01-28 17:00:00,2025-01-29 02:42:00.635114444,9.7,1,0,4,Resolved
T02840,CU0153,A015,C05,Chat,2025-05-01 12:00:00,2025-05-02 05:10:35.900319734,17.18,1,0,4,Resolved
T02841,CU0152,A006,C02,Web,2025-11-02 14:00:00,2025-11-03 00:44:29.187369664,10.74,1,0,5,Resolved
T02842,CU0836,A007,C01,Email,2025-04-11 09:00:00,2025-04-11 23:31:48.486343263,14.53,0,0,5,Resolved
T02843,CU0712,A011,C02,Chat,2025-07-16 18:00:00,2025-07-17 20:09:38.005600381,26.16,0,0,5,Resolved
T02844,CU0250,A002,C05,Email,2025-10-24 16:00:00,2025-10-25 12:02:04.907996617,20.03,1,0,5,Resolved
T02845,CU0042,A008,C06,Email,2025-01-13 19:00:00,2025-01-14 16:41:51.902637270,21.7,1,0,4,Resolved
T02846,CU0371,A007,C05,Chat,2025-10-05 19:00:00,2025-10-07 14:25:38.961050124,43.43,1,0,4,Resolved
T02847,CU0526,A015,C06,Chat,2025-04-16 12:00:00,2025-04-17 11:35:21.168881408,23.59,1,1,4,Resolved
T02848,CU0041,A014,C05,Chat,2025-09-11 08:00:00,2025-09-13 19:12:22.346361064,59.21,0,1,3,Resolved
T02849,CU0422,A006,C06,Chat,2025-03-10 12:00:00,2025-03-12 00:32:43.796736106,36.55,0,1,3,Resolved
T02850,CU0484,A012,C06,Chat,2025-02-20 09:00:00,2025-02-21 14:48:30.705750259,29.81,1,0,5,Resolved
T02851,CU0884,A008,C03,Chat,2025-10-15 14:00:00,2025-10-16 13:15:10.422406087,23.25,1,1,4,Resolved
T02852,CU0170,A009,C02,Chat,2025-10-22 09:00:00,2025-10-22 19:25:55.785724060,10.43,1,0,5,Resolved
T02853,CU0166,A014,C01,Chat,2025-12-25 19:00:00,2025-12-26 02:37:00.411505158,7.62,1,1,4,Resolved
T02854,CU0388,A006,C05,Chat,2025-09-05 15:00:00,2025-09-06 19:06:45.503033065,28.11,1,0,5,Resolved
T02855,CU0288,A011,C04,Chat,2025-06-20 11:00:00,2025-06-20 16:26:53.687241852,5.45,1,0,4,Resolved
T02856,CU0828,A008,C02,Chat,2025-03-13 19:00:00,2025-03-14 08:17:43.549373522,13.3,1,0,4,Resolved
T02857,CU0709,A012,C06,Chat,2025-04-18 18:00:00,2025-04-20 06:05:46.976853285,36.1,0,0,4,Resolved
T02858,CU0228,A007,C06,Chat,2025-08-25 13:00:00,2025-08-26 09:17:23.642820848,20.29,1,0,5,Resolved
T02859,CU0302,A017,C02,Web,2025-05-07 09:00:00,2025-05-08 00:49:47.339830797,15.83,1,0,4,Resolved
T02860,CU0572,A008,C02,Email,2025-06-26 12:00:00,2025-06-27 07:55:41.918998616,19.93,1,0,4,Resolved
T02861,CU0785,A002,C02,Web,2025-03-03 15:00:00,2025-03-03 21:07:33.271960324,6.13,1,0,5,Resolved
T02862,CU0182,A009,C03,Web,2025-06-10 17:00:00,2025-06-11 08:03:04.001763384,15.05,1,0,5,Resolved
T02863,CU0267,A005,C06,Email,2025-03-28 11:00:00,2025-03-30 15:26:24.142754544,52.44,0,0,4,Resolved
T02864,CU0549,A009,C05,Email,2025-02-10 17:00:00,2025-02-12 08:44:24.346981021,39.74,1,0,4,Resolved
T02865,CU0774,A017,C01,Chat,2025-02-18 11:00:00,2025-02-18 14:26:52.073522422,3.45,1,0,5,Resolved
T02866,CU0261,A002,C04,Email,2025-07-09 11:00:00,2025-07-10 05:56:05.730571784,18.93,0,0,4,Resolved
T02867,CU0421,A001,C01,Email,2025-05-14 13:00:00,2025-05-14 18:42:51.236830530,5.71,1,0,5,Resolved
T02868,CU0614,A006,C03,Email,2025-02-06 10:00:00,2025-02-07 09:12:12.460770925,23.2,1,0,4,Resolved
T02869,CU0383,A008,C03,Chat,2025-07-07 13:00:00,2025-07-08 04:57:04.467322674,15.95,1,0,4,Resolved
T02870,CU0694,A003,C05,Web,2025-03-01 12:00:00,2025-03-03 00:55:41.250983721,36.93,1,1,5,Resolved
T02871,CU0464,A013,C04,Chat,2025-01-06 11:00:00,2025-01-06 21:32:11.645266556,10.54,1,1,5,Resolved
T02872,CU0793,A011,C06,Email,2025-02-18 18:00:00,2025-02-19 19:02:07.978676640,25.04,1,0,5,Resolved
T02873,CU0547,A013,C01,Web,2025-06-13 12:00:00,2025-06-13 18:11:51.434588882,6.2,1,0,5,Resolved
T02874,CU0827,A008,C06,Web,2025-12-15 17:00:00,2025-12-16 15:36:27.155167408,22.61,1,0,3,Resolved
T02875,CU0774,A017,C01,Chat,2025-03-30 17:00:00,2025-03-30 21:42:48.405813912,4.71,1,0,4,Resolved
T02876,CU0218,A013,C03,Chat,2025-04-14 16:00:00,2025-04-15 13:12:00.685380682,21.2,1,0,4,Resolved
T02877,CU0808,A017,C06,Email,2025-03-30 11:00:00,,27.05,1,0,5,Open
T02878,CU0117,A002,C05,Email,2025-05-10 18:00:00,2025-05-11 08:58:38.927272072,14.98,1,0,5,Resolved
T02879,CU0255,A013,C02,Chat,2025-09-19 11:00:00,2025-09-20 21:10:40.627885494,34.18,0,1,4,Resolved
T02880,CU0044,A007,C04,Email,2025-04-28 11:00:00,2025-04-28 21:09:39.922942597,10.16,1,0,5,Resolved
T02881,CU0094,A004,C05,Web,2025-08-29 19:00:00,2025-08-31 21:21:28.311404076,50.36,0,0,4,Resolved
T02882,CU0649,A004,C06,Chat,2025-11-24 12:00:00,2025-11-26 07:01:29.704768928,43.02,0,1,4,Resolved
T02883,CU0100,A004,C05,Chat,2025-12-12 17:00:00,2025-12-14 04:56:03.990007784,35.93,1,0,4,Resolved
T02884,CU0169,A002,C01,Email,2025-07-25 08:00:00,2025-07-26 01:17:56.047800173,17.3,0,0,3,Resolved
T02885,CU0368,A009,C04,Email,2025-09-18 15:00:00,2025-09-19 03:20:20.728171179,12.34,1,0,5,Resolved
T02886,CU0721,A014,C02,Web,2025-12-02 19:00:00,2025-12-03 17:17:57.099933477,22.3,1,0,4,Resolved
T02887,CU0730,A009,C01,Email,2025-10-15 17:00:00,2025-10-16 01:27:17.988961435,8.45,1,0,4,Resolved
T02888,CU0869,A003,C05,Chat,2025-04-20 15:00:00,2025-04-22 05:57:20.119254850,38.96,1,0,5,Resolved
T02889,CU0050,A013,C06,Email,2025-02-18 19:00:00,2025-02-20 00:58:45.675250824,29.98,1,0,5,Resolved
T02890,CU0134,A004,C01,Web,2025-02-11 11:00:00,2025-02-12 00:58:55.169797846,13.98,0,0,5,Resolved
T02891,CU0359,A016,C06,Chat,2025-11-18 12:00:00,2025-11-19 22:35:17.371766482,34.59,1,0,5,Resolved
T02892,CU0255,A007,C05,Chat,2025-07-23 08:00:00,2025-07-24 22:21:38.900700979,38.36,1,0,4,Resolved
T02893,CU0088,A001,C06,Email,2025-04-19 17:00:00,2025-04-20 11:44:00.080040318,18.73,1,0,4,Resolved
T02894,CU0472,A006,C02,Chat,2025-05-07 17:00:00,2025-05-08 06:41:24.114531084,13.69,1,0,5,Resolved
T02895,CU0422,A015,C03,Web,2025-04-13 17:00:00,2025-04-14 05:04:31.325682720,12.08,1,0,5,Resolved
T02896,CU0388,A017,C01,Chat,2025-10-20 17:00:00,2025-10-20 21:58:57.417541953,4.98,1,0,4,Resolved
T02897,CU0021,A008,C02,Chat,2025-08-12 09:00:00,2025-08-12 15:52:39.955283688,6.88,1,0,5,Resolved
T02898,CU0384,A018,C03,Web,2025-11-17 16:00:00,2025-11-18 02:19:42.187175868,10.33,1,1,5,Resolved
T02899,CU0413,A005,C03,Chat,2025-04-21 17:00:00,2025-04-23 10:32:22.413063706,41.54,0,0,5,Resolved
T02900,CU0196,A008,C02,Chat,2025-06-22 10:00:00,2025-06-22 20:25:08.443316668,10.42,1,0,5,Resolved
T02901,CU0716,A009,C02,Chat,2025-02-14 14:00:00,2025-02-15 22:58:13.947449167,32.97,0,0,5,Resolved
T02902,CU0801,A004,C06,Web,2025-12-21 19:00:00,2025-12-23 07:34:01.207871032,36.57,0,1,2,Resolved
T02903,CU0837,A007,C06,Web,2025-07-06 13:00:00,2025-07-08 01:55:26.065745443,36.92,0,0,5,Resolved
T02904,CU0614,A009,C03,Chat,2025-07-21 17:00:00,2025-07-22 06:30:46.789935339,13.51,1,1,4,Resolved
T02905,CU0609,A013,C06,Email,2025-05-31 14:00:00,2025-06-01 15:03:09.289049630,25.05,1,0,5,Resolved
T02906,CU0139,A009,C02,Email,2025-04-09 16:00:00,2025-04-11 00:48:13.167759481,32.8,0,0,4,Resolved
T02907,CU0355,A002,C03,Chat,2025-12-13 16:00:00,2025-12-15 02:15:57.139871209,34.27,0,0,3,Resolved
T02908,CU0004,A009,C06,Chat,2025-06-28 16:00:00,2025-06-29 20:17:01.070700964,28.28,1,0,5,Resolved
T02909,CU0504,A016,C04,Web,2025-09-04 18:00:00,2025-09-05 04:14:38.889618608,10.24,1,1,4,Resolved
T02910,CU0687,A001,C02,Chat,2025-01-14 19:00:00,2025-01-15 04:06:01.916867602,9.1,1,0,5,Resolved
T02911,CU0603,A018,C03,Email,2025-04-11 11:00:00,2025-04-11 22:34:59.154799058,11.58,1,0,5,Resolved
T02912,CU0015,A003,C04,Chat,2025-10-21 20:00:00,2025-10-22 15:33:06.313628185,19.55,0,0,5,Resolved
T02913,CU0501,A001,C05,Email,2025-02-02 16:00:00,2025-02-05 22:48:56.532450956,78.82,0,1,4,Resolved
T02914,CU0793,A003,C03,Chat,2025-02-07 15:00:00,2025-02-08 09:33:59.816960683,18.57,1,0,5,Resolved
T02915,CU0092,A005,C04,Chat,2025-10-23 12:00:00,2025-10-23 21:35:51.222126332,9.6,1,0,4,Resolved
T02916,CU0477,A007,C02,Chat,2025-04-23 13:00:00,2025-04-24 17:06:20.990527804,28.11,0,0,5,Resolved
T02917,CU0226,A015,C04,Web,2025-04-10 16:00:00,2025-04-10 23:04:54.711152569,7.08,1,0,5,Resolved
T02918,CU0838,A011,C02,Chat,2025-07-26 12:00:00,2025-07-27 06:20:34.131376914,18.34,1,0,3,Resolved
T02919,CU0496,A012,C06,Chat,2025-03-13 11:00:00,2025-03-14 17:47:26.279278407,30.79,1,0,5,Resolved
T02920,CU0695,A016,C05,Chat,2025-01-16 18:00:00,2025-01-17 15:01:31.114573485,21.03,1,0,3,Resolved
T02921,CU0473,A003,C04,Chat,2025-01-02 13:00:00,2025-01-02 21:15:45.198340156,8.26,1,0,5,Resolved
T02922,CU0805,A005,C05,Email,2025-01-29 16:00:00,2025-01-30 14:29:02.509167969,22.48,1,0,4,Resolved
T02923,CU0259,A018,C01,Chat,2025-02-27 08:00:00,2025-02-27 23:08:03.748924762,15.13,0,0,5,Resolved
T02924,CU0670,A014,C03,Email,2025-09-12 09:00:00,2025-09-14 23:49:38.249017906,62.83,0,1,4,Resolved
T02925,CU0387,A002,C04,Email,2025-04-19 19:00:00,2025-04-20 06:34:59.358995119,11.58,1,0,5,Resolved
T02926,CU0519,A005,C04,Web,2025-01-27 09:00:00,2025-01-27 20:53:38.986448672,11.89,1,1,4,Resolved
T02927,CU0618,A007,C05,Email,2025-01-06 18:00:00,2025-01-07 17:39:59.244480842,23.67,1,0,5,Resolved
T02928,CU0156,A001,C06,Chat,2025-06-24 19:00:00,2025-06-25 20:01:10.753491597,25.02,1,0,5,Resolved
T02929,CU0782,A011,C03,Email,2025-11-03 14:00:00,2025-11-04 03:16:17.145682932,13.27,1,0,5,Resolved
T02930,CU0655,A012,C03,Email,2025-05-04 19:00:00,2025-05-05 11:16:25.286442585,16.27,1,0,4,Resolved
T02931,CU0369,A007,C05,Web,2025-01-24 13:00:00,2025-01-26 02:20:07.444919209,37.34,1,0,2,Resolved
T02932,CU0534,A004,C03,Web,2025-03-25 20:00:00,2025-03-26 10:09:56.467481799,14.17,1,0,4,Resolved
T02933,CU0598,A008,C02,Email,2025-07-02 11:00:00,2025-07-03 03:27:16.424110976,16.45,1,0,4,Resolved
T02934,CU0410,A017,C06,Chat,2025-03-10 13:00:00,2025-03-11 11:59:53.963326428,23.0,1,0,4,Resolved
T02935,CU0572,A013,C06,Chat,2025-12-24 13:00:00,2025-12-25 10:40:15.390763320,21.67,1,0,4,Resolved
T02936,CU0503,A017,C06,Web,2025-10-06 18:00:00,2025-10-07 14:29:45.196766970,20.5,1,0,5,Resolved
T02937,CU0702,A010,C02,Web,2025-05-06 08:00:00,2025-05-07 08:04:05.969914050,24.07,0,1,3,Resolved
T02938,CU0210,A002,C01,Chat,2025-12-14 18:00:00,2025-12-14 21:36:21.745444834,3.61,1,0,5,Resolved
T02939,CU0004,A002,C04,Email,2025-04-29 08:00:00,2025-04-30 11:15:11.630148559,27.25,0,1,4,Resolved
T02940,CU0364,A004,C06,Chat,2025-02-21 12:00:00,2025-02-22 14:34:19.779075346,26.57,1,0,5,Resolved
T02941,CU0743,A010,C01,Chat,2025-12-09 15:00:00,2025-12-10 01:31:37.429870126,10.53,1,0,5,Resolved
T02942,CU0112,A004,C01,Chat,2025-12-17 09:00:00,2025-12-17 20:05:11.335829938,11.09,1,0,5,Resolved
T02943,CU0776,A006,C01,Chat,2025-04-25 14:00:00,2025-04-25 19:49:01.833580092,5.82,1,0,5,Resolved
T02944,CU0369,A017,C06,Email,2025-08-06 20:00:00,2025-08-07 21:01:22.222487240,25.02,1,0,4,Resolved
T02945,CU0188,A001,C06,Chat,2025-03-05 18:00:00,2025-03-06 13:10:02.266437712,19.17,1,1,4,Resolved
T02946,CU0421,A002,C05,Email,2025-08-23 08:00:00,2025-08-25 01:53:44.204944189,41.9,1,0,5,Resolved
T02947,CU0731,A008,C01,Email,2025-09-09 15:00:00,2025-09-10 05:01:35.164351034,14.03,0,0,5,Resolved
T02948,CU0772,A014,C05,Email,2025-09-17 15:00:00,2025-09-19 03:00:19.424748672,36.01,1,0,3,Resolved
T02949,CU0552,A015,C04,Chat,2025-07-27 08:00:00,2025-07-28 02:30:36.897074845,18.51,0,0,5,Resolved
T02950,CU0475,A006,C02,Chat,2025-09-15 16:00:00,2025-09-15 22:10:26.531869162,6.17,1,0,4,Resolved
T02951,CU0726,A006,C03,Email,2025-07-22 14:00:00,2025-07-23 08:17:38.073597669,18.29,1,0,5,Resolved
T02952,CU0818,A011,C04,Email,2025-10-27 16:00:00,2025-10-28 10:35:56.351281909,18.6,0,0,5,Resolved
T02953,CU0716,A016,C03,Chat,2025-03-07 11:00:00,2025-03-08 02:44:28.024476975,15.74,1,0,5,Resolved
T02954,CU0872,A004,C06,Chat,2025-06-26 11:00:00,2025-06-27 04:12:52.766221676,17.21,1,0,4,Resolved
T02955,CU0749,A017,C04,Web,2025-06-01 17:00:00,2025-06-02 01:11:06.371627928,8.19,1,0,5,Resolved
T02956,CU0045,A015,C03,Chat,2025-07-14 17:00:00,,5.57,1,0,5,Open
T02957,CU0018,A005,C05,Chat,2025-02-21 10:00:00,2025-02-22 05:39:42.384501190,19.66,1,0,5,Resolved
T02958,CU0538,A013,C05,Web,2025-04-29 10:00:00,2025-05-01 11:53:10.573350471,49.89,0,0,5,Resolved
T02959,CU0862,A012,C01,Email,2025-12-15 15:00:00,2025-12-15 21:09:18.122687859,6.16,1,0,5,Resolved
T02960,CU0270,A001,C05,Chat,2025-02-08 18:00:00,2025-02-09 19:09:07.636921880,25.15,1,0,5,Resolved
T02961,CU0870,A008,C02,Web,2025-08-20 10:00:00,2025-08-20 16:16:30.642431743,6.28,1,0,5,Resolved
T02962,CU0767,A005,C03,Chat,2025-08-31 10:00:00,2025-08-31 20:26:44.745801241,10.45,1,0,5,Resolved
T02963,CU0127,A002,C05,Web,2025-06-23 18:00:00,2025-06-25 22:57:30.742395123,52.96,0,0,4,Resolved
T02964,CU0445,A009,C04,Email,2025-01-13 17:00:00,2025-01-14 07:31:19.872740290,14.52,1,0,4,Resolved
T02965,CU0200,A013,C03,Chat,2025-01-13 19:00:00,2025-01-14 04:28:54.193553094,9.48,1,0,4,Resolved
T02966,CU0071,A010,C02,Web,2025-04-11 18:00:00,2025-04-12 04:32:28.637430763,10.54,1,0,5,Resolved
T02967,CU0622,A002,C04,Email,2025-02-07 20:00:00,2025-02-08 09:14:41.926306099,13.24,1,1,4,Resolved
T02968,CU0194,A015,C03,Chat,2025-02-04 10:00:00,2025-02-04 19:55:26.392810281,9.92,1,0,4,Resolved
T02969,CU0504,A002,C06,Email,2025-02-28 11:00:00,2025-02-28 21:08:43.099475175,10.15,1,0,5,Resolved
T02970,CU0607,A007,C04,Email,2025-03-11 11:00:00,2025-03-11 21:14:22.119203911,10.24,1,0,5,Resolved
T02971,CU0389,A011,C06,Email,2025-11-03 08:00:00,2025-11-04 23:27:52.058349136,39.46,0,1,4,Resolved
T02972,CU0072,A017,C03,Chat,2025-08-22 18:00:00,2025-08-23 22:24:02.052048866,28.4,0,0,4,Resolved
T02973,CU0063,A014,C06,Chat,2025-01-12 16:00:00,2025-01-14 05:04:01.942261863,37.07,0,0,4,Resolved
T02974,CU0342,A004,C01,Web,2025-08-18 09:00:00,2025-08-18 14:05:22.589495638,5.09,1,0,4,Resolved
T02975,CU0039,A008,C03,Chat,2025-02-19 10:00:00,2025-02-20 03:26:55.574790284,17.45,1,0,4,Resolved
T02976,CU0785,A016,C01,Chat,2025-06-03 10:00:00,2025-06-03 17:05:22.802626615,7.09,1,0,5,Resolved
T02977,CU0150,A005,C01,Email,2025-01-14 13:00:00,2025-01-14 20:41:31.515833216,7.69,1,0,5,Resolved
T02978,CU0027,A017,C06,Chat,2025-02-02 13:00:00,2025-02-03 11:43:38.872748560,22.73,1,0,5,Resolved
T02979,CU0127,A010,C05,Chat,2025-02-18 11:00:00,2025-02-19 15:05:46.526953527,28.1,1,1,3,Resolved
T02980,CU0627,A012,C05,Chat,2025-06-08 20:00:00,2025-06-09 03:58:20.522998682,7.97,1,0,5,Resolved
T02981,CU0530,A012,C04,Chat,2025-06-19 10:00:00,2025-06-20 04:33:16.599764448,18.55,0,0,5,Resolved
T02982,CU0608,A018,C04,Web,2025-05-09 15:00:00,2025-05-10 03:45:39.471484622,12.76,1,0,5,Resolved
T02983,CU0313,A013,C05,Chat,2025-08-15 13:00:00,2025-08-16 13:00:32.620960375,24.01,1,0,4,Resolved
T02984,CU0289,A008,C06,Chat,2025-09-20 13:00:00,2025-09-22 21:59:51.623093302,57.0,0,1,3,Resolved
T02985,CU0605,A011,C05,Email,2025-09-23 18:00:00,2025-09-25 08:17:08.258046457,38.29,1,0,4,Resolved
T02986,CU0102,A013,C05,Web,2025-07-31 20:00:00,2025-08-02 10:46:36.766013613,38.78,1,0,4,Resolved
T02987,CU0355,A011,C03,Chat,2025-07-19 08:00:00,2025-07-19 23:23:55.528495162,15.4,1,0,5,Resolved
T02988,CU0093,A001,C06,Chat,2025-06-29 14:00:00,2025-07-01 04:50:09.284701603,38.84,0,1,4,Resolved
T02989,CU0382,A017,C01,Email,2025-03-28 09:00:00,2025-03-28 14:34:54.673500266,5.58,1,0,5,Resolved
T02990,CU0873,A005,C03,Chat,2025-06-27 13:00:00,2025-06-27 23:22:38.915358438,10.38,1,0,5,Resolved
T02991,CU0766,A012,C06,Email,2025-01-04 16:00:00,2025-01-06 09:36:09.109035694,41.6,0,0,4,Resolved
T02992,CU0610,A011,C02,Chat,2025-12-19 13:00:00,2025-12-20 01:55:01.963647598,12.92,1,0,5,Resolved
T02993,CU0592,A003,C02,Web,2025-05-16 12:00:00,2025-05-17 01:06:03.594856680,13.1,1,0,4,Resolved
T02994,CU0339,A016,C03,Email,2025-10-04 12:00:00,2025-10-05 11:12:55.970423092,23.22,1,0,4,Resolved
T02995,CU0635,A002,C04,Web,2025-12-16 11:00:00,2025-12-16 19:08:44.258331451,8.15,1,0,4,Resolved
T02996,CU0751,A018,C06,Web,2025-07-01 12:00:00,2025-07-02 18:35:13.897183693,30.59,1,0,4,Resolved
T02997,CU0504,A017,C06,Email,2025-11-11 12:00:00,2025-11-12 16:41:13.575684678,28.69,1,0,5,Resolved
T02998,CU0094,A011,C04,Chat,2025-06-24 16:00:00,2025-06-24 21:29:50.641949274,5.5,1,0,5,Resolved
T02999,CU0625,A018,C06,Email,2025-02-18 09:00:00,2025-02-19 12:36:55.122644973,27.62,1,0,5,Resolved
T03000,CU0115,A016,C05,Email,2025-01-10 08:00:00,2025-01-11 06:03:47.995424218,22.06,1,0,5,Resolved
T03001,CU0292,A017,C06,Chat,2025-02-19 14:00:00,2025-02-21 02:44:20.351109577,36.74,0,0,5,Resolved
T03002,CU0178,A015,C02,Chat,2025-12-11 16:00:00,,17.9,1,0,4,Open
T03003,CU0046,A017,C04,Chat,2025-06-23 11:00:00,2025-06-24 03:10:19.871876953,16.17,1,1,4,Resolved
T03004,CU0688,A014,C01,Web,2025-04-27 10:00:00,2025-04-27 13:52:54.636322843,3.88,1,0,5,Resolved
T03005,CU0581,A016,C01,Email,2025-06-12 16:00:00,2025-06-12 23:38:10.691578381,7.64,1,0,5,Resolved
T03006,CU0369,A003,C05,Email,2025-04-04 12:00:00,2025-04-05 06:15:03.427807572,18.25,1,0,5,Resolved
T03007,CU0344,A008,C01,Email,2025-11-14 17:00:00,2025-11-15 00:52:06.184686406,7.87,1,0,5,Resolved
T03008,CU0579,A009,C04,Email,2025-12-31 09:00:00,2025-12-31 12:52:50.574044557,3.88,1,0,5,Resolved
T03009,CU0479,A017,C05,Web,2025-01-31 09:00:00,2025-02-01 00:29:47.315858204,15.5,1,0,4,Resolved
T03010,CU0210,A009,C01,Chat,2025-09-20 15:00:00,2025-09-21 08:29:07.471258717,17.49,0,0,4,Resolved
T03011,CU0433,A008,C04,Chat,2025-05-03 13:00:00,2025-05-04 01:59:14.151197608,12.99,1,0,4,Resolved
T03012,CU0700,A015,C05,Email,2025-01-18 17:00:00,2025-01-19 19:26:13.726216093,26.44,1,0,4,Resolved
T03013,CU0498,A012,C06,Email,2025-12-03 14:00:00,2025-12-04 06:36:32.197456130,16.61,1,0,5,Resolved
T03014,CU0722,A011,C03,Web,2025-01-23 12:00:00,2025-01-23 22:26:11.016921638,10.44,1,0,4,Resolved
T03015,CU0458,A017,C06,Web,2025-03-17 10:00:00,2025-03-18 13:21:22.587915463,27.36,1,0,3,Resolved
T03016,CU0372,A015,C06,Email,2025-01-10 10:00:00,2025-01-11 07:25:05.539868284,21.42,1,0,4,Resolved
T03017,CU0669,A013,C05,Chat,2025-06-22 17:00:00,2025-06-25 07:10:35.695939047,62.18,0,0,3,Resolved
T03018,CU0189,A018,C03,Chat,2025-08-07 10:00:00,2025-08-08 06:01:26.269801525,20.02,1,0,5,Resolved
T03019,CU0565,A001,C05,Chat,2025-04-28 14:00:00,2025-04-29 21:49:48.250340814,31.83,1,0,5,Resolved
T03020,CU0568,A010,C06,Email,2025-01-27 18:00:00,2025-01-28 07:23:01.884478002,13.38,1,0,3,Resolved
T03021,CU0250,A001,C03,Chat,2025-02-12 19:00:00,2025-02-13 09:27:10.627635762,14.45,1,0,4,Resolved
T03022,CU0231,A015,C06,Chat,2025-12-07 11:00:00,2025-12-08 14:04:21.341565188,27.07,1,0,5,Resolved
T03023,CU0076,A003,C06,Chat,2025-10-22 09:00:00,2025-10-23 06:08:20.596277547,21.14,1,0,4,Resolved
T03024,CU0134,A011,C04,Email,2025-12-08 18:00:00,2025-12-09 02:50:26.404586268,8.84,1,0,5,Resolved
T03025,CU0086,A015,C05,Chat,2025-07-13 16:00:00,2025-07-15 22:14:34.233817945,54.24,0,0,5,Resolved
T03026,CU0555,A012,C04,Email,2025-07-19 12:00:00,2025-07-20 15:50:19.188558308,27.84,0,0,4,Resolved
T03027,CU0110,A002,C06,Chat,2025-10-14 15:00:00,2025-10-15 17:41:07.002138919,26.69,1,0,4,Resolved
T03028,CU0462,A009,C06,Email,2025-08-14 10:00:00,2025-08-17 01:11:21.294788834,63.19,0,0,2,Resolved
T03029,CU0101,A015,C01,Email,2025-06-09 17:00:00,2025-06-10 03:34:55.511127868,10.58,1,0,5,Resolved
T03030,CU0706,A018,C01,Chat,2025-04-17 17:00:00,2025-04-18 06:01:54.857003318,13.03,0,0,5,Resolved
T03031,CU0610,A017,C03,Email,2025-06-27 11:00:00,2025-06-27 23:55:14.924775619,12.92,1,0,5,Resolved
T03032,CU0264,A015,C06,Email,2025-01-24 14:00:00,2025-01-25 12:46:37.790156265,22.78,1,0,4,Resolved
T03033,CU0662,A006,C03,Chat,2025-03-12 12:00:00,2025-03-13 03:31:02.822238991,15.52,1,0,4,Resolved
T03034,CU0203,A014,C06,Web,2025-09-27 08:00:00,2025-09-29 08:16:58.029271968,48.28,0,0,5,Resolved
T03035,CU0572,A004,C04,Email,2025-11-13 09:00:00,2025-11-14 00:42:46.384098980,15.71,1,0,5,Resolved
T03036,CU0577,A006,C03,Email,2025-02-07 20:00:00,2025-02-08 13:59:02.798577794,17.98,1,0,5,Resolved
T03037,CU0393,A006,C06,Chat,2025-02-05 13:00:00,2025-02-07 10:15:06.837591880,45.25,0,1,4,Resolved
T03038,CU0631,A009,C04,Chat,2025-02-01 09:00:00,2025-02-01 17:32:12.783571911,8.54,1,0,5,Resolved
T03039,CU0854,A016,C03,Chat,2025-10-16 08:00:00,2025-10-17 09:19:15.522690417,25.32,0,0,5,Resolved
T03040,CU0373,A016,C01,Chat,2025-04-24 12:00:00,2025-04-25 00:38:09.868740777,12.64,0,0,5,Resolved
T03041,CU0256,A017,C01,Email,2025-04-30 20:00:00,2025-05-01 09:14:20.339811412,13.24,0,1,4,Resolved
T03042,CU0399,A017,C01,Web,2025-01-05 13:00:00,2025-01-05 21:29:52.405433552,8.5,1,0,4,Resolved
T03043,CU0512,A001,C03,Chat,2025-12-21 20:00:00,2025-12-22 19:26:04.161875870,23.43,1,0,3,Resolved
T03044,CU0112,A018,C05,Email,2025-06-08 14:00:00,2025-06-09 15:17:35.562702267,25.29,1,1,4,Resolved
T03045,CU0864,A016,C03,Email,2025-10-19 17:00:00,2025-10-20 11:35:14.133538802,18.59,1,0,4,Resolved
T03046,CU0423,A014,C01,Email,2025-09-16 18:00:00,2025-09-17 05:43:21.897295687,11.72,1,0,5,Resolved
T03047,CU0868,A002,C02,Web,2025-02-21 08:00:00,2025-02-21 15:41:47.666023602,7.7,1,0,5,Resolved
T03048,CU0866,A014,C03,Chat,2025-10-20 08:00:00,2025-10-21 05:02:50.580960957,21.05,1,0,4,Resolved
T03049,CU0058,A013,C06,Email,2025-07-20 19:00:00,2025-07-21 16:31:35.181496102,21.53,1,0,5,Resolved
T03050,CU0103,A002,C03,Chat,2025-08-09 20:00:00,2025-08-10 13:56:54.835323288,17.95,1,0,5,Resolved
T03051,CU0164,A004,C01,Chat,2025-03-15 09:00:00,2025-03-15 17:08:39.939653572,8.14,1,0,5,Resolved
T03052,CU0512,A014,C05,Chat,2025-11-06 16:00:00,2025-11-07 14:18:45.704602785,22.31,1,0,5,Resolved
T03053,CU0319,A004,C06,Chat,2025-12-07 20:00:00,2025-12-08 21:56:46.318020810,25.95,1,0,5,Resolved
T03054,CU0017,A007,C06,Chat,2025-05-29 20:00:00,2025-05-31 03:25:38.323827105,31.43,1,1,4,Resolved
T03055,CU0508,A011,C06,Chat,2025-02-03 11:00:00,2025-02-04 04:17:03.200750635,17.28,1,0,4,Resolved
T03056,CU0293,A016,C06,Chat,2025-11-06 18:00:00,2025-11-08 02:16:49.916046025,32.28,1,0,5,Resolved
T03057,CU0760,A006,C05,Chat,2025-11-20 16:00:00,2025-11-21 13:58:46.720433190,21.98,1,0,5,Resolved
T03058,CU0686,A001,C06,Chat,2025-07-04 20:00:00,2025-07-09 05:43:29.020520211,105.72,0,0,2,Resolved
T03059,CU0761,A016,C01,Chat,2025-07-31 09:00:00,2025-07-31 18:44:51.888067526,9.75,1,0,5,Resolved
T03060,CU0511,A017,C06,Email,2025-03-23 15:00:00,2025-03-24 05:45:29.233053896,14.76,1,0,5,Resolved
T03061,CU0627,A016,C06,Email,2025-01-25 08:00:00,2025-01-26 00:03:12.318882084,16.05,1,0,5,Resolved
T03062,CU0074,A009,C06,Web,2025-12-11 12:00:00,2025-12-13 05:54:00.182072188,41.9,0,0,5,Resolved
T03063,CU0684,A013,C04,Web,2025-06-26 08:00:00,2025-06-26 19:09:47.730380907,11.16,1,1,5,Resolved
T03064,CU0407,A003,C06,Web,2025-04-11 13:00:00,2025-04-12 02:32:01.282980390,13.53,1,0,5,Resolved
T03065,CU0004,A012,C02,Email,2025-09-11 18:00:00,2025-09-12 20:18:49.171052552,26.31,0,0,5,Resolved
T03066,CU0072,A011,C05,Chat,2025-01-10 16:00:00,2025-01-11 17:42:45.157361184,25.71,1,0,4,Resolved
T03067,CU0278,A012,C03,Chat,2025-01-30 12:00:00,2025-01-31 10:48:40.359470515,22.81,1,0,3,Resolved
T03068,CU0337,A013,C05,Web,2025-03-30 13:00:00,2025-04-01 12:13:41.646533210,47.23,1,0,4,Resolved
T03069,CU0188,A017,C05,Web,2025-06-14 12:00:00,2025-06-15 23:04:30.905480424,35.08,1,0,5,Resolved
T03070,CU0693,A015,C03,Chat,2025-05-14 17:00:00,2025-05-17 05:57:37.013775249,60.96,0,1,3,Resolved
T03071,CU0403,A001,C02,Email,2025-03-10 11:00:00,2025-03-10 17:26:33.151781310,6.44,1,0,4,Resolved
T03072,CU0233,A013,C03,Chat,2025-05-09 09:00:00,2025-05-09 20:45:54.287500122,11.77,1,0,5,Resolved
T03073,CU0607,A014,C05,Chat,2025-05-02 14:00:00,2025-05-03 23:42:19.743257746,33.71,1,1,4,Resolved
T03074,CU0409,A010,C05,Email,2025-07-11 18:00:00,2025-07-17 03:31:37.412236016,129.53,0,0,2,Resolved
T03075,CU0701,A012,C05,Chat,2025-07-25 14:00:00,2025-07-30 22:17:33.405513802,128.29,0,1,2,Resolved
T03076,CU0451,A002,C01,Chat,2025-11-19 10:00:00,2025-11-20 00:17:13.323394777,14.29,0,0,5,Resolved
T03077,CU0675,A005,C06,Email,2025-10-22 08:00:00,2025-10-23 01:29:17.122345832,17.49,1,0,5,Resolved
T03078,CU0768,A016,C05,Email,2025-04-17 20:00:00,2025-04-18 23:52:52.701793010,27.88,1,1,5,Resolved
T03079,CU0072,A001,C01,Web,2025-11-26 17:00:00,2025-11-26 22:30:36.493976142,5.51,1,0,5,Resolved
T03080,CU0110,A018,C03,Chat,2025-07-10 10:00:00,2025-07-11 01:17:42.294294322,15.3,1,0,5,Resolved
T03081,CU0658,A005,C04,Chat,2025-03-10 08:00:00,2025-03-11 05:32:00.792564820,21.53,0,0,5,Resolved
T03082,CU0496,A015,C03,Email,2025-05-05 09:00:00,2025-05-06 03:35:06.949638657,18.59,1,1,4,Resolved
T03083,CU0217,A004,C01,Email,2025-09-28 12:00:00,2025-09-28 21:44:20.014426863,9.74,1,0,5,Resolved
T03084,CU0028,A001,C02,Web,2025-10-27 18:00:00,2025-10-28 13:50:11.950493089,19.84,1,0,5,Resolved
T03085,CU0860,A011,C01,Chat,2025-05-17 10:00:00,2025-05-17 13:47:03.384964755,3.78,1,0,3,Resolved
T03086,CU0085,A014,C01,Chat,2025-02-27 18:00:00,2025-02-28 02:11:30.435980017,8.19,1,0,5,Resolved
T03087,CU0417,A002,C02,Chat,2025-03-12 08:00:00,2025-03-12 16:32:45.652747376,8.55,1,0,5,Resolved
T03088,CU0199,A005,C06,Chat,2025-02-07 17:00:00,2025-02-08 14:53:52.311408885,21.9,1,0,4,Resolved
T03089,CU0357,A006,C04,Chat,2025-09-13 11:00:00,2025-09-13 21:48:51.351762139,10.81,1,0,3,Resolved
T03090,CU0648,A018,C04,Chat,2025-07-03 20:00:00,2025-07-04 08:53:26.926180465,12.89,1,1,4,Resolved
T03091,CU0459,A006,C05,Chat,2025-06-14 14:00:00,2025-06-16 00:18:43.678071338,34.31,1,0,4,Resolved
T03092,CU0037,A002,C04,Chat,2025-09-03 11:00:00,2025-09-04 02:33:13.478425642,15.55,1,0,5,Resolved
T03093,CU0079,A018,C01,Email,2025-10-30 11:00:00,2025-10-30 18:14:47.496076004,7.25,1,0,5,Resolved
T03094,CU0851,A002,C02,Chat,2025-10-18 18:00:00,2025-10-19 10:32:28.977750967,16.54,1,0,4,Resolved
T03095,CU0227,A009,C02,Web,2025-02-20 13:00:00,2025-02-20 22:28:13.768705876,9.47,1,0,3,Resolved
T03096,CU0385,A004,C05,Email,2025-08-04 12:00:00,2025-08-07 17:37:40.250540730,77.63,0,1,3,Resolved
T03097,CU0707,A005,C04,Chat,2025-11-19 17:00:00,2025-11-20 03:01:30.856773590,10.03,1,0,5,Resolved
T03098,CU0755,A014,C03,Chat,2025-10-10 14:00:00,2025-10-11 03:40:29.773187382,13.67,1,0,5,Resolved
T03099,CU0256,A003,C04,Chat,2025-05-01 16:00:00,2025-05-01 23:41:33.220972132,7.69,1,0,5,Resolved
T03100,CU0200,A012,C06,Chat,2025-05-24 13:00:00,2025-05-25 11:25:35.696486625,22.43,1,0,4,Resolved
T03101,CU0394,A011,C03,Email,2025-11-21 08:00:00,2025-11-22 23:26:55.308069744,39.45,0,0,5,Resolved
T03102,CU0305,A014,C04,Web,2025-01-12 08:00:00,2025-01-12 18:41:27.669671120,10.69,1,0,5,Resolved
T03103,CU0631,A003,C04,Chat,2025-07-11 08:00:00,2025-07-11 16:24:46.667674130,8.41,1,0,4,Resolved
T03104,CU0655,A007,C05,Chat,2025-02-12 15:00:00,2025-02-14 13:52:25.156986319,46.87,1,0,3,Resolved
T03105,CU0235,A001,C05,Web,2025-11-23 14:00:00,2025-11-24 15:04:07.261552217,25.07,1,0,5,Resolved
T03106,CU0342,A016,C05,Chat,2025-01-15 17:00:00,2025-01-17 11:58:16.241310897,42.97,1,1,4,Resolved
T03107,CU0658,A018,C02,Chat,2025-01-09 19:00:00,2025-01-10 05:39:36.447589022,10.66,1,0,4,Resolved
T03108,CU0457,A009,C04,Chat,2025-05-01 10:00:00,2025-05-02 05:34:29.296937420,19.57,0,0,4,Resolved
T03109,CU0496,A010,C06,Chat,2025-03-15 20:00:00,2025-03-16 15:09:50.428655625,19.16,1,0,5,Resolved
T03110,CU0729,A003,C03,Chat,2025-06-30 20:00:00,2025-07-02 03:53:19.058183826,31.89,0,0,4,Resolved
T03111,CU0587,A016,C06,Web,2025-04-20 16:00:00,2025-04-21 07:35:28.427166160,15.59,1,0,5,Resolved
T03112,CU0586,A014,C03,Email,2025-05-11 14:00:00,2025-05-12 04:54:02.374026595,14.9,1,0,5,Resolved
T03113,CU0434,A003,C04,Chat,2025-07-26 10:00:00,2025-07-27 12:26:12.144562648,26.44,0,0,4,Resolved
T03114,CU0753,A010,C04,Web,2025-07-24 10:00:00,2025-07-25 01:11:12.869399450,15.19,1,0,5,Resolved
T03115,CU0021,A004,C04,Chat,2025-12-08 08:00:00,2025-12-09 14:34:15.941110620,30.57,0,0,5,Resolved
T03116,CU0078,A011,C06,Chat,2025-06-25 16:00:00,2025-06-26 14:08:54.029788288,22.15,1,0,4,Resolved
T03117,CU0609,A012,C02,Web,2025-07-25 13:00:00,2025-07-26 09:07:02.754366294,20.12,1,0,4,Resolved
T03118,CU0548,A007,C04,Email,2025-09-05 10:00:00,2025-09-06 19:11:02.960411946,33.18,0,0,5,Resolved
T03119,CU0252,A008,C05,Email,2025-03-05 09:00:00,2025-03-06 00:41:06.955147888,15.69,1,0,5,Resolved
T03120,CU0542,A013,C06,Chat,2025-09-01 08:00:00,2025-09-02 02:04:12.632421799,18.07,1,0,4,Resolved
T03121,CU0097,A003,C05,Chat,2025-11-11 16:00:00,2025-11-12 13:40:18.218521369,21.67,1,0,5,Resolved
T03122,CU0547,A001,C06,Web,2025-04-27 16:00:00,2025-04-29 11:58:49.489675539,43.98,0,1,3,Resolved
T03123,CU0326,A008,C06,Chat,2025-03-07 16:00:00,2025-03-08 04:06:53.931879360,12.11,1,0,5,Resolved
T03124,CU0530,A009,C03,Web,2025-05-07 09:00:00,2025-05-08 07:14:23.435560935,22.24,1,0,4,Resolved
T03125,CU0307,A006,C06,Email,2025-04-11 08:00:00,2025-04-12 15:41:11.755301046,31.69,1,0,4,Resolved
T03126,CU0652,A008,C06,Chat,2025-08-02 09:00:00,2025-08-06 06:28:40.743372705,93.48,0,0,3,Resolved
T03127,CU0101,A002,C02,Web,2025-11-12 17:00:00,2025-11-13 15:24:37.473018685,22.41,1,0,5,Resolved
T03128,CU0760,A014,C05,Web,2025-08-06 17:00:00,2025-08-09 00:09:25.331759830,55.16,0,0,5,Resolved
T03129,CU0446,A014,C03,Web,2025-02-15 11:00:00,2025-02-16 18:20:15.868835728,31.34,0,0,4,Resolved
T03130,CU0207,A005,C05,Chat,2025-04-25 08:00:00,2025-04-27 08:11:57.538753458,48.2,0,1,2,Resolved
T03131,CU0866,A012,C01,Email,2025-09-09 12:00:00,2025-09-09 20:19:30.211563849,8.33,1,0,5,Resolved
T03132,CU0095,A005,C05,Chat,2025-05-01 18:00:00,2025-05-02 12:31:16.225511574,18.52,1,0,5,Resolved
T03133,CU0484,A008,C04,Chat,2025-08-03 09:00:00,2025-08-03 19:53:51.291249576,10.9,1,0,5,Resolved
T03134,CU0067,A006,C05,Web,2025-09-11 18:00:00,2025-09-13 15:59:08.188697040,45.99,1,0,4,Resolved
T03135,CU0810,A018,C01,Web,2025-05-01 14:00:00,2025-05-01 22:39:19.951656753,8.66,1,0,5,Resolved
T03136,CU0143,A009,C05,Chat,2025-08-25 09:00:00,2025-08-26 06:51:13.659626383,21.85,1,1,4,Resolved
T03137,CU0227,A012,C04,Email,2025-05-26 20:00:00,2025-05-27 05:57:54.508281422,9.97,1,0,5,Resolved
T03138,CU0591,A004,C05,Web,2025-02-19 14:00:00,2025-02-21 04:18:34.469253298,38.31,1,1,3,Resolved
T03139,CU0797,A017,C03,Email,2025-05-16 16:00:00,2025-05-17 13:44:59.329497847,21.75,1,0,3,Resolved
T03140,CU0375,A013,C02,Chat,2025-06-10 09:00:00,2025-06-11 14:06:39.769473603,29.11,0,0,5,Resolved
T03141,CU0235,A002,C04,Chat,2025-01-01 12:00:00,2025-01-01 23:57:30.472620004,11.96,1,0,5,Resolved
T03142,CU0315,A006,C06,Chat,2025-11-22 16:00:00,2025-11-23 08:36:10.150213114,16.6,1,0,4,Resolved
T03143,CU0826,A010,C02,Web,2025-07-12 16:00:00,2025-07-12 23:54:26.146251277,7.91,1,0,5,Resolved
T03144,CU0819,A008,C05,Chat,2025-01-14 08:00:00,2025-01-16 02:13:49.712861974,42.23,1,0,4,Resolved
T03145,CU0111,A015,C01,Chat,2025-11-13 15:00:00,2025-11-13 21:36:03.170737101,6.6,1,1,4,Resolved
T03146,CU0811,A011,C05,Email,2025-11-09 20:00:00,2025-11-11 17:47:23.689687848,45.79,1,0,4,Resolved
T03147,CU0757,A011,C02,Email,2025-01-05 18:00:00,2025-01-06 20:15:21.776163915,26.26,0,0,5,Resolved
T03148,CU0486,A007,C04,Web,2025-03-01 10:00:00,2025-03-01 15:29:26.636151588,5.49,1,0,5,Resolved
T03149,CU0230,A016,C03,Web,2025-05-13 19:00:00,2025-05-14 16:48:43.570507406,21.81,1,0,4,Resolved
T03150,CU0413,A013,C01,Email,2025-07-05 16:00:00,,18.32,0,0,4,Open
T03151,CU0698,A013,C03,Web,2025-09-22 08:00:00,2025-09-23 18:25:12.412327839,34.42,0,0,4,Resolved
T03152,CU0244,A012,C03,Email,2025-06-04 09:00:00,2025-06-04 15:37:05.976687018,6.62,1,0,5,Resolved
T03153,CU0310,A012,C04,Email,2025-08-12 19:00:00,2025-08-13 04:35:20.238527796,9.59,1,0,5,Resolved
T03154,CU0414,A014,C06,Chat,2025-01-04 10:00:00,2025-01-05 00:03:08.710701883,14.05,1,0,5,Resolved
T03155,CU0061,A005,C04,Chat,2025-08-29 09:00:00,2025-08-30 02:49:11.786278188,17.82,1,0,5,Resolved
T03156,CU0370,A010,C06,Chat,2025-12-01 13:00:00,2025-12-02 19:06:37.676134130,30.11,1,0,5,Resolved
T03157,CU0121,A003,C04,Web,2025-07-12 14:00:00,2025-07-12 18:10:53.911400037,4.18,1,0,5,Resolved
T03158,CU0007,A007,C01,Chat,2025-06-16 15:00:00,2025-06-16 21:59:13.603272212,6.99,1,0,5,Resolved
T03159,CU0349,A006,C02,Chat,2025-04-19 16:00:00,2025-04-20 12:04:23.206464937,20.07,1,0,5,Resolved
T03160,CU0683,A004,C03,Web,2025-12-15 20:00:00,2025-12-16 14:10:14.005412148,18.17,1,0,5,Resolved
T03161,CU0885,A010,C03,Email,2025-01-13 17:00:00,2025-01-14 11:09:23.716000814,18.16,1,0,5,Resolved
T03162,CU0395,A008,C06,Email,2025-04-15 08:00:00,2025-04-16 05:12:47.904619734,21.21,1,0,4,Resolved
T03163,CU0679,A009,C05,Email,2025-02-20 09:00:00,2025-02-21 04:14:56.723592008,19.25,1,0,4,Resolved
T03164,CU0201,A016,C05,Chat,2025-11-13 08:00:00,2025-11-14 14:45:46.735168165,30.76,1,0,5,Resolved
T03165,CU0573,A007,C04,Chat,2025-06-26 13:00:00,2025-06-27 00:15:39.271514598,11.26,1,0,5,Resolved
T03166,CU0600,A003,C03,Email,2025-12-03 12:00:00,2025-12-04 10:25:22.046086041,22.42,1,0,4,Resolved
T03167,CU0300,A015,C05,Web,2025-08-31 20:00:00,2025-09-03 12:03:28.284327968,64.06,0,0,5,Resolved
T03168,CU0403,A004,C01,Chat,2025-07-23 12:00:00,2025-07-23 22:38:36.212277980,10.64,1,0,4,Resolved
T03169,CU0604,A018,C02,Chat,2025-07-08 08:00:00,2025-07-09 13:19:49.614307212,29.33,0,0,3,Resolved
T03170,CU0283,A012,C03,Chat,2025-03-15 19:00:00,2025-03-16 09:21:38.620008039,14.36,1,0,4,Resolved
T03171,CU0544,A005,C02,Email,2025-07-25 11:00:00,2025-07-25 20:21:24.581033640,9.36,1,0,4,Resolved
T03172,CU0208,A011,C05,Chat,2025-09-08 19:00:00,2025-09-11 05:02:03.826201433,58.03,0,0,4,Resolved
T03173,CU0483,A017,C01,Chat,2025-12-19 18:00:00,2025-12-20 02:28:05.348361928,8.47,1,0,4,Resolved
T03174,CU0054,A017,C02,Chat,2025-07-20 19:00:00,2025-07-21 17:24:38.363985835,22.41,1,0,5,Resolved
T03175,CU0402,A008,C06,Email,2025-12-09 18:00:00,2025-12-10 08:09:08.053947615,14.15,1,0,5,Resolved
T03176,CU0453,A001,C06,Email,2025-12-11 09:00:00,2025-12-14 05:16:40.140553018,68.28,0,1,3,Resolved
T03177,CU0745,A002,C04,Chat,2025-07-10 16:00:00,2025-07-11 15:38:57.376084020,23.65,0,1,3,Resolved
T03178,CU0338,A016,C04,Chat,2025-06-10 13:00:00,2025-06-10 22:39:46.539546346,9.66,1,0,5,Resolved
T03179,CU0006,A012,C06,Chat,2025-02-22 16:00:00,2025-02-23 08:24:37.831625550,16.41,1,0,5,Resolved
T03180,CU0037,A014,C01,Email,2025-04-09 17:00:00,2025-04-10 05:59:23.099600202,12.99,0,0,3,Resolved
T03181,CU0486,A013,C04,Chat,2025-11-17 14:00:00,2025-11-17 20:41:59.791229584,6.7,1,0,5,Resolved
T03182,CU0732,A014,C01,Web,2025-02-20 12:00:00,2025-02-21 10:07:57.684932983,22.13,0,0,3,Resolved
T03183,CU0802,A010,C03,Chat,2025-05-25 19:00:00,2025-05-26 07:54:02.034568609,12.9,1,0,4,Resolved
T03184,CU0728,A007,C06,Email,2025-09-13 16:00:00,2025-09-17 01:53:53.719087668,81.9,0,0,4,Resolved
T03185,CU0306,A005,C06,Chat,2025-03-29 19:00:00,2025-03-30 18:00:30.509607956,23.01,1,0,5,Resolved
T03186,CU0442,A006,C06,Email,2025-12-22 11:00:00,2025-12-24 13:55:03.947307873,50.92,0,0,4,Resolved
T03187,CU0800,A014,C05,Email,2025-08-26 18:00:00,2025-08-28 03:38:18.557432131,33.64,1,0,4,Resolved
T03188,CU0756,A001,C05,Chat,2025-01-11 12:00:00,2025-01-12 19:15:49.983448453,31.26,1,0,4,Resolved
T03189,CU0409,A003,C06,Chat,2025-04-01 13:00:00,2025-04-03 08:48:36.280792188,43.81,0,1,4,Resolved
T03190,CU0433,A015,C05,Chat,2025-09-28 19:00:00,2025-10-01 10:04:23.628023871,63.07,0,0,3,Resolved
T03191,CU0063,A012,C04,Chat,2025-11-12 12:00:00,2025-11-13 06:03:06.005284974,18.05,0,0,4,Resolved
T03192,CU0153,A003,C03,Web,2025-12-05 11:00:00,2025-12-06 00:39:05.473064134,13.65,1,0,4,Resolved
T03193,CU0477,A001,C04,Email,2025-11-07 19:00:00,2025-11-08 06:25:40.493757756,11.43,1,0,5,Resolved
T03194,CU0466,A005,C02,Email,2025-01-28 20:00:00,2025-01-29 20:33:10.635809551,24.55,0,0,4,Resolved
T03195,CU0518,A003,C04,Chat,2025-09-24 12:00:00,2025-09-24 22:15:04.157734046,10.25,1,0,4,Resolved
T03196,CU0282,A005,C02,Chat,2025-02-10 11:00:00,2025-02-11 05:06:51.422974380,18.11,1,0,4,Resolved
T03197,CU0205,A015,C04,Email,2025-01-28 10:00:00,2025-01-28 19:58:00.967810386,9.97,1,0,5,Resolved
T03198,CU0408,A016,C02,Chat,2025-09-10 08:00:00,2025-09-11 03:39:34.205199307,19.66,1,0,4,Resolved
T03199,CU0791,A006,C03,Chat,2025-06-24 15:00:00,2025-06-25 08:39:33.377306763,17.66,1,0,4,Resolved
T03200,CU0874,A006,C04,Chat,2025-08-25 11:00:00,2025-08-25 20:52:30.768673591,9.88,1,0,5,Resolved
T03201,CU0048,A015,C02,Chat,2025-11-07 19:00:00,2025-11-08 07:27:01.110216330,12.45,1,0,5,Resolved
T03202,CU0320,A008,C06,Web,2025-01-26 10:00:00,2025-01-27 12:41:05.397525585,26.68,1,0,3,Resolved
T03203,CU0470,A004,C04,Chat,2025-07-12 16:00:00,2025-07-13 05:26:38.237451662,13.44,1,0,5,Resolved
T03204,CU0195,A014,C03,Chat,2025-11-01 14:00:00,2025-11-03 00:29:58.161533953,34.5,0,0,5,Resolved
T03205,CU0318,A009,C01,Chat,2025-06-10 15:00:00,2025-06-11 03:36:10.194820714,12.6,0,0,4,Resolved
T03206,CU0116,A017,C06,Chat,2025-07-11 09:00:00,2025-07-13 04:01:23.839140720,43.02,0,0,4,Resolved
T03207,CU0418,A016,C05,Chat,2025-07-01 14:00:00,2025-07-03 06:31:12.163090116,40.52,1,1,3,Resolved
T03208,CU0796,A015,C04,Chat,2025-11-28 16:00:00,2025-11-28 23:35:30.921773535,7.59,1,0,5,Resolved
T03209,CU0836,A018,C02,Chat,2025-01-19 12:00:00,2025-01-20 22:01:51.651647760,34.03,0,0,4,Resolved
T03210,CU0014,A010,C05,Chat,2025-11-17 19:00:00,2025-11-18 14:40:43.456424599,19.68,1,0,5,Resolved
T03211,CU0574,A010,C06,Email,2025-10-25 14:00:00,2025-10-26 16:18:51.492824938,26.31,1,0,4,Resolved
T03212,CU0817,A001,C03,Email,2025-10-24 12:00:00,2025-10-25 07:59:53.375725806,20.0,1,0,4,Resolved
T03213,CU0692,A004,C01,Email,2025-05-31 08:00:00,2025-05-31 14:57:15.122626549,6.95,1,0,5,Resolved
T03214,CU0056,A003,C01,Chat,2025-07-08 10:00:00,2025-07-08 16:31:22.225447200,6.52,1,0,5,Resolved
T03215,CU0351,A017,C01,Chat,2025-05-15 14:00:00,2025-05-15 19:37:10.106175597,5.62,1,0,4,Resolved
T03216,CU0678,A005,C05,Web,2025-04-02 13:00:00,2025-04-03 13:14:28.868790480,24.24,1,0,5,Resolved
T03217,CU0882,A012,C06,Chat,2025-11-16 19:00:00,2025-11-17 17:09:49.246359980,22.16,1,1,5,Resolved
T03218,CU0265,A008,C06,Chat,2025-07-04 18:00:00,2025-07-07 14:37:46.705685336,68.63,0,0,4,Resolved
T03219,CU0255,A014,C06,Chat,2025-09-22 10:00:00,2025-09-24 07:52:42.254020617,45.88,0,1,5,Resolved
T03220,CU0225,A007,C02,Chat,2025-02-06 15:00:00,2025-02-07 02:03:36.471344781,11.06,1,0,5,Resolved
T03221,CU0806,A017,C06,Email,2025-10-15 13:00:00,2025-10-16 15:13:57.740819476,26.23,1,0,4,Resolved
T03222,CU0162,A010,C03,Email,2025-08-29 09:00:00,2025-08-30 20:51:20.763690386,35.86,0,1,3,Resolved
T03223,CU0330,A005,C03,Chat,2025-12-31 16:00:00,2026-01-01 06:33:28.475361730,14.56,1,0,4,Resolved
T03224,CU0122,A008,C05,Chat,2025-02-18 14:00:00,2025-02-20 12:31:11.407093874,46.52,1,0,3,Resolved
T03225,CU0846,A007,C01,Chat,2025-07-17 09:00:00,2025-07-17 14:46:45.542480347,5.78,1,0,5,Resolved
T03226,CU0060,A014,C06,Chat,2025-07-06 14:00:00,2025-07-09 20:02:14.537605808,78.04,0,1,3,Resolved
T03227,CU0457,A006,C06,Web,2025-07-16 17:00:00,,37.61,0,0,5,Open
T03228,CU0140,A001,C06,Email,2025-01-20 12:00:00,2025-01-21 17:50:53.153456492,29.85,1,1,5,Resolved
T03229,CU0367,A015,C06,Chat,2025-06-22 12:00:00,2025-06-23 06:18:07.795317646,18.3,1,0,4,Resolved
T03230,CU0530,A018,C03,Chat,2025-04-20 09:00:00,2025-04-20 18:47:00.018586273,9.78,1,0,4,Resolved
T03231,CU0629,A005,C01,Email,2025-08-14 10:00:00,2025-08-14 14:50:13.279311276,4.84,1,0,5,Resolved
T03232,CU0513,A016,C06,Chat,2025-03-26 20:00:00,2025-03-27 13:44:11.506036495,17.74,1,0,5,Resolved
T03233,CU0385,A001,C05,Web,2025-06-08 16:00:00,2025-06-10 08:23:03.343075058,40.38,1,0,4,Resolved
T03234,CU0253,A007,C06,Web,2025-08-15 10:00:00,2025-08-16 10:30:00.170551580,24.5,1,0,4,Resolved
T03235,CU0723,A001,C01,Chat,2025-01-24 14:00:00,2025-01-24 17:59:07.471198363,3.99,1,0,5,Resolved
T03236,CU0612,A008,C03,Email,2025-10-15 10:00:00,2025-10-15 21:17:32.803468936,11.29,1,0,5,Resolved
T03237,CU0605,A011,C03,Chat,2025-09-19 13:00:00,2025-09-20 07:17:59.826687302,18.3,1,0,5,Resolved
T03238,CU0693,A018,C05,Chat,2025-01-21 09:00:00,2025-01-22 11:32:10.493458360,26.54,1,0,5,Resolved
T03239,CU0199,A016,C06,Web,2025-01-24 16:00:00,2025-01-25 15:35:28.341658496,23.59,1,0,5,Resolved
T03240,CU0883,A017,C06,Email,2025-11-07 15:00:00,2025-11-09 06:47:14.411016502,39.79,0,0,5,Resolved
T03241,CU0828,A012,C03,Chat,2025-04-14 16:00:00,2025-04-15 21:49:33.314908094,29.83,0,0,5,Resolved
T03242,CU0396,A008,C04,Web,2025-11-11 13:00:00,2025-11-12 16:07:20.000015706,27.12,0,0,5,Resolved
T03243,CU0184,A017,C01,Chat,2025-07-02 11:00:00,2025-07-02 15:55:43.640544820,4.93,1,0,5,Resolved
T03244,CU0338,A002,C02,Email,2025-05-05 11:00:00,2025-05-05 20:31:29.644910068,9.52,1,0,5,Resolved
T03245,CU0350,A015,C03,Web,2025-04-10 10:00:00,2025-04-11 14:23:59.323000768,28.4,0,1,4,Resolved
T03246,CU0876,A018,C05,Email,2025-08-29 13:00:00,2025-08-31 03:10:11.698676544,38.17,1,0,5,Resolved
T03247,CU0260,A001,C04,Chat,2025-02-10 13:00:00,2025-02-11 05:12:13.878428050,16.2,1,0,5,Resolved
T03248,CU0848,A012,C03,Chat,2025-05-27 16:00:00,2025-05-28 10:39:38.162577276,18.66,1,0,5,Resolved
T03249,CU0208,A016,C05,Web,2025-05-07 08:00:00,2025-05-09 23:05:39.177073330,63.09,0,0,5,Resolved
T03250,CU0835,A013,C06,Chat,2025-02-26 11:00:00,2025-02-28 11:45:42.781134052,48.76,0,1,4,Resolved
T03251,CU0838,A018,C02,Web,2025-05-09 19:00:00,2025-05-10 17:34:03.324434545,22.57,1,0,5,Resolved
T03252,CU0548,A005,C03,Chat,2025-07-12 19:00:00,2025-07-13 13:04:43.108372264,18.08,1,0,4,Resolved
T03253,CU0097,A012,C05,Chat,2025-09-05 20:00:00,2025-09-07 16:48:47.778338664,44.81,1,0,4,Resolved
T03254,CU0556,A015,C06,Chat,2025-02-01 11:00:00,2025-02-02 08:47:28.755419913,21.79,1,0,4,Resolved
T03255,CU0821,A002,C06,Chat,2025-11-15 09:00:00,2025-11-15 21:41:42.737867905,12.7,1,0,5,Resolved
T03256,CU0836,A011,C02,Chat,2025-11-17 10:00:00,2025-11-18 13:08:57.698074986,27.15,0,0,5,Resolved
T03257,CU0412,A018,C04,Chat,2025-09-10 09:00:00,2025-09-11 04:41:28.873233988,19.69,0,0,5,Resolved
T03258,CU0432,A009,C06,Web,2025-12-04 20:00:00,2025-12-05 17:24:17.158487688,21.4,1,0,5,Resolved
T03259,CU0346,A015,C03,Chat,2025-06-06 19:00:00,,30.58,0,0,5,Open
T03260,CU0193,A014,C04,Email,2025-10-27 18:00:00,2025-10-28 02:16:59.533854052,8.28,1,0,5,Resolved
T03261,CU0589,A005,C06,Chat,2025-09-23 17:00:00,2025-09-24 09:30:43.345111327,16.51,1,0,5,Resolved
T03262,CU0887,A007,C01,Email,2025-07-25 12:00:00,2025-07-26 04:06:46.313256661,16.11,0,0,4,Resolved
T03263,CU0241,A009,C05,Chat,2025-03-07 14:00:00,2025-03-08 07:26:15.755815636,17.44,1,0,5,Resolved
T03264,CU0758,A008,C06,Web,2025-07-23 18:00:00,2025-07-25 12:10:56.513663749,42.18,0,1,3,Resolved
T03265,CU0087,A011,C02,Chat,2025-11-25 18:00:00,2025-11-26 09:21:38.542029285,15.36,1,0,4,Resolved
T03266,CU0051,A012,C05,Chat,2025-12-26 14:00:00,,36.87,1,0,4,Open
T03267,CU0811,A008,C04,Chat,2025-06-13 18:00:00,2025-06-14 10:06:49.662619124,16.11,1,0,4,Resolved
T03268,CU0102,A012,C06,Chat,2025-04-01 12:00:00,2025-04-02 20:28:05.264944071,32.47,1,0,5,Resolved
T03269,CU0373,A012,C06,Chat,2025-09-30 13:00:00,2025-10-02 13:21:41.040584557,48.36,0,0,5,Resolved
T03270,CU0794,A018,C06,Email,2025-01-28 18:00:00,2025-01-29 11:30:52.730502040,17.51,1,0,5,Resolved
T03271,CU0314,A015,C01,Chat,2025-02-25 12:00:00,2025-02-25 21:07:57.383438894,9.13,1,0,3,Resolved
T03272,CU0271,A011,C06,Email,2025-07-25 17:00:00,2025-07-26 12:10:40.045113627,19.18,1,0,4,Resolved
T03273,CU0037,A004,C06,Chat,2025-12-28 13:00:00,2025-12-31 02:36:05.938230776,61.6,0,1,2,Resolved
T03274,CU0627,A006,C05,Email,2025-05-01 11:00:00,2025-05-02 03:29:28.683837877,16.49,1,0,4,Resolved
T03275,CU0289,A006,C05,Chat,2025-06-11 10:00:00,2025-06-12 18:21:37.985528106,32.36,1,1,5,Resolved
T03276,CU0107,A006,C01,Email,2025-04-28 15:00:00,2025-04-28 19:25:08.952157837,4.42,1,0,3,Resolved
T03277,CU0428,A018,C06,Web,2025-06-10 14:00:00,2025-06-11 11:57:30.406063532,21.96,1,1,3,Resolved
T03278,CU0154,A010,C01,Chat,2025-01-03 12:00:00,2025-01-03 20:02:54.559144687,8.05,1,0,5,Resolved
T03279,CU0764,A018,C03,Chat,2025-08-06 17:00:00,2025-08-07 10:09:08.280138837,17.15,1,0,4,Resolved
T03280,CU0673,A003,C06,Email,2025-08-06 08:00:00,2025-08-08 23:11:27.434273949,63.19,0,0,3,Resolved
T03281,CU0882,A013,C06,Chat,2025-04-26 09:00:00,2025-04-27 12:41:15.023348484,27.69,1,0,5,Resolved
T03282,CU0882,A011,C06,Chat,2025-04-07 20:00:00,2025-04-08 16:17:56.021681878,20.3,1,0,5,Resolved
T03283,CU0754,A014,C04,Chat,2025-10-05 16:00:00,2025-10-06 02:21:29.703753806,10.36,1,0,5,Resolved
T03284,CU0452,A008,C02,Chat,2025-03-10 15:00:00,2025-03-11 20:34:13.390290426,29.57,0,1,4,Resolved
T03285,CU0154,A010,C04,Web,2025-01-18 08:00:00,2025-01-19 00:33:29.861139059,16.56,1,0,5,Resolved
T03286,CU0039,A007,C01,Chat,2025-01-15 15:00:00,2025-01-15 19:47:32.007005163,4.79,1,0,5,Resolved
T03287,CU0083,A013,C06,Chat,2025-11-18 13:00:00,2025-11-19 07:24:15.362101184,18.4,1,0,5,Resolved
T03288,CU0211,A004,C04,Chat,2025-05-13 15:00:00,2025-05-14 04:37:12.558501440,13.62,1,0,4,Resolved
T03289,CU0795,A012,C03,Chat,2025-02-07 08:00:00,2025-02-08 03:55:48.155947582,19.93,1,0,5,Resolved
T03290,CU0192,A009,C01,Email,2025-11-17 15:00:00,2025-11-17 19:59:12.038851262,4.99,1,0,5,Resolved
T03291,CU0084,A015,C03,Email,2025-02-24 15:00:00,2025-02-25 14:48:54.400806648,23.82,1,0,4,Resolved
T03292,CU0842,A001,C06,Web,2025-05-03 11:00:00,2025-05-04 03:44:34.932683659,16.74,1,0,5,Resolved
T03293,CU0393,A004,C05,Chat,2025-01-08 08:00:00,2025-01-10 15:44:26.253603157,55.74,0,0,4,Resolved
T03294,CU0378,A011,C01,Chat,2025-09-05 20:00:00,2025-09-06 08:59:41.488761156,12.99,0,0,5,Resolved
T03295,CU0272,A007,C02,Chat,2025-09-13 17:00:00,2025-09-14 03:46:03.739093806,10.77,1,0,5,Resolved
T03296,CU0853,A006,C03,Email,2025-10-04 16:00:00,2025-10-05 05:23:53.928000481,13.4,1,0,5,Resolved
T03297,CU0314,A017,C01,Email,2025-04-07 17:00:00,2025-04-07 23:15:21.448247695,6.26,1,0,4,Resolved
T03298,CU0774,A017,C06,Email,2025-04-30 16:00:00,2025-05-01 18:51:53.615589062,26.86,1,0,4,Resolved
T03299,CU0893,A002,C05,Web,2025-12-09 09:00:00,2025-12-10 13:16:52.353337094,28.28,1,0,4,Resolved
T03300,CU0406,A010,C01,Chat,2025-10-27 13:00:00,2025-10-27 17:46:39.931067708,4.78,1,0,5,Resolved
T03301,CU0631,A013,C06,Web,2025-01-14 19:00:00,2025-01-15 08:20:57.252210651,13.35,1,0,4,Resolved
T03302,CU0023,A015,C03,Web,2025-09-10 11:00:00,2025-09-11 14:51:30.178398891,27.86,0,0,4,Resolved
T03303,CU0704,A004,C02,Chat,2025-10-24 20:00:00,2025-10-25 11:55:28.493227502,15.92,1,0,4,Resolved
T03304,CU0876,A016,C04,Chat,2025-07-24 08:00:00,2025-07-24 22:45:53.348138028,14.76,1,0,5,Resolved
T03305,CU0176,A012,C01,Email,2025-08-22 12:00:00,2025-08-22 23:34:00.148149505,11.57,1,0,5,Resolved
T03306,CU0010,A016,C04,Chat,2025-01-01 12:00:00,2025-01-01 20:19:33.555268610,8.33,1,0,5,Resolved
T03307,CU0040,A013,C06,Chat,2025-01-11 16:00:00,2025-01-12 19:09:28.870744593,27.16,1,0,4,Resolved
T03308,CU0771,A016,C06,Chat,2025-01-13 10:00:00,2025-01-16 16:21:04.896691286,78.35,0,0,4,Resolved
T03309,CU0220,A001,C03,Email,2025-02-28 10:00:00,2025-03-01 14:50:24.543621362,28.84,0,0,3,Resolved
T03310,CU0372,A005,C05,Web,2025-12-28 16:00:00,2025-12-29 19:13:36.638710104,27.23,1,0,4,Resolved
T03311,CU0303,A010,C02,Web,2025-08-20 11:00:00,2025-08-21 01:09:34.931201778,14.16,1,0,4,Resolved
T03312,CU0272,A006,C04,Web,2025-10-13 19:00:00,2025-10-13 22:02:11.312631916,3.04,1,0,5,Resolved
T03313,CU0149,A004,C02,Chat,2025-04-18 19:00:00,2025-04-19 17:38:44.496360085,22.65,1,0,4,Resolved
T03314,CU0368,A013,C05,Email,2025-12-09 11:00:00,2025-12-11 07:09:58.291860351,44.17,1,0,5,Resolved
T03315,CU0832,A018,C02,Chat,2025-03-14 15:00:00,2025-03-15 01:57:39.253751708,10.96,1,0,5,Resolved
T03316,CU0322,A010,C06,Chat,2025-11-26 12:00:00,2025-11-27 01:07:34.184602567,13.13,1,0,4,Resolved
T03317,CU0722,A011,C06,Web,2025-01-12 12:00:00,2025-01-13 02:51:53.786960269,14.86,1,0,5,Resolved
T03318,CU0621,A011,C03,Web,2025-01-08 16:00:00,2025-01-09 12:45:48.281918144,20.76,1,0,4,Resolved
T03319,CU0718,A008,C06,Email,2025-01-29 11:00:00,2025-01-30 16:17:53.232350521,29.3,1,1,3,Resolved
T03320,CU0516,A013,C01,Chat,2025-10-17 09:00:00,2025-10-17 19:55:14.436605215,10.92,1,0,5,Resolved
T03321,CU0335,A015,C05,Chat,2025-04-04 11:00:00,,32.23,1,0,3,Open
T03322,CU0232,A003,C03,Email,2025-06-14 20:00:00,2025-06-16 04:02:37.906140318,32.04,0,1,4,Resolved
T03323,CU0253,A005,C01,Chat,2025-06-22 11:00:00,2025-06-22 20:26:51.006755090,9.45,1,0,4,Resolved
T03324,CU0475,A004,C05,Chat,2025-10-16 12:00:00,2025-10-18 09:00:45.793468648,45.01,1,0,4,Resolved
T03325,CU0364,A015,C04,Web,2025-05-08 16:00:00,2025-05-08 20:17:43.332610423,4.3,1,0,5,Resolved
T03326,CU0365,A012,C04,Chat,2025-01-03 09:00:00,2025-01-03 16:42:01.948672504,7.7,1,1,4,Resolved
T03327,CU0333,A013,C04,Chat,2025-05-22 11:00:00,2025-05-22 20:20:11.587272216,9.34,1,0,5,Resolved
T03328,CU0829,A012,C01,Chat,2025-04-16 10:00:00,2025-04-16 23:00:13.954911552,13.0,0,0,5,Resolved
T03329,CU0579,A010,C01,Chat,2025-09-24 20:00:00,2025-09-25 19:52:04.915713460,23.87,0,0,5,Resolved
T03330,CU0804,A015,C05,Chat,2025-10-02 20:00:00,2025-10-04 00:47:29.493048192,28.79,1,0,4,Resolved
T03331,CU0836,A003,C05,Chat,2025-02-03 17:00:00,2025-02-04 16:32:30.362301682,23.54,1,0,4,Resolved
T03332,CU0556,A013,C01,Chat,2025-10-17 11:00:00,2025-10-17 14:19:08.903803270,3.32,1,0,5,Resolved
T03333,CU0083,A016,C03,Chat,2025-01-26 16:00:00,2025-01-27 22:35:23.420580957,30.59,0,1,4,Resolved
T03334,CU0869,A004,C05,Chat,2025-08-15 16:00:00,2025-08-17 12:35:42.814862483,44.6,1,1,3,Resolved
T03335,CU0431,A013,C05,Web,2025-05-23 19:00:00,2025-05-28 16:21:32.481409485,117.36,0,0,2,Resolved
T03336,CU0338,A002,C06,Chat,2025-04-20 10:00:00,2025-04-21 03:55:26.623515241,17.92,1,0,4,Resolved
T03337,CU0373,A003,C04,Email,2025-06-26 17:00:00,2025-06-27 21:22:05.547255391,28.37,0,0,5,Resolved
T03338,CU0080,A008,C04,Email,2025-04-24 10:00:00,2025-04-25 01:24:16.251068822,15.4,1,0,5,Resolved
T03339,CU0598,A018,C05,Chat,2025-10-17 15:00:00,2025-10-18 10:30:59.959489143,19.52,1,0,5,Resolved
T03340,CU0043,A007,C03,Chat,2025-12-19 19:00:00,2025-12-20 13:52:19.112143832,18.87,1,0,4,Resolved
T03341,CU0649,A008,C01,Web,2025-10-25 08:00:00,2025-10-25 19:19:11.661998304,11.32,1,0,5,Resolved
T03342,CU0751,A014,C01,Chat,2025-06-10 09:00:00,2025-06-10 16:13:43.810320561,7.23,1,0,5,Resolved
T03343,CU0380,A015,C06,Email,2025-07-03 18:00:00,2025-07-06 01:03:19.957306140,55.06,0,0,4,Resolved
T03344,CU0346,A013,C02,Email,2025-06-13 08:00:00,2025-06-14 08:39:27.692049873,24.66,0,1,5,Resolved
T03345,CU0606,A001,C05,Web,2025-10-17 16:00:00,2025-10-19 08:32:31.354117893,40.54,1,0,3,Resolved
T03346,CU0775,A016,C05,Email,2025-07-21 14:00:00,2025-07-23 12:28:35.717359015,46.48,1,0,5,Resolved
T03347,CU0087,A005,C03,Chat,2025-06-20 12:00:00,2025-06-20 22:01:08.652969904,10.02,1,0,4,Resolved
T03348,CU0413,A010,C06,Chat,2025-05-30 19:00:00,2025-06-01 00:27:50.833352221,29.46,1,1,5,Resolved
T03349,CU0291,A014,C05,Email,2025-05-17 19:00:00,2025-05-19 04:33:21.674676337,33.56,1,0,5,Resolved
T03350,CU0011,A006,C01,Chat,2025-07-21 12:00:00,2025-07-21 16:24:07.512898762,4.4,1,0,5,Resolved
T03351,CU0008,A013,C06,Web,2025-09-09 08:00:00,2025-09-11 00:44:52.722948980,40.75,0,0,5,Resolved
T03352,CU0476,A010,C04,Web,2025-06-07 09:00:00,2025-06-07 19:31:52.032772308,10.53,1,0,5,Resolved
T03353,CU0688,A003,C03,Chat,2025-10-22 09:00:00,2025-10-22 18:29:06.683227868,9.49,1,0,5,Resolved
T03354,CU0536,A004,C05,Chat,2025-10-29 20:00:00,2025-10-30 22:41:09.143224112,26.69,1,0,4,Resolved
T03355,CU0224,A014,C05,Web,2025-06-06 15:00:00,2025-06-07 17:56:28.284598269,26.94,1,0,4,Resolved
T03356,CU0407,A002,C03,Chat,2025-11-28 16:00:00,2025-11-30 08:31:06.195102470,40.52,0,0,5,Resolved
T03357,CU0870,A007,C06,Chat,2025-03-05 11:00:00,2025-03-06 14:36:11.258913268,27.6,1,0,5,Resolved
T03358,CU0755,A009,C05,Chat,2025-12-07 19:00:00,2025-12-09 20:24:45.736259338,49.41,0,0,3,Resolved
T03359,CU0108,A007,C05,Chat,2025-04-18 17:00:00,2025-04-19 22:23:57.422099187,29.4,1,0,4,Resolved
T03360,CU0580,A008,C01,Chat,2025-07-25 17:00:00,2025-07-25 21:24:22.741103221,4.41,1,0,5,Resolved
T03361,CU0563,A018,C02,Email,2025-04-14 14:00:00,2025-04-15 13:06:52.357612334,23.11,1,1,3,Resolved
T03362,CU0329,A001,C04,Email,2025-06-11 17:00:00,2025-06-12 02:58:47.245983589,9.98,1,1,4,Resolved
T03363,CU0329,A018,C05,Chat,2025-05-05 15:00:00,2025-05-06 17:39:17.078396529,26.65,1,0,5,Resolved
T03364,CU0648,A013,C04,Email,2025-09-15 12:00:00,2025-09-15 20:45:58.789322046,8.77,1,0,5,Resolved
T03365,CU0842,A017,C06,Chat,2025-01-30 15:00:00,2025-01-31 16:49:55.881673759,25.83,1,0,5,Resolved
T03366,CU0288,A012,C02,Email,2025-11-02 12:00:00,2025-11-03 10:36:35.617932590,22.61,1,0,4,Resolved
T03367,CU0835,A017,C05,Chat,2025-11-26 20:00:00,2025-11-28 19:10:05.420931758,47.17,1,0,4,Resolved
T03368,CU0755,A002,C06,Web,2025-07-25 17:00:00,2025-07-28 22:05:41.220706819,77.09,0,0,3,Resolved
T03369,CU0048,A013,C06,Web,2025-07-19 17:00:00,2025-07-23 21:15:05.734715936,100.25,0,1,3,Resolved
T03370,CU0253,A013,C06,Email,2025-09-13 17:00:00,2025-09-14 08:02:18.240421045,15.04,1,0,5,Resolved
T03371,CU0397,A017,C06,Chat,2025-03-14 13:00:00,2025-03-15 03:36:38.122117185,14.61,1,0,5,Resolved
T03372,CU0600,A002,C01,Email,2025-10-01 20:00:00,2025-10-01 23:32:44.771843000,3.55,1,0,5,Resolved
T03373,CU0204,A010,C05,Chat,2025-03-21 10:00:00,2025-03-23 03:11:47.783800748,41.2,1,0,5,Resolved
T03374,CU0374,A010,C06,Email,2025-09-04 15:00:00,2025-09-05 18:38:33.905088110,27.64,1,0,4,Resolved
T03375,CU0084,A002,C05,Web,2025-04-22 08:00:00,2025-04-23 08:52:29.352744854,24.87,1,0,4,Resolved
T03376,CU0092,A012,C02,Web,2025-09-30 11:00:00,2025-10-01 03:15:20.809482886,16.26,1,0,5,Resolved
T03377,CU0392,A009,C06,Email,2025-10-16 15:00:00,2025-10-17 20:41:47.767843608,29.7,1,0,5,Resolved
T03378,CU0567,A009,C02,Email,2025-03-18 14:00:00,2025-03-18 21:10:31.552335796,7.18,1,0,5,Resolved
T03379,CU0408,A013,C03,Chat,2025-08-14 20:00:00,2025-08-15 08:20:56.834593072,12.35,1,0,4,Resolved
T03380,CU0345,A014,C02,Chat,2025-07-01 15:00:00,,17.93,1,0,5,Open
T03381,CU0449,A012,C04,Email,2025-04-18 13:00:00,2025-04-19 07:51:55.534238841,18.87,0,0,5,Resolved
T03382,CU0571,A007,C04,Web,2025-08-03 13:00:00,2025-08-04 02:55:11.993202840,13.92,1,0,5,Resolved
T03383,CU0643,A018,C04,Web,2025-12-29 15:00:00,2025-12-29 22:42:11.868808766,7.7,1,0,4,Resolved
T03384,CU0486,A004,C06,Web,2025-01-01 18:00:00,2025-01-02 03:30:30.455660340,9.51,1,0,5,Resolved
T03385,CU0083,A007,C04,Chat,2025-12-16 11:00:00,2025-12-17 03:53:16.555325564,16.89,1,0,5,Resolved
T03386,CU0038,A009,C04,Email,2025-11-09 15:00:00,2025-11-09 22:53:56.111695904,7.9,1,0,5,Resolved
T03387,CU0309,A006,C06,Email,2025-07-13 15:00:00,2025-07-14 13:31:52.540126672,22.53,1,0,4,Resolved
T03388,CU0185,A007,C06,Email,2025-08-11 08:00:00,2025-08-12 01:27:00.900890640,17.45,1,0,5,Resolved
T03389,CU0484,A017,C02,Chat,2025-05-15 19:00:00,2025-05-16 02:19:34.451887494,7.33,1,0,4,Resolved
T03390,CU0631,A003,C01,Email,2025-02-17 15:00:00,2025-02-17 20:11:27.016687453,5.19,1,0,5,Resolved
T03391,CU0227,A010,C05,Chat,2025-07-28 11:00:00,2025-07-30 14:18:07.368172639,51.3,0,1,4,Resolved
T03392,CU0421,A009,C06,Email,2025-10-25 16:00:00,2025-10-26 06:30:41.432347436,14.51,1,0,4,Resolved
T03393,CU0197,A002,C04,Web,2025-03-26 16:00:00,2025-03-27 03:57:31.528486522,11.96,1,0,4,Resolved
T03394,CU0420,A004,C02,Email,2025-09-19 19:00:00,2025-09-20 11:02:19.976662125,16.04,1,0,5,Resolved
T03395,CU0341,A005,C05,Chat,2025-10-01 08:00:00,2025-10-04 20:15:28.865034939,84.26,0,0,3,Resolved
T03396,CU0003,A009,C05,Chat,2025-10-04 13:00:00,2025-10-05 03:23:47.538930001,14.4,1,0,4,Resolved
T03397,CU0599,A008,C04,Email,2025-05-05 10:00:00,2025-05-05 21:49:44.692678279,11.83,1,0,4,Resolved
T03398,CU0273,A011,C06,Email,2025-05-24 15:00:00,2025-05-25 18:02:10.452484356,27.04,1,0,4,Resolved
T03399,CU0674,A007,C06,Chat,2025-06-01 14:00:00,2025-06-02 05:43:22.821770269,15.72,1,0,5,Resolved
T03400,CU0603,A015,C05,Email,2025-11-08 14:00:00,2025-11-09 22:21:27.576612316,32.36,1,0,4,Resolved
T03401,CU0176,A007,C05,Web,2025-11-25 20:00:00,2025-11-27 15:49:45.815430392,43.83,1,0,5,Resolved
T03402,CU0799,A016,C05,Chat,2025-06-01 14:00:00,2025-06-02 22:22:32.546833726,32.38,1,0,5,Resolved
T03403,CU0021,A018,C04,Email,2025-12-21 13:00:00,2025-12-22 09:30:35.335396515,20.51,0,0,4,Resolved
T03404,CU0517,A013,C04,Web,2025-07-28 08:00:00,2025-07-28 13:17:04.540823872,5.28,1,0,4,Resolved
T03405,CU0723,A002,C05,Email,2025-05-21 11:00:00,2025-05-22 08:13:14.905666084,21.22,1,0,5,Resolved
T03406,CU0487,A017,C05,Web,2025-01-01 19:00:00,2025-01-04 20:27:02.216341861,73.45,0,1,3,Resolved
T03407,CU0502,A015,C04,Email,2025-08-12 13:00:00,2025-08-13 10:13:29.042474178,21.22,0,0,5,Resolved
T03408,CU0424,A011,C01,Chat,2025-08-24 19:00:00,2025-08-25 08:03:34.954650021,13.06,0,0,5,Resolved
T03409,CU0055,A007,C05,Chat,2025-12-20 14:00:00,2025-12-22 19:59:50.297904254,54.0,0,0,3,Resolved
T03410,CU0611,A013,C05,Chat,2025-09-20 15:00:00,2025-09-21 10:45:53.856178686,19.76,1,0,4,Resolved
T03411,CU0858,A012,C03,Chat,2025-01-11 13:00:00,2025-01-12 13:19:06.666948418,24.32,0,0,4,Resolved
T03412,CU0719,A014,C03,Email,2025-07-26 15:00:00,2025-07-28 02:07:46.043403254,35.13,0,0,5,Resolved
T03413,CU0053,A012,C02,Chat,2025-09-29 08:00:00,2025-09-29 21:19:23.302067127,13.32,1,0,4,Resolved
T03414,CU0199,A015,C06,Chat,2025-07-01 08:00:00,2025-07-06 11:16:25.301273174,123.27,0,0,3,Resolved
T03415,CU0750,A018,C06,Email,2025-06-06 14:00:00,2025-06-07 17:18:34.026150178,27.31,1,0,4,Resolved
T03416,CU0643,A014,C04,Chat,2025-10-23 15:00:00,2025-10-23 19:06:02.394708440,4.1,1,0,5,Resolved
T03417,CU0330,A006,C03,Chat,2025-08-12 15:00:00,2025-08-13 16:49:58.156141386,25.83,0,0,5,Resolved
T03418,CU0220,A017,C05,Email,2025-09-06 13:00:00,2025-09-08 06:19:01.427365135,41.32,1,1,5,Resolved
T03419,CU0417,A015,C04,Chat,2025-06-19 11:00:00,2025-06-20 05:34:51.840329646,18.58,0,0,5,Resolved
T03420,CU0029,A009,C06,Chat,2025-04-12 17:00:00,2025-04-14 00:59:27.142400043,31.99,1,0,4,Resolved
T03421,CU0081,A002,C01,Chat,2025-07-09 15:00:00,2025-07-09 22:49:27.547926844,7.82,1,0,5,Resolved
T03422,CU0068,A018,C01,Email,2025-12-17 08:00:00,2025-12-17 23:43:46.594953753,15.73,0,0,5,Resolved
T03423,CU0743,A010,C04,Email,2025-08-08 13:00:00,2025-08-09 10:29:17.867425977,21.49,0,0,5,Resolved
T03424,CU0042,A008,C02,Email,2025-09-16 17:00:00,2025-09-17 05:20:46.546217700,12.35,1,0,4,Resolved
T03425,CU0498,A011,C05,Chat,2025-02-15 18:00:00,2025-02-16 22:56:59.657555922,28.95,1,0,5,Resolved
T03426,CU0253,A002,C06,Email,2025-12-27 11:00:00,2025-12-28 18:32:50.322456412,31.55,1,0,4,Resolved
T03427,CU0681,A015,C01,Chat,2025-03-31 20:00:00,2025-04-01 02:47:25.763254818,6.79,1,0,5,Resolved
T03428,CU0115,A004,C04,Email,2025-12-21 16:00:00,2025-12-22 03:32:42.580085125,11.55,1,1,5,Resolved
T03429,CU0820,A005,C05,Chat,2025-06-12 13:00:00,2025-06-13 20:30:59.655169238,31.52,1,0,4,Resolved
T03430,CU0077,A011,C06,Chat,2025-12-02 16:00:00,2025-12-03 07:28:32.264294325,15.48,1,0,4,Resolved
T03431,CU0762,A012,C04,Chat,2025-11-22 19:00:00,2025-11-22 23:01:39.072993510,4.03,1,0,5,Resolved
T03432,CU0133,A001,C02,Chat,2025-10-03 10:00:00,2025-10-04 01:35:26.151532047,15.59,1,0,4,Resolved
T03433,CU0027,A011,C05,Chat,2025-12-01 09:00:00,2025-12-01 21:40:00.381046321,12.67,1,0,4,Resolved
T03434,CU0035,A003,C04,Chat,2025-08-11 13:00:00,2025-08-11 22:00:21.499896369,9.01,1,0,5,Resolved
T03435,CU0703,A018,C06,Web,2025-11-06 09:00:00,,11.26,1,0,5,Open
T03436,CU0310,A007,C04,Email,2025-03-04 18:00:00,2025-03-04 23:14:19.732936041,5.24,1,0,5,Resolved
T03437,CU0376,A009,C02,Email,2025-01-26 20:00:00,2025-01-27 12:57:39.634625642,16.96,1,0,5,Resolved
T03438,CU0741,A012,C06,Chat,2025-07-18 15:00:00,2025-07-20 08:40:54.171346112,41.68,0,1,4,Resolved
T03439,CU0236,A003,C04,Chat,2025-10-23 20:00:00,2025-10-24 05:47:32.939410012,9.79,1,0,5,Resolved
T03440,CU0499,A003,C02,Web,2025-10-07 08:00:00,2025-10-07 15:44:37.931005906,7.74,1,0,4,Resolved
T03441,CU0269,A018,C04,Chat,2025-07-12 16:00:00,2025-07-13 02:28:53.832515188,10.48,1,0,4,Resolved
T03442,CU0059,A011,C06,Web,2025-07-10 13:00:00,2025-07-12 09:43:49.730331986,44.73,0,0,5,Resolved
T03443,CU0895,A005,C05,Email,2025-08-11 11:00:00,2025-08-13 08:44:15.645640030,45.74,1,0,4,Resolved
T03444,CU0338,A012,C03,Chat,2025-11-13 12:00:00,2025-11-14 12:36:59.375338948,24.62,0,0,4,Resolved
T03445,CU0763,A017,C05,Email,2025-11-04 15:00:00,2025-11-06 14:51:35.746287706,47.86,1,0,4,Resolved
T03446,CU0387,A014,C03,Email,2025-02-10 16:00:00,2025-02-11 07:10:33.554938623,15.18,1,0,5,Resolved
T03447,CU0781,A008,C04,Web,2025-08-06 10:00:00,2025-08-06 16:07:04.974576679,6.12,1,0,5,Resolved
T03448,CU0156,A012,C04,Email,2025-05-20 15:00:00,2025-05-20 22:49:32.291209765,7.83,1,0,5,Resolved
T03449,CU0487,A017,C02,Chat,2025-10-19 20:00:00,2025-10-20 09:23:52.400206561,13.4,1,0,5,Resolved
T03450,CU0336,A005,C03,Email,2025-07-04 08:00:00,2025-07-04 23:20:34.518558577,15.34,1,0,5,Resolved
T03451,CU0894,A015,C06,Chat,2025-12-28 19:00:00,2025-12-29 10:33:13.117154727,15.55,1,0,5,Resolved
T03452,CU0304,A018,C02,Chat,2025-06-07 15:00:00,2025-06-08 05:26:47.071669423,14.45,1,0,5,Resolved
T03453,CU0695,A007,C06,Email,2025-09-05 12:00:00,2025-09-10 04:43:03.831455517,112.72,0,0,3,Resolved
T03454,CU0445,A016,C05,Chat,2025-02-09 17:00:00,2025-02-10 17:53:09.347376976,24.89,1,0,3,Resolved
T03455,CU0361,A001,C04,Web,2025-12-07 16:00:00,2025-12-08 05:24:11.038138833,13.4,1,1,3,Resolved
T03456,CU0628,A007,C01,Web,2025-02-26 17:00:00,2025-02-26 21:25:57.983587233,4.43,1,0,4,Resolved
T03457,CU0581,A005,C02,Chat,2025-05-19 09:00:00,2025-05-20 09:29:52.475699659,24.5,0,0,4,Resolved
T03458,CU0431,A001,C02,Chat,2025-11-02 08:00:00,2025-11-03 04:45:10.866087997,20.75,1,0,5,Resolved
T03459,CU0050,A011,C05,Chat,2025-12-20 16:00:00,2025-12-22 12:32:52.849348954,44.55,1,0,4,Resolved
T03460,CU0067,A010,C06,Chat,2025-06-26 11:00:00,2025-06-28 09:05:55.185562388,46.1,0,0,4,Resolved
T03461,CU0539,A007,C06,Chat,2025-06-26 11:00:00,2025-06-27 07:37:35.070188433,20.63,1,0,4,Resolved
T03462,CU0050,A016,C01,Web,2025-01-18 13:00:00,2025-01-18 19:58:55.655304808,6.98,1,0,5,Resolved
T03463,CU0546,A005,C02,Chat,2025-12-24 17:00:00,2025-12-25 23:13:11.859889011,30.22,0,0,5,Resolved
T03464,CU0800,A015,C02,Chat,2025-01-07 10:00:00,,18.61,1,0,4,Open
T03465,CU0711,A012,C06,Chat,2025-01-10 20:00:00,2025-01-11 07:14:07.737531601,11.24,1,1,4,Resolved
T03466,CU0626,A017,C02,Chat,2025-06-22 13:00:00,2025-06-23 06:10:46.815751758,17.18,1,0,4,Resolved
T03467,CU0247,A001,C02,Email,2025-01-02 09:00:00,2025-01-02 19:46:32.504606824,10.78,1,0,5,Resolved
T03468,CU0592,A018,C05,Web,2025-03-01 08:00:00,2025-03-03 06:26:24.563202208,46.44,1,0,4,Resolved
T03469,CU0166,A001,C04,Chat,2025-08-18 19:00:00,2025-08-19 11:55:08.632134069,16.92,1,0,4,Resolved
T03470,CU0822,A013,C02,Chat,2025-09-15 09:00:00,2025-09-15 17:11:16.903049229,8.19,1,0,4,Resolved
T03471,CU0082,A014,C05,Web,2025-04-19 13:00:00,2025-04-20 23:59:11.212132455,34.99,1,0,5,Resolved
T03472,CU0488,A003,C01,Email,2025-10-18 16:00:00,2025-10-19 02:43:49.209888298,10.73,1,1,5,Resolved
T03473,CU0438,A001,C01,Email,2025-08-10 14:00:00,2025-08-11 02:03:34.504223932,12.06,0,0,5,Resolved
T03474,CU0067,A001,C01,Chat,2025-03-25 11:00:00,2025-03-25 21:21:53.805189826,10.36,1,0,5,Resolved
T03475,CU0168,A003,C03,Email,2025-09-18 09:00:00,2025-09-20 03:39:35.445724380,42.66,0,0,4,Resolved
T03476,CU0643,A003,C06,Chat,2025-08-05 17:00:00,2025-08-08 00:29:53.651375250,55.5,0,1,3,Resolved
T03477,CU0537,A018,C04,Chat,2025-10-24 14:00:00,2025-10-25 01:06:50.160144538,11.11,1,0,4,Resolved
T03478,CU0147,A004,C06,Email,2025-02-26 08:00:00,2025-02-28 01:54:26.459252848,41.91,0,0,3,Resolved
T03479,CU0127,A015,C03,Chat,2025-03-26 10:00:00,2025-03-28 08:38:22.006593315,46.64,0,0,4,Resolved
T03480,CU0600,A002,C05,Email,2025-04-21 15:00:00,2025-04-24 00:05:22.136446251,57.09,0,1,4,Resolved
T03481,CU0595,A012,C06,Email,2025-05-05 10:00:00,2025-05-06 19:27:56.328077055,33.47,1,1,5,Resolved
T03482,CU0361,A009,C03,Email,2025-11-21 13:00:00,2025-11-22 09:39:10.168329196,20.65,1,0,5,Resolved
T03483,CU0019,A010,C06,Email,2025-09-25 09:00:00,2025-09-27 03:22:16.494935343,42.37,0,0,3,Resolved
T03484,CU0026,A015,C05,Chat,2025-07-18 18:00:00,2025-07-20 17:12:51.173194788,47.21,1,0,4,Resolved
T03485,CU0136,A004,C05,Email,2025-07-17 16:00:00,2025-07-23 23:20:29.716623546,151.34,0,1,1,Resolved
T03486,CU0050,A001,C02,Email,2025-11-20 18:00:00,2025-11-21 03:59:38.342371675,9.99,1,0,4,Resolved
T03487,CU0501,A004,C05,Chat,2025-06-13 08:00:00,2025-06-15 12:07:39.410334645,52.13,0,0,4,Resolved
T03488,CU0354,A015,C04,Web,2025-03-24 12:00:00,2025-03-24 22:23:39.557443732,10.39,1,0,4,Resolved
T03489,CU0196,A011,C06,Web,2025-02-19 11:00:00,2025-02-19 23:50:29.635051081,12.84,1,0,5,Resolved
T03490,CU0536,A017,C06,Email,2025-05-01 16:00:00,2025-05-02 14:58:07.354787743,22.97,1,0,5,Resolved
T03491,CU0635,A016,C03,Chat,2025-08-27 18:00:00,2025-08-28 11:00:49.650437185,17.01,1,0,5,Resolved
T03492,CU0154,A003,C06,Email,2025-06-21 10:00:00,2025-06-22 18:25:13.179012909,32.42,1,0,5,Resolved
T03493,CU0563,A002,C06,Chat,2025-06-03 18:00:00,2025-06-04 20:02:54.669402322,26.05,1,0,5,Resolved
T03494,CU0097,A001,C05,Chat,2025-06-25 15:00:00,2025-06-26 14:52:38.087263128,23.88,1,1,4,Resolved
T03495,CU0540,A004,C01,Chat,2025-12-22 18:00:00,2025-12-23 09:30:30.981996363,15.51,0,0,5,Resolved
T03496,CU0339,A009,C02,Email,2025-12-31 09:00:00,2026-01-01 07:51:54.845741127,22.87,1,0,5,Resolved
T03497,CU0099,A001,C01,Email,2025-02-28 20:00:00,2025-03-01 12:19:57.561125404,16.33,0,0,4,Resolved
T03498,CU0724,A016,C01,Chat,2025-02-11 13:00:00,,8.9,1,0,5,Open
T03499,CU0165,A009,C06,Chat,2025-03-31 11:00:00,2025-04-01 17:00:48.548400811,30.01,1,1,5,Resolved
T03500,CU0706,A014,C02,Chat,2025-11-07 10:00:00,2025-11-08 09:26:29.606729254,23.44,1,1,4,Resolved
T03501,CU0329,A016,C05,Chat,2025-06-17 20:00:00,2025-06-18 19:54:21.081189099,23.91,1,0,4,Resolved
T03502,CU0616,A001,C05,Chat,2025-11-12 19:00:00,2025-11-14 03:52:06.511467032,32.87,1,0,4,Resolved
T03503,CU0637,A008,C05,Chat,2025-08-25 09:00:00,2025-08-27 04:15:48.186145148,43.26,1,0,4,Resolved
T03504,CU0383,A013,C02,Chat,2025-07-21 13:00:00,2025-07-21 22:17:07.730509034,9.29,1,0,5,Resolved
T03505,CU0601,A018,C05,Chat,2025-04-13 17:00:00,2025-04-15 01:49:47.935014254,32.83,1,0,5,Resolved
T03506,CU0398,A015,C05,Email,2025-05-06 15:00:00,2025-05-07 16:25:13.449327225,25.42,1,0,5,Resolved
T03507,CU0546,A004,C05,Email,2025-02-23 10:00:00,2025-02-24 13:47:40.257162427,27.79,1,0,5,Resolved
T03508,CU0204,A005,C02,Email,2025-07-09 12:00:00,2025-07-10 09:06:26.407723744,21.11,1,0,5,Resolved
T03509,CU0383,A015,C05,Chat,2025-04-13 12:00:00,2025-04-15 18:57:40.247393637,54.96,0,0,5,Resolved
T03510,CU0124,A012,C01,Chat,2025-04-17 11:00:00,2025-04-17 16:27:36.908347870,5.46,1,0,4,Resolved
T03511,CU0375,A005,C05,Chat,2025-01-15 20:00:00,2025-01-16 22:38:35.716540545,26.64,1,0,5,Resolved
T03512,CU0015,A009,C04,Chat,2025-10-19 10:00:00,2025-10-19 17:47:45.523599680,7.8,1,0,5,Resolved
T03513,CU0369,A017,C02,Chat,2025-12-09 17:00:00,2025-12-10 02:38:08.558646086,9.64,1,0,3,Resolved
T03514,CU0775,A004,C06,Email,2025-07-01 19:00:00,2025-07-02 23:53:44.678274885,28.9,1,0,5,Resolved
T03515,CU0326,A006,C02,Chat,2025-07-15 18:00:00,2025-07-16 10:24:13.784228226,16.4,1,0,5,Resolved
T03516,CU0447,A017,C06,Chat,2025-12-04 18:00:00,2025-12-06 02:32:29.619376911,32.54,1,0,4,Resolved
T03517,CU0771,A013,C06,Chat,2025-07-06 10:00:00,2025-07-08 05:37:01.820676680,43.62,0,0,4,Resolved
T03518,CU0003,A005,C03,Chat,2025-08-16 09:00:00,2025-08-16 22:31:27.465637900,13.52,1,0,5,Resolved
T03519,CU0604,A006,C03,Email,2025-06-06 18:00:00,,30.43,0,0,4,Open
T03520,CU0477,A016,C01,Chat,2025-07-07 17:00:00,2025-07-08 08:39:46.005765346,15.66,0,0,4,Resolved
T03521,CU0309,A006,C06,Chat,2025-07-10 17:00:00,2025-07-11 23:42:33.714034599,30.71,1,1,3,Resolved
T03522,CU0233,A013,C05,Email,2025-09-17 13:00:00,2025-09-20 22:13:26.649206130,81.22,0,0,3,Resolved
T03523,CU0534,A009,C01,Chat,2025-08-09 14:00:00,2025-08-10 01:51:46.782601282,11.86,1,0,4,Resolved
T03524,CU0385,A004,C04,Chat,2025-07-03 08:00:00,2025-07-03 21:07:22.046412457,13.12,1,0,5,Resolved
T03525,CU0356,A007,C01,Email,2025-01-28 11:00:00,2025-01-28 20:23:55.529098051,9.4,1,0,5,Resolved
T03526,CU0606,A013,C05,Chat,2025-11-27 14:00:00,2025-11-29 03:23:02.184641509,37.38,1,1,4,Resolved
T03527,CU0360,A015,C04,Web,2025-11-21 09:00:00,2025-11-21 23:03:28.245257780,14.06,1,0,5,Resolved
T03528,CU0729,A001,C01,Email,2025-03-09 09:00:00,2025-03-09 17:42:12.859543983,8.7,1,0,5,Resolved
T03529,CU0257,A017,C06,Chat,2025-04-18 08:00:00,2025-04-19 05:28:41.182422639,21.48,1,0,4,Resolved
T03530,CU0631,A005,C02,Chat,2025-12-22 10:00:00,2025-12-22 15:37:34.340848212,5.63,1,0,5,Resolved
T03531,CU0507,A012,C04,Chat,2025-04-28 20:00:00,2025-04-29 09:56:42.321042981,13.95,1,0,5,Resolved
T03532,CU0807,A006,C05,Email,2025-10-24 17:00:00,2025-10-26 00:57:59.941854118,31.97,1,1,5,Resolved
T03533,CU0361,A005,C06,Chat,2025-10-14 20:00:00,2025-10-16 07:28:45.782886882,35.48,1,0,5,Resolved
T03534,CU0212,A017,C04,Email,2025-11-11 11:00:00,2025-11-12 00:39:44.714596003,13.66,1,0,4,Resolved
T03535,CU0359,A013,C06,Chat,2025-01-06 15:00:00,2025-01-07 12:22:45.769826870,21.38,1,0,3,Resolved
T03536,CU0596,A017,C03,Email,2025-06-26 19:00:00,2025-06-27 21:56:18.749337097,26.94,0,0,4,Resolved
T03537,CU0387,A001,C06,Web,2025-07-26 12:00:00,2025-07-28 05:24:22.090597894,41.41,0,0,5,Resolved
T03538,CU0801,A005,C02,Chat,2025-11-02 16:00:00,2025-11-03 07:04:11.489941207,15.07,1,0,5,Resolved
T03539,CU0141,A001,C05,Chat,2025-03-23 17:00:00,2025-03-25 04:32:27.765634182,35.54,1,1,3,Resolved
T03540,CU0278,A009,C01,Email,2025-04-22 18:00:00,2025-04-23 11:03:54.739044964,17.07,0,0,3,Resolved
T03541,CU0885,A009,C06,Email,2025-03-07 20:00:00,2025-03-08 14:08:10.049427074,18.14,1,0,5,Resolved
T03542,CU0720,A018,C06,Chat,2025-10-06 15:00:00,2025-10-07 17:22:40.117457751,26.38,1,1,3,Resolved
T03543,CU0070,A005,C04,Email,2025-12-31 15:00:00,2025-12-31 21:18:12.359977628,6.3,1,0,4,Resolved
T03544,CU0847,A012,C04,Email,2025-02-21 19:00:00,2025-02-22 10:15:18.930287264,15.26,1,0,5,Resolved
T03545,CU0384,A018,C05,Web,2025-03-27 16:00:00,2025-03-28 15:51:20.259708012,23.86,1,0,4,Resolved
T03546,CU0580,A002,C02,Email,2025-04-23 12:00:00,2025-04-23 23:19:51.558614493,11.33,1,0,4,Resolved
T03547,CU0016,A009,C05,Email,2025-11-21 16:00:00,2025-11-22 21:58:14.125216155,29.97,1,1,4,Resolved
T03548,CU0148,A008,C05,Chat,2025-06-12 15:00:00,2025-06-13 22:53:14.768486876,31.89,1,0,5,Resolved
T03549,CU0629,A001,C04,Chat,2025-04-13 10:00:00,2025-04-13 16:15:55.688711727,6.27,1,0,5,Resolved
T03550,CU0235,A008,C02,Email,2025-04-28 14:00:00,2025-04-28 19:06:06.545040073,5.1,1,0,5,Resolved
T03551,CU0106,A005,C06,Email,2025-08-07 16:00:00,2025-08-09 14:23:46.252985258,46.4,0,0,3,Resolved
T03552,CU0612,A006,C01,Web,2025-05-22 19:00:00,2025-05-22 22:05:25.885488426,3.09,1,0,4,Resolved
T03553,CU0196,A004,C05,Chat,2025-02-21 15:00:00,2025-02-23 12:31:44.354387049,45.53,1,0,3,Resolved
T03554,CU0780,A010,C01,Chat,2025-10-27 10:00:00,2025-10-28 02:07:53.698889280,16.13,0,0,4,Resolved
T03555,CU0161,A008,C02,Chat,2025-06-04 20:00:00,2025-06-05 09:00:09.700791181,13.0,1,0,5,Resolved
T03556,CU0022,A014,C01,Chat,2025-04-04 15:00:00,2025-04-05 05:21:23.946109437,14.36,0,0,4,Resolved
T03557,CU0352,A007,C03,Chat,2025-09-23 11:00:00,2025-09-24 08:31:25.581869288,21.52,1,0,4,Resolved
T03558,CU0294,A013,C05,Chat,2025-09-30 17:00:00,2025-10-04 17:09:38.344205322,96.16,0,0,3,Resolved
T03559,CU0575,A010,C04,Chat,2025-02-26 13:00:00,2025-02-26 21:57:30.420593301,8.96,1,0,5,Resolved
T03560,CU0211,A007,C05,Chat,2025-01-27 12:00:00,2025-01-27 22:41:42.540868604,10.7,1,0,5,Resolved
T03561,CU0883,A015,C05,Chat,2025-01-17 18:00:00,2025-01-18 23:54:18.132326910,29.91,1,0,5,Resolved
T03562,CU0380,A014,C02,Web,2025-10-07 19:00:00,2025-10-09 01:11:38.132331014,30.19,0,0,4,Resolved
T03563,CU0639,A010,C01,Web,2025-08-17 14:00:00,2025-08-18 03:01:37.820480750,13.03,0,0,5,Resolved
T03564,CU0692,A010,C05,Chat,2025-10-17 12:00:00,2025-10-18 12:35:02.039514079,24.58,1,0,5,Resolved
T03565,CU0796,A014,C05,Email,2025-08-17 19:00:00,2025-08-20 01:17:29.315983948,54.29,0,0,4,Resolved
T03566,CU0453,A014,C04,Chat,2025-05-27 10:00:00,2025-05-28 03:01:43.399339975,17.03,1,0,5,Resolved
T03567,CU0205,A013,C02,Web,2025-08-04 17:00:00,2025-08-05 10:14:33.791045474,17.24,1,0,4,Resolved
T03568,CU0467,A003,C06,Email,2025-09-21 15:00:00,,123.12,0,0,2,Open
T03569,CU0384,A005,C01,Chat,2025-05-26 19:00:00,2025-05-27 01:20:17.717253280,6.34,1,0,5,Resolved
T03570,CU0549,A008,C05,Chat,2025-12-01 13:00:00,2025-12-03 13:40:21.497721978,48.67,0,0,5,Resolved
T03571,CU0213,A011,C01,Web,2025-11-25 18:00:00,2025-11-26 05:16:18.856031880,11.27,1,0,5,Resolved
T03572,CU0465,A008,C05,Web,2025-10-20 08:00:00,2025-10-21 06:37:30.763498368,22.63,1,0,5,Resolved
T03573,CU0862,A015,C04,Chat,2025-12-29 17:00:00,2025-12-30 02:05:14.911984737,9.09,1,0,5,Resolved
T03574,CU0620,A007,C05,Email,2025-05-23 08:00:00,2025-05-25 09:00:54.921469399,49.02,0,0,4,Resolved
T03575,CU0862,A010,C01,Email,2025-02-11 16:00:00,2025-02-12 00:32:18.930219071,8.54,1,0,4,Resolved
T03576,CU0097,A013,C04,Email,2025-06-26 10:00:00,2025-06-26 22:48:26.843835600,12.81,1,0,4,Resolved
T03577,CU0589,A007,C02,Chat,2025-09-30 20:00:00,2025-10-01 04:34:57.211707900,8.58,1,0,4,Resolved
T03578,CU0021,A011,C05,Chat,2025-10-12 18:00:00,2025-10-14 11:38:42.792477910,41.65,1,0,5,Resolved
T03579,CU0183,A014,C01,Chat,2025-05-22 09:00:00,2025-05-22 18:06:14.768521783,9.1,1,0,5,Resolved
T03580,CU0745,A007,C01,Email,2025-04-17 19:00:00,2025-04-18 02:46:23.523119684,7.77,1,0,5,Resolved
T03581,CU0091,A018,C05,Chat,2025-06-12 11:00:00,2025-06-14 07:29:19.989029367,44.49,1,1,4,Resolved
T03582,CU0432,A010,C01,Email,2025-10-21 15:00:00,2025-10-21 21:39:16.206131098,6.65,1,0,5,Resolved
T03583,CU0063,A015,C02,Web,2025-01-23 09:00:00,2025-01-23 19:43:34.777821842,10.73,1,0,4,Resolved
T03584,CU0269,A013,C06,Chat,2025-04-30 09:00:00,2025-05-01 07:25:17.966289039,22.42,1,0,5,Resolved
T03585,CU0112,A015,C06,Web,2025-03-25 11:00:00,2025-03-26 07:17:13.500006817,20.29,1,0,4,Resolved
T03586,CU0409,A013,C06,Email,2025-10-22 14:00:00,2025-10-25 08:41:38.191951165,66.69,0,0,4,Resolved
T03587,CU0579,A010,C03,Email,2025-06-21 15:00:00,2025-06-22 16:37:28.776272869,25.62,0,0,4,Resolved
T03588,CU0586,A014,C04,Chat,2025-02-01 19:00:00,2025-02-02 02:06:50.901545790,7.11,1,0,5,Resolved
T03589,CU0840,A009,C06,Chat,2025-04-06 10:00:00,2025-04-09 00:30:09.555760137,62.5,0,0,4,Resolved
T03590,CU0110,A016,C01,Web,2025-01-17 17:00:00,2025-01-17 23:35:02.722429701,6.58,1,0,4,Resolved
T03591,CU0361,A010,C05,Email,2025-06-23 08:00:00,2025-06-24 15:24:49.095670712,31.41,1,0,5,Resolved
T03592,CU0472,A014,C01,Email,2025-12-31 11:00:00,2025-12-31 22:58:49.754772195,11.98,1,0,4,Resolved
T03593,CU0078,A004,C06,Chat,2025-07-27 10:00:00,2025-07-28 01:33:38.911662608,15.56,1,0,5,Resolved
T03594,CU0100,A004,C05,Chat,2025-11-14 09:00:00,2025-11-15 12:51:49.400943285,27.86,1,0,4,Resolved
T03595,CU0280,A011,C04,Chat,2025-09-29 15:00:00,2025-09-30 01:52:41.298002990,10.88,1,0,5,Resolved
T03596,CU0774,A016,C04,Email,2025-11-19 19:00:00,2025-11-20 07:03:48.467274145,12.06,1,0,4,Resolved
T03597,CU0528,A014,C02,Web,2025-04-24 16:00:00,2025-04-25 08:32:11.973177258,16.54,1,0,4,Resolved
T03598,CU0507,A006,C03,Chat,2025-12-14 19:00:00,2025-12-15 11:25:08.839107696,16.42,1,0,5,Resolved
T03599,CU0496,A016,C05,Chat,2025-03-29 15:00:00,,29.32,1,0,4,Open
T03600,CU0730,A012,C04,Chat,2025-06-09 08:00:00,2025-06-10 01:45:52.347514669,17.76,1,0,5,Resolved
T03601,CU0491,A011,C04,Chat,2025-09-06 12:00:00,2025-09-07 07:40:24.764710594,19.67,0,1,4,Resolved
T03602,CU0649,A018,C02,Chat,2025-04-15 18:00:00,2025-04-16 08:15:48.330804290,14.26,1,0,5,Resolved
T03603,CU0279,A015,C05,Chat,2025-04-07 08:00:00,,40.42,1,1,4,Open
T03604,CU0734,A006,C03,Email,2025-02-17 09:00:00,2025-02-18 23:50:11.800821321,38.84,0,0,4,Resolved
T03605,CU0030,A002,C02,Chat,2025-01-02 18:00:00,2025-01-03 09:07:52.417068617,15.13,1,0,4,Resolved
T03606,CU0308,A005,C06,Web,2025-07-02 08:00:00,2025-07-03 13:57:23.635600113,29.96,1,0,5,Resolved
T03607,CU0226,A004,C04,Web,2025-12-27 20:00:00,2025-12-28 00:39:33.152260496,4.66,1,0,4,Resolved
T03608,CU0126,A004,C04,Chat,2025-03-22 17:00:00,2025-03-22 22:46:10.989964509,5.77,1,0,4,Resolved
T03609,CU0484,A010,C06,Email,2025-06-10 16:00:00,2025-06-11 12:15:40.790102309,20.26,1,0,4,Resolved
T03610,CU0803,A018,C03,Chat,2025-12-08 14:00:00,2025-12-09 06:11:26.914073942,16.19,1,0,5,Resolved
T03611,CU0147,A012,C06,Chat,2025-10-09 09:00:00,2025-10-10 04:28:09.991799011,19.47,1,0,5,Resolved
T03612,CU0797,A008,C05,Chat,2025-01-02 13:00:00,2025-01-04 01:18:24.080385376,36.31,1,0,4,Resolved
T03613,CU0772,A005,C05,Chat,2025-07-02 18:00:00,2025-07-04 06:15:12.230976340,36.25,1,0,4,Resolved
T03614,CU0795,A015,C02,Email,2025-02-22 19:00:00,2025-02-23 04:16:37.164578386,9.28,1,0,5,Resolved
T03615,CU0006,A010,C01,Email,2025-04-01 13:00:00,2025-04-01 23:32:22.244162200,10.54,1,0,5,Resolved
T03616,CU0891,A001,C04,Email,2025-03-31 18:00:00,2025-04-01 14:22:16.368235359,20.37,0,0,5,Resolved
T03617,CU0385,A009,C01,Email,2025-08-12 18:00:00,2025-08-13 01:35:26.608691144,7.59,1,1,4,Resolved
T03618,CU0537,A004,C01,Email,2025-03-14 08:00:00,,8.93,1,0,4,Open
T03619,CU0275,A009,C05,Email,2025-04-02 16:00:00,2025-04-03 05:09:14.836298781,13.15,1,0,5,Resolved
T03620,CU0462,A002,C05,Web,2025-03-24 16:00:00,2025-03-25 07:57:56.656480424,15.97,1,0,4,Resolved
T03621,CU0496,A004,C02,Email,2025-05-11 15:00:00,2025-05-12 01:44:29.321226358,10.74,1,0,5,Resolved
T03622,CU0718,A015,C05,Chat,2025-08-28 18:00:00,,78.03,0,0,3,Open
T03623,CU0308,A004,C06,Email,2025-05-26 19:00:00,2025-05-27 12:36:35.441419838,17.61,1,0,5,Resolved
T03624,CU0100,A002,C05,Chat,2025-04-30 15:00:00,2025-05-01 12:28:18.599391519,21.47,1,0,3,Resolved
T03625,CU0528,A004,C06,Chat,2025-07-08 12:00:00,2025-07-10 02:22:41.523879140,38.38,0,0,5,Resolved
T03626,CU0705,A017,C05,Email,2025-08-13 20:00:00,2025-08-15 19:36:37.117969236,47.61,1,0,3,Resolved
T03627,CU0015,A018,C02,Web,2025-01-06 20:00:00,2025-01-07 05:49:58.944819536,9.83,1,0,4,Resolved
T03628,CU0732,A012,C03,Web,2025-11-21 16:00:00,2025-11-23 09:33:17.281679954,41.55,0,0,4,Resolved
T03629,CU0724,A015,C06,Chat,2025-12-01 16:00:00,2025-12-02 19:04:00.994595804,27.07,1,1,4,Resolved
T03630,CU0520,A017,C05,Chat,2025-08-08 09:00:00,2025-08-10 10:16:40.308422401,49.28,0,0,4,Resolved
T03631,CU0854,A006,C06,Chat,2025-07-29 13:00:00,2025-07-30 20:30:52.403298501,31.51,1,0,5,Resolved
T03632,CU0350,A008,C06,Email,2025-09-11 10:00:00,2025-09-13 08:01:38.751500751,46.03,0,0,4,Resolved
T03633,CU0121,A001,C02,Email,2025-06-10 14:00:00,2025-06-11 14:24:18.017759880,24.41,0,0,4,Resolved
T03634,CU0591,A010,C03,Email,2025-05-14 18:00:00,2025-05-16 05:56:25.439577136,35.94,0,0,4,Resolved
T03635,CU0549,A017,C05,Web,2025-05-09 10:00:00,2025-05-10 07:59:54.075844413,22.0,1,0,4,Resolved
T03636,CU0824,A001,C01,Chat,2025-02-28 20:00:00,2025-03-01 09:07:43.258439730,13.13,0,0,4,Resolved
T03637,CU0202,A013,C05,Chat,2025-11-04 09:00:00,2025-11-06 09:26:01.072338244,48.43,0,1,3,Resolved
T03638,CU0143,A009,C06,Email,2025-04-28 09:00:00,2025-04-30 08:17:18.773796199,47.29,0,1,3,Resolved
T03639,CU0612,A018,C05,Chat,2025-04-14 20:00:00,2025-04-16 01:44:39.909901138,29.74,1,0,5,Resolved
T03640,CU0280,A011,C03,Chat,2025-12-18 09:00:00,2025-12-19 00:37:39.720865555,15.63,1,0,4,Resolved
T03641,CU0167,A008,C05,Chat,2025-07-04 17:00:00,2025-07-07 16:20:17.870078450,71.34,0,0,3,Resolved
T03642,CU0605,A002,C02,Email,2025-08-15 17:00:00,2025-08-16 20:32:13.049354036,27.54,0,0,5,Resolved
T03643,CU0167,A011,C06,Web,2025-03-31 12:00:00,2025-04-02 14:34:28.670084054,50.57,0,0,4,Resolved
T03644,CU0750,A018,C01,Chat,2025-04-12 08:00:00,2025-04-12 16:44:51.629712072,8.75,1,0,5,Resolved
T03645,CU0281,A001,C06,Chat,2025-09-23 12:00:00,2025-09-24 23:59:10.738086748,35.99,1,0,5,Resolved
T03646,CU0587,A001,C04,Web,2025-06-14 08:00:00,2025-06-14 11:38:10.607748003,3.64,1,0,5,Resolved
T03647,CU0520,A017,C04,Chat,2025-02-23 16:00:00,2025-02-23 21:19:37.963320787,5.33,1,0,5,Resolved
T03648,CU0532,A005,C04,Email,2025-11-01 19:00:00,2025-11-02 04:12:42.373202230,9.21,1,0,5,Resolved
T03649,CU0274,A011,C02,Web,2025-05-28 20:00:00,2025-05-29 04:31:47.737418577,8.53,1,0,4,Resolved
T03650,CU0078,A012,C04,Chat,2025-09-01 18:00:00,2025-09-02 14:18:36.053344177,20.31,0,0,5,Resolved
T03651,CU0576,A009,C06,Chat,2025-05-05 18:00:00,2025-05-06 10:54:55.001633558,16.92,1,1,4,Resolved
T03652,CU0391,A009,C06,Chat,2025-07-24 19:00:00,2025-07-26 01:08:03.407929911,30.13,1,0,4,Resolved
T03653,CU0880,A013,C02,Chat,2025-10-11 18:00:00,,11.37,1,0,5,Open
T03654,CU0802,A005,C05,Chat,2025-11-20 16:00:00,2025-11-22 21:18:35.551143590,53.31,0,0,3,Resolved
T03655,CU0067,A004,C06,Chat,2025-03-17 20:00:00,2025-03-18 15:00:49.909751265,19.01,1,0,4,Resolved
T03656,CU0326,A018,C06,Chat,2025-09-03 12:00:00,2025-09-05 10:17:08.975946894,46.29,0,0,4,Resolved
T03657,CU0375,A001,C04,Email,2025-11-30 13:00:00,2025-12-01 01:00:45.659745874,12.01,1,0,4,Resolved
T03658,CU0343,A004,C01,Chat,2025-08-23 19:00:00,,15.38,0,0,5,Open
T03659,CU0652,A014,C06,Chat,2025-02-22 12:00:00,2025-02-24 00:39:07.807119181,36.65,0,0,4,Resolved
T03660,CU0322,A011,C03,Chat,2025-03-11 11:00:00,2025-03-12 03:44:45.953846322,16.75,1,0,4,Resolved
T03661,CU0138,A006,C03,Email,2025-03-16 09:00:00,2025-03-16 18:40:01.674992488,9.67,1,1,5,Resolved
T03662,CU0327,A003,C06,Chat,2025-02-08 11:00:00,2025-02-09 14:28:46.498014159,27.48,1,1,3,Resolved
T03663,CU0709,A007,C02,Chat,2025-10-03 15:00:00,2025-10-04 04:52:29.432068896,13.87,1,0,5,Resolved
T03664,CU0365,A002,C06,Web,2025-12-19 19:00:00,2025-12-20 23:26:01.823452922,28.43,1,0,5,Resolved
T03665,CU0257,A010,C01,Email,2025-07-08 09:00:00,2025-07-08 16:20:52.102631623,7.35,1,0,5,Resolved
T03666,CU0697,A009,C05,Email,2025-08-07 16:00:00,2025-08-10 22:14:20.112627487,78.24,0,0,4,Resolved
T03667,CU0060,A017,C06,Email,2025-10-10 17:00:00,2025-10-11 18:09:13.280164578,25.15,1,0,5,Resolved
T03668,CU0410,A015,C06,Chat,2025-06-01 19:00:00,2025-06-02 11:31:16.772834964,16.52,1,0,5,Resolved
T03669,CU0093,A009,C06,Chat,2025-06-22 17:00:00,2025-06-23 13:20:30.144250320,20.34,1,0,5,Resolved
T03670,CU0547,A010,C06,Chat,2025-08-03 10:00:00,2025-08-07 03:56:08.379165130,89.94,0,0,2,Resolved
T03671,CU0810,A013,C02,Web,2025-04-22 14:00:00,2025-04-23 08:52:42.849629306,18.88,1,0,4,Resolved
T03672,CU0399,A006,C06,Web,2025-01-23 20:00:00,2025-01-25 12:04:19.696081821,40.07,0,0,4,Resolved
T03673,CU0884,A011,C06,Email,2025-07-27 19:00:00,2025-07-28 18:37:49.625980402,23.63,1,0,5,Resolved
T03674,CU0787,A001,C04,Chat,2025-10-28 15:00:00,2025-10-28 23:04:05.273179186,8.07,1,0,5,Resolved
T03675,CU0655,A017,C03,Email,2025-01-27 20:00:00,2025-01-28 08:30:38.025851799,12.51,1,0,5,Resolved
T03676,CU0161,A017,C01,Email,2025-03-21 16:00:00,2025-03-22 00:41:31.690061595,8.69,1,0,5,Resolved
T03677,CU0030,A017,C05,Chat,2025-04-06 08:00:00,2025-04-07 18:58:17.877803872,34.97,1,1,4,Resolved
T03678,CU0111,A004,C05,Chat,2025-10-21 19:00:00,2025-10-22 19:52:16.697115552,24.87,1,0,5,Resolved
T03679,CU0314,A015,C03,Chat,2025-07-04 10:00:00,2025-07-05 04:28:18.271232706,18.47,1,0,5,Resolved
T03680,CU0367,A011,C03,Chat,2025-07-15 12:00:00,2025-07-16 03:13:20.067924205,15.22,1,0,5,Resolved
T03681,CU0190,A018,C05,Email,2025-08-24 11:00:00,2025-08-26 06:10:56.801202229,43.18,1,0,4,Resolved
T03682,CU0877,A001,C01,Chat,2025-04-11 17:00:00,2025-04-12 09:06:24.356497845,16.11,0,1,4,Resolved
T03683,CU0669,A008,C06,Email,2025-09-18 08:00:00,2025-09-19 07:19:01.685480221,23.32,1,1,4,Resolved
T03684,CU0630,A002,C03,Chat,2025-01-12 16:00:00,2025-01-13 11:52:06.136950262,19.87,1,0,5,Resolved
T03685,CU0587,A018,C02,Chat,2025-02-11 19:00:00,2025-02-13 02:47:00.899079043,31.78,0,1,3,Resolved
T03686,CU0555,A004,C01,Email,2025-10-25 18:00:00,2025-10-26 01:22:01.114591918,7.37,1,0,5,Resolved
T03687,CU0794,A001,C06,Email,2025-08-29 11:00:00,2025-08-30 16:45:45.741054740,29.76,1,0,5,Resolved
T03688,CU0352,A003,C06,Web,2025-03-06 19:00:00,,37.89,0,0,4,Open
T03689,CU0127,A018,C01,Email,2025-06-10 12:00:00,2025-06-10 17:08:14.539799569,5.14,1,0,5,Resolved
T03690,CU0266,A010,C02,Email,2025-01-19 16:00:00,2025-01-20 08:54:23.329186686,16.91,1,1,4,Resolved
T03691,CU0206,A002,C04,Chat,2025-09-03 14:00:00,2025-09-03 22:49:05.765647713,8.82,1,0,5,Resolved
T03692,CU0861,A008,C02,Email,2025-10-03 08:00:00,2025-10-03 14:02:04.610418082,6.03,1,0,5,Resolved
T03693,CU0511,A008,C05,Chat,2025-04-12 08:00:00,2025-04-13 12:57:02.509784190,28.95,1,0,4,Resolved
T03694,CU0385,A015,C01,Email,2025-05-08 10:00:00,2025-05-08 15:31:39.576844660,5.53,1,1,3,Resolved
T03695,CU0024,A004,C04,Email,2025-03-28 20:00:00,2025-03-29 09:20:58.943446116,13.35,1,1,5,Resolved
T03696,CU0640,A003,C03,Chat,2025-05-23 20:00:00,2025-05-25 00:04:39.821894122,28.08,0,0,5,Resolved
T03697,CU0582,A014,C04,Email,2025-04-10 13:00:00,2025-04-11 14:20:17.252493399,25.34,0,0,5,Resolved
T03698,CU0730,A008,C04,Email,2025-04-01 20:00:00,2025-04-02 07:28:22.263139610,11.47,1,0,5,Resolved
T03699,CU0118,A003,C02,Chat,2025-06-07 08:00:00,2025-06-08 06:08:49.391897776,22.15,1,0,4,Resolved
T03700,CU0592,A008,C02,Email,2025-11-10 20:00:00,2025-11-11 12:45:11.594627276,16.75,1,0,5,Resolved
T03701,CU0326,A008,C01,Web,2025-10-06 11:00:00,2025-10-06 17:43:59.275227489,6.73,1,0,5,Resolved
T03702,CU0210,A005,C01,Chat,2025-04-19 08:00:00,2025-04-19 11:21:52.355264436,3.36,1,0,5,Resolved
T03703,CU0202,A004,C06,Email,2025-12-11 17:00:00,2025-12-14 08:24:42.084341485,63.41,0,1,2,Resolved
T03704,CU0260,A002,C02,Web,2025-03-18 12:00:00,2025-03-18 20:43:54.159692880,8.73,1,0,4,Resolved
T03705,CU0660,A016,C03,Chat,2025-11-29 11:00:00,2025-11-30 18:40:22.306425913,31.67,0,0,5,Resolved
T03706,CU0021,A001,C01,Chat,2025-04-23 17:00:00,,10.19,1,0,5,Open
T03707,CU0853,A010,C06,Email,2025-07-17 12:00:00,2025-07-18 12:20:17.297051636,24.34,1,0,5,Resolved
T03708,CU0873,A001,C06,Email,2025-03-16 17:00:00,2025-03-18 04:05:50.500101840,35.1,1,1,3,Resolved
T03709,CU0872,A015,C06,Email,2025-10-06 10:00:00,,65.28,0,0,3,Open
T03710,CU0752,A008,C05,Email,2025-04-26 09:00:00,2025-04-28 22:52:10.987981802,61.87,0,0,4,Resolved
T03711,CU0292,A018,C06,Email,2025-11-15 12:00:00,2025-11-16 07:50:56.494435214,19.85,1,0,4,Resolved
T03712,CU0364,A001,C03,Chat,2025-01-31 15:00:00,2025-02-01 06:03:15.978435206,15.05,1,1,5,Resolved
T03713,CU0115,A006,C06,Chat,2025-07-03 10:00:00,2025-07-05 01:30:06.155425522,39.5,0,0,3,Resolved
T03714,CU0804,A008,C06,Email,2025-02-27 09:00:00,2025-02-28 13:18:39.098951190,28.31,1,1,4,Resolved
T03715,CU0694,A002,C01,Chat,2025-11-21 17:00:00,2025-11-22 06:43:35.157577422,13.73,0,0,5,Resolved
T03716,CU0139,A008,C04,Web,2025-06-02 14:00:00,2025-06-03 08:43:09.895507658,18.72,0,1,4,Resolved
T03717,CU0892,A009,C02,Chat,2025-09-04 13:00:00,2025-09-04 21:22:04.612610362,8.37,1,0,4,Resolved
T03718,CU0038,A009,C01,Chat,2025-11-18 11:00:00,2025-11-18 20:50:02.387171263,9.83,1,0,4,Resolved
T03719,CU0691,A010,C06,Email,2025-07-15 08:00:00,2025-07-16 18:50:10.612568281,34.84,1,0,4,Resolved
T03720,CU0122,A004,C01,Chat,2025-01-21 08:00:00,2025-01-21 16:08:04.959259112,8.13,1,0,5,Resolved
T03721,CU0675,A005,C05,Chat,2025-03-22 16:00:00,2025-03-24 02:40:29.075600017,34.67,1,0,5,Resolved
T03722,CU0796,A009,C06,Web,2025-03-19 09:00:00,2025-03-21 03:52:32.310907924,42.88,0,0,4,Resolved
T03723,CU0856,A012,C04,Email,2025-11-30 11:00:00,2025-12-01 04:04:47.626033191,17.08,1,0,5,Resolved
T03724,CU0145,A008,C03,Chat,2025-11-28 19:00:00,2025-11-29 07:07:54.436604383,12.13,1,0,5,Resolved
T03725,CU0149,A009,C05,Chat,2025-06-24 12:00:00,2025-06-26 00:50:07.882704974,36.84,1,1,5,Resolved
T03726,CU0062,A018,C06,Email,2025-11-21 17:00:00,2025-11-22 13:25:50.705825746,20.43,1,0,5,Resolved
T03727,CU0740,A012,C02,Chat,2025-03-31 12:00:00,2025-03-31 20:00:47.154228087,8.01,1,1,3,Resolved
T03728,CU0167,A001,C02,Chat,2025-09-05 20:00:00,2025-09-06 13:03:33.797481339,17.06,1,0,5,Resolved
T03729,CU0352,A007,C05,Chat,2025-05-24 18:00:00,2025-05-27 17:06:10.074803720,71.1,0,0,4,Resolved
T03730,CU0374,A001,C06,Email,2025-03-29 14:00:00,2025-03-30 01:34:13.697623300,11.57,1,0,5,Resolved
T03731,CU0316,A016,C03,Chat,2025-04-02 16:00:00,2025-04-03 08:49:00.912876081,16.82,1,0,4,Resolved
T03732,CU0447,A015,C03,Email,2025-06-03 13:00:00,2025-06-04 05:34:33.320283329,16.58,1,0,4,Resolved
T03733,CU0314,A009,C06,Chat,2025-05-04 20:00:00,2025-05-06 00:27:21.369764401,28.46,1,0,5,Resolved
T03734,CU0213,A005,C02,Email,2025-03-19 12:00:00,2025-03-19 21:04:40.054714806,9.08,1,0,5,Resolved
T03735,CU0350,A013,C01,Chat,2025-05-02 18:00:00,2025-05-02 22:12:46.296361749,4.21,1,0,5,Resolved
T03736,CU0726,A004,C05,Chat,2025-02-16 16:00:00,2025-02-17 08:40:12.453822354,16.67,1,0,5,Resolved
T03737,CU0107,A014,C01,Email,2025-12-20 16:00:00,2025-12-21 06:33:40.386887017,14.56,0,0,4,Resolved
T03738,CU0864,A016,C02,Chat,2025-05-19 12:00:00,2025-05-19 20:59:47.821956871,9.0,1,0,5,Resolved
T03739,CU0369,A004,C05,Web,2025-02-09 18:00:00,,24.76,1,0,5,Open
T03740,CU0262,A010,C05,Email,2025-07-30 17:00:00,2025-08-04 17:43:00.081830056,120.72,0,0,3,Resolved
T03741,CU0401,A003,C04,Chat,2025-11-19 18:00:00,2025-11-20 01:54:17.566206274,7.9,1,0,5,Resolved
T03742,CU0838,A012,C03,Email,2025-05-12 18:00:00,2025-05-13 13:49:54.940721750,19.83,1,0,5,Resolved
T03743,CU0729,A013,C05,Web,2025-11-05 10:00:00,2025-11-07 12:02:02.343195477,50.03,0,0,4,Resolved
T03744,CU0737,A001,C05,Chat,2025-08-11 19:00:00,2025-08-14 20:57:12.410368326,73.95,0,0,3,Resolved
T03745,CU0199,A018,C06,Chat,2025-09-27 18:00:00,2025-09-28 14:44:22.266158258,20.74,1,0,4,Resolved
T03746,CU0798,A005,C06,Email,2025-04-19 11:00:00,2025-04-20 05:08:07.531018242,18.14,1,0,4,Resolved
T03747,CU0636,A009,C05,Chat,2025-01-14 20:00:00,2025-01-16 07:31:06.255565690,35.52,1,0,4,Resolved
T03748,CU0054,A005,C06,Email,2025-05-07 14:00:00,2025-05-10 01:33:25.166449634,59.56,0,0,4,Resolved
T03749,CU0385,A017,C06,Chat,2025-12-04 12:00:00,2025-12-05 05:44:47.892899580,17.75,1,0,3,Resolved
T03750,CU0751,A014,C01,Email,2025-10-16 10:00:00,2025-10-16 16:24:23.459938678,6.41,1,0,5,Resolved
T03751,CU0480,A018,C06,Chat,2025-10-14 12:00:00,2025-10-15 18:11:42.866003889,30.2,1,0,4,Resolved
T03752,CU0528,A007,C06,Chat,2025-11-17 08:00:00,2025-11-18 17:02:24.366172308,33.04,1,0,3,Resolved
T03753,CU0338,A011,C03,Web,2025-05-17 16:00:00,2025-05-18 15:05:18.017168085,23.09,1,0,4,Resolved
T03754,CU0035,A011,C01,Email,2025-04-28 17:00:00,2025-04-28 22:27:58.275248396,5.47,1,0,5,Resolved
T03755,CU0797,A005,C05,Chat,2025-12-04 16:00:00,2025-12-05 16:23:58.454957662,24.4,1,0,5,Resolved
T03756,CU0679,A017,C04,Email,2025-07-28 15:00:00,2025-07-29 09:55:36.673664592,18.93,0,1,4,Resolved
T03757,CU0245,A016,C05,Chat,2025-04-19 12:00:00,2025-04-21 18:42:32.215938872,54.71,0,0,4,Resolved
T03758,CU0218,A018,C04,Chat,2025-04-12 17:00:00,2025-04-13 02:52:50.309294829,9.88,1,0,5,Resolved
T03759,CU0467,A009,C01,Email,2025-11-17 19:00:00,2025-11-18 02:55:12.412880007,7.92,1,0,4,Resolved
T03760,CU0718,A003,C02,Web,2025-01-20 09:00:00,2025-01-20 17:49:23.676178206,8.82,1,0,5,Resolved
T03761,CU0079,A003,C06,Chat,2025-01-23 12:00:00,2025-01-25 21:49:10.576792938,57.82,0,0,5,Resolved
T03762,CU0564,A011,C01,Web,2025-09-27 20:00:00,2025-09-28 06:58:33.950678498,10.98,1,0,5,Resolved
T03763,CU0763,A015,C05,Email,2025-01-01 19:00:00,2025-01-03 21:20:56.055122239,50.35,0,0,4,Resolved
T03764,CU0444,A013,C03,Chat,2025-03-04 20:00:00,2025-03-05 13:13:48.932731153,17.23,1,0,4,Resolved
T03765,CU0048,A014,C04,Email,2025-12-28 10:00:00,2025-12-28 21:25:48.986508428,11.43,1,0,5,Resolved
T03766,CU0022,A015,C04,Chat,2025-06-05 14:00:00,2025-06-05 19:35:59.791832419,5.6,1,0,5,Resolved
T03767,CU0146,A016,C02,Email,2025-09-23 09:00:00,2025-09-23 15:48:28.216082689,6.81,1,0,4,Resolved
T03768,CU0801,A017,C05,Email,2025-06-27 19:00:00,2025-06-30 01:27:12.094891876,54.45,0,0,4,Resolved
T03769,CU0413,A007,C05,Chat,2025-02-03 14:00:00,2025-02-04 22:06:29.745593524,32.11,1,0,4,Resolved
T03770,CU0133,A014,C01,Chat,2025-03-09 11:00:00,2025-03-09 19:46:43.505326225,8.78,1,0,5,Resolved
T03771,CU0815,A006,C03,Chat,2025-10-05 09:00:00,2025-10-05 18:41:25.560384475,9.69,1,0,4,Resolved
T03772,CU0747,A013,C05,Chat,2025-02-04 17:00:00,2025-02-05 13:38:52.046422479,20.65,1,0,5,Resolved
T03773,CU0133,A001,C05,Web,2025-08-06 18:00:00,2025-08-09 21:31:12.027069681,75.52,0,0,4,Resolved
T03774,CU0620,A001,C04,Web,2025-05-08 19:00:00,2025-05-10 00:21:54.775885222,29.37,0,1,3,Resolved
T03775,CU0298,A004,C06,Email,2025-05-16 20:00:00,2025-05-17 14:54:09.566865518,18.9,1,0,4,Resolved
T03776,CU0063,A010,C01,Email,2025-12-14 18:00:00,2025-12-15 04:49:20.287842643,10.82,1,0,5,Resolved
T03777,CU0056,A017,C01,Chat,2025-08-10 18:00:00,2025-08-11 05:09:14.988722058,11.15,1,0,5,Resolved
T03778,CU0488,A011,C05,Email,2025-08-13 18:00:00,2025-08-15 14:21:01.754529933,44.35,1,0,4,Resolved
T03779,CU0760,A011,C05,Chat,2025-05-08 20:00:00,2025-05-11 19:20:01.293559209,71.33,0,0,3,Resolved
T03780,CU0866,A013,C06,Chat,2025-05-20 14:00:00,2025-05-21 10:23:15.962670607,20.39,1,0,5,Resolved
T03781,CU0635,A016,C02,Chat,2025-09-08 17:00:00,2025-09-10 00:19:09.882884823,31.32,0,0,4,Resolved
T03782,CU0831,A011,C04,Web,2025-01-15 18:00:00,2025-01-16 07:03:35.136870282,13.06,1,0,5,Resolved
T03783,CU0213,A014,C05,Email,2025-03-28 09:00:00,2025-03-29 15:45:55.033254194,30.77,1,0,4,Resolved
T03784,CU0132,A008,C02,Chat,2025-08-08 16:00:00,2025-08-10 01:13:32.694940826,33.23,0,0,5,Resolved
T03785,CU0100,A018,C04,Web,2025-08-16 12:00:00,2025-08-17 04:02:37.298391036,16.04,1,0,5,Resolved
T03786,CU0156,A009,C05,Email,2025-02-03 09:00:00,2025-02-04 14:41:00.971891530,29.68,1,0,5,Resolved
T03787,CU0679,A017,C02,Email,2025-10-15 10:00:00,2025-10-16 12:02:40.171308165,26.04,0,0,5,Resolved
T03788,CU0139,A018,C03,Chat,2025-07-18 09:00:00,2025-07-19 23:10:38.326459825,38.18,0,0,4,Resolved
T03789,CU0390,A016,C02,Chat,2025-03-28 19:00:00,2025-03-29 19:02:43.190184166,24.05,0,0,4,Resolved
T03790,CU0681,A006,C06,Chat,2025-10-02 18:00:00,2025-10-02 22:20:47.289648703,4.35,1,0,4,Resolved
T03791,CU0835,A007,C02,Email,2025-12-28 09:00:00,2025-12-29 02:04:00.587849685,17.07,1,0,4,Resolved
T03792,CU0145,A015,C01,Email,2025-06-04 16:00:00,2025-06-05 00:48:04.516530127,8.8,1,0,5,Resolved
T03793,CU0168,A017,C01,Chat,2025-04-14 16:00:00,2025-04-14 23:52:31.698006898,7.88,1,0,5,Resolved
T03794,CU0059,A011,C01,Chat,2025-04-20 14:00:00,2025-04-21 00:31:33.372261512,10.53,1,0,5,Resolved
T03795,CU0101,A014,C02,Chat,2025-08-05 15:00:00,2025-08-06 11:08:57.367700365,20.15,1,0,4,Resolved
T03796,CU0352,A008,C05,Web,2025-01-18 19:00:00,2025-01-20 13:03:21.369682796,42.06,1,0,4,Resolved
T03797,CU0284,A016,C01,Chat,2025-06-26 14:00:00,2025-06-26 21:05:28.425929967,7.09,1,0,5,Resolved
T03798,CU0871,A008,C03,Email,2025-01-10 16:00:00,2025-01-12 01:21:40.449656653,33.36,0,0,4,Resolved
T03799,CU0400,A012,C01,Web,2025-01-15 15:00:00,2025-01-16 02:21:30.602684732,11.36,1,0,4,Resolved
T03800,CU0278,A010,C03,Email,2025-06-06 13:00:00,,26.48,0,1,4,Open
T03801,CU0423,A016,C01,Chat,2025-09-30 19:00:00,2025-10-01 07:47:15.038830618,12.79,0,0,5,Resolved
T03802,CU0652,A015,C05,Email,2025-11-19 13:00:00,2025-11-22 04:39:49.345249377,63.66,0,1,3,Resolved
T03803,CU0304,A016,C05,Web,2025-02-01 18:00:00,2025-02-03 19:05:40.146336949,49.09,0,0,4,Resolved
T03804,CU0130,A003,C05,Email,2025-03-31 15:00:00,2025-04-01 20:27:57.888966823,29.47,1,0,5,Resolved
T03805,CU0379,A005,C02,Chat,2025-06-03 16:00:00,2025-06-04 18:40:12.818173296,26.67,0,1,4,Resolved
T03806,CU0560,A017,C06,Chat,2025-07-29 17:00:00,2025-07-31 09:50:11.041287633,40.84,0,0,4,Resolved
T03807,CU0285,A003,C05,Chat,2025-12-27 17:00:00,2025-12-30 18:26:59.830253098,73.45,0,0,3,Resolved
T03808,CU0524,A014,C01,Chat,2025-09-07 15:00:00,2025-09-08 07:46:53.523570007,16.78,0,0,5,Resolved
T03809,CU0292,A012,C04,Email,2025-07-16 16:00:00,2025-07-17 02:37:30.820186966,10.63,1,0,5,Resolved
T03810,CU0814,A007,C06,Chat,2025-01-23 14:00:00,2025-01-26 13:21:25.248317936,71.36,0,0,4,Resolved
T03811,CU0799,A001,C03,Email,2025-01-30 12:00:00,2025-01-30 18:36:05.364872949,6.6,1,0,5,Resolved
T03812,CU0645,A001,C03,Email,2025-02-25 17:00:00,2025-02-26 15:38:48.840011196,22.65,1,0,5,Resolved
T03813,CU0754,A017,C05,Email,2025-08-30 19:00:00,2025-09-01 05:13:41.588626494,34.23,1,0,4,Resolved
T03814,CU0109,A002,C01,Chat,2025-05-01 17:00:00,2025-05-02 11:39:38.719232938,18.66,0,0,4,Resolved
T03815,CU0588,A014,C06,Chat,2025-03-29 18:00:00,2025-03-30 22:00:43.761139293,28.01,1,0,5,Resolved
T03816,CU0365,A003,C02,Chat,2025-09-02 18:00:00,2025-09-03 09:17:43.890277862,15.3,1,1,4,Resolved
T03817,CU0700,A008,C01,Web,2025-10-25 12:00:00,2025-10-25 19:05:45.285182404,7.1,1,0,5,Resolved
T03818,CU0001,A002,C01,Chat,2025-06-10 08:00:00,2025-06-10 13:48:06.567118678,5.8,1,0,4,Resolved
T03819,CU0169,A012,C03,Chat,2025-11-18 12:00:00,2025-11-19 02:48:52.587876999,14.81,1,0,5,Resolved
T03820,CU0217,A002,C06,Chat,2025-09-25 17:00:00,2025-09-27 01:34:08.165317155,32.57,1,0,4,Resolved
T03821,CU0502,A012,C06,Email,2025-09-19 18:00:00,2025-09-20 20:55:46.962035508,26.93,1,0,4,Resolved
T03822,CU0875,A018,C06,Email,2025-11-13 14:00:00,2025-11-14 18:13:49.961217266,28.23,1,0,5,Resolved
T03823,CU0807,A014,C04,Web,2025-03-09 18:00:00,2025-03-10 07:07:02.949459736,13.12,1,0,5,Resolved
T03824,CU0411,A012,C04,Chat,2025-10-04 08:00:00,2025-10-04 15:01:32.078455651,7.03,1,0,5,Resolved
T03825,CU0002,A017,C03,Chat,2025-12-16 16:00:00,2025-12-17 00:03:38.287832565,8.06,1,0,5,Resolved
T03826,CU0781,A015,C01,Email,2025-12-29 16:00:00,2025-12-30 01:12:05.579901356,9.2,1,0,5,Resolved
T03827,CU0516,A014,C06,Chat,2025-07-30 14:00:00,2025-08-01 13:58:18.696049204,47.97,0,0,4,Resolved
T03828,CU0022,A011,C04,Chat,2025-10-03 17:00:00,2025-10-04 08:16:45.141415374,15.28,1,0,5,Resolved
T03829,CU0581,A008,C04,Web,2025-11-21 14:00:00,2025-11-22 04:05:47.258155906,14.1,1,0,5,Resolved
T03830,CU0793,A012,C04,Email,2025-11-08 14:00:00,2025-11-09 12:19:22.822887068,22.32,0,0,5,Resolved
T03831,CU0784,A002,C06,Chat,2025-11-24 15:00:00,2025-11-26 06:09:21.981525501,39.16,0,0,4,Resolved
T03832,CU0801,A016,C02,Web,2025-10-31 18:00:00,2025-11-02 16:45:27.900101959,46.76,0,0,4,Resolved
T03833,CU0879,A016,C05,Chat,2025-05-20 11:00:00,2025-05-25 16:07:14.327056174,125.12,0,0,3,Resolved
T03834,CU0589,A005,C05,Chat,2025-09-24 11:00:00,2025-09-25 12:53:43.539604195,25.9,1,1,4,Resolved
T03835,CU0552,A014,C06,Chat,2025-05-30 13:00:00,2025-05-30 22:18:04.990252924,9.3,1,0,5,Resolved
T03836,CU0105,A013,C01,Chat,2025-10-20 10:00:00,2025-10-20 17:58:24.367908255,7.97,1,0,5,Resolved
T03837,CU0570,A016,C02,Chat,2025-10-23 12:00:00,2025-10-24 05:33:57.391794748,17.57,1,0,4,Resolved
T03838,CU0789,A017,C04,Web,2025-12-08 12:00:00,2025-12-08 22:37:50.557397815,10.63,1,0,5,Resolved
T03839,CU0732,A014,C06,Web,2025-08-03 12:00:00,2025-08-05 15:49:27.926039974,51.82,0,0,4,Resolved
T03840,CU0810,A017,C06,Email,2025-06-23 13:00:00,2025-06-24 11:08:14.512892100,22.14,1,0,5,Resolved
T03841,CU0154,A006,C05,Web,2025-03-02 14:00:00,2025-03-03 17:40:33.062782796,27.68,1,1,4,Resolved
T03842,CU0181,A008,C02,Chat,2025-08-21 17:00:00,2025-08-22 10:07:25.561064553,17.12,1,1,4,Resolved
T03843,CU0773,A003,C02,Chat,2025-07-26 11:00:00,2025-07-27 03:22:35.061661146,16.38,1,0,5,Resolved
T03844,CU0847,A016,C05,Chat,2025-07-07 18:00:00,2025-07-11 05:29:43.919114611,83.5,0,1,2,Resolved
T03845,CU0474,A005,C02,Chat,2025-09-04 14:00:00,2025-09-05 04:23:42.164275120,14.4,1,0,5,Resolved
T03846,CU0793,A010,C04,Chat,2025-11-07 17:00:00,2025-11-08 02:39:31.330184065,9.66,1,0,4,Resolved
T03847,CU0614,A003,C06,Chat,2025-02-24 09:00:00,2025-02-25 17:18:47.239559258,32.31,1,0,4,Resolved
T03848,CU0185,A005,C03,Web,2025-06-07 10:00:00,,18.97,1,1,3,Open
T03849,CU0457,A013,C03,Chat,2025-09-21 13:00:00,2025-09-23 00:58:00.075898891,35.97,0,0,3,Resolved
T03850,CU0355,A005,C01,Email,2025-10-27 12:00:00,2025-10-27 17:17:21.057763696,5.29,1,0,5,Resolved
T03851,CU0711,A010,C02,Chat,2025-10-12 14:00:00,2025-10-12 22:23:43.733241394,8.4,1,0,4,Resolved
T03852,CU0304,A009,C05,Email,2025-10-19 10:00:00,2025-10-20 21:33:16.653014748,35.55,1,0,4,Resolved
T03853,CU0158,A012,C03,Email,2025-11-09 14:00:00,2025-11-10 10:23:31.235604554,20.39,1,0,5,Resolved
T03854,CU0449,A005,C02,Chat,2025-12-18 16:00:00,2025-12-19 03:34:22.867375339,11.57,1,1,3,Resolved
T03855,CU0446,A009,C01,Chat,2025-08-10 17:00:00,2025-08-11 11:44:41.493888304,18.74,0,0,5,Resolved
T03856,CU0801,A001,C01,Email,2025-04-01 11:00:00,2025-04-02 06:01:23.781549806,19.02,0,0,5,Resolved
T03857,CU0008,A010,C05,Email,2025-07-25 12:00:00,2025-07-26 23:17:52.929615026,35.3,1,0,3,Resolved
T03858,CU0787,A002,C05,Chat,2025-09-17 14:00:00,2025-09-21 09:26:12.150951003,91.44,0,0,3,Resolved
T03859,CU0191,A014,C04,Chat,2025-02-06 14:00:00,2025-02-06 17:45:56.547498790,3.77,1,0,5,Resolved
T03860,CU0159,A016,C04,Chat,2025-10-04 18:00:00,2025-10-05 15:46:48.355507527,21.78,0,1,3,Resolved
T03861,CU0377,A008,C02,Chat,2025-07-18 13:00:00,2025-07-19 01:10:53.652295059,12.18,1,0,5,Resolved
T03862,CU0497,A016,C04,Web,2025-12-08 16:00:00,2025-12-09 09:04:00.045238810,17.07,1,0,5,Resolved
T03863,CU0837,A008,C01,Chat,2025-03-19 19:00:00,2025-03-20 00:11:26.497298828,5.19,1,0,4,Resolved
T03864,CU0481,A016,C06,Chat,2025-11-28 11:00:00,2025-11-29 11:14:28.561677716,24.24,1,0,5,Resolved
T03865,CU0131,A010,C01,Email,2025-06-13 18:00:00,2025-06-13 23:33:21.821985867,5.56,1,0,5,Resolved
T03866,CU0406,A010,C04,Email,2025-07-29 12:00:00,2025-07-30 00:47:16.883120914,12.79,1,0,4,Resolved
T03867,CU0829,A008,C01,Chat,2025-08-29 12:00:00,2025-08-30 16:27:48.162117193,28.46,0,1,4,Resolved
T03868,CU0644,A017,C06,Email,2025-07-31 16:00:00,2025-08-02 03:58:11.103284308,35.97,1,0,5,Resolved
T03869,CU0196,A013,C02,Email,2025-11-26 16:00:00,2025-11-28 04:11:12.303993112,36.19,0,0,4,Resolved
T03870,CU0582,A009,C06,Chat,2025-03-03 15:00:00,2025-03-04 12:00:55.793317568,21.02,1,0,5,Resolved
T03871,CU0661,A015,C01,Chat,2025-09-24 11:00:00,2025-09-25 07:02:14.294406922,20.04,0,0,4,Resolved
T03872,CU0248,A009,C06,Web,2025-12-22 09:00:00,2025-12-22 21:01:44.129388424,12.03,1,0,5,Resolved
T03873,CU0476,A016,C05,Chat,2025-03-22 19:00:00,2025-03-23 22:15:00.452090545,27.25,1,0,5,Resolved
T03874,CU0314,A009,C02,Chat,2025-04-04 19:00:00,2025-04-05 05:59:56.537662819,11.0,1,0,3,Resolved
T03875,CU0163,A015,C02,Email,2025-06-23 19:00:00,2025-06-24 22:58:01.160360695,27.97,0,0,4,Resolved
T03876,CU0800,A005,C03,Chat,2025-09-22 14:00:00,2025-09-23 18:51:18.306054770,28.86,0,1,4,Resolved
T03877,CU0289,A011,C06,Chat,2025-12-17 19:00:00,2025-12-18 04:46:09.254316086,9.77,1,0,5,Resolved
T03878,CU0294,A012,C06,Chat,2025-10-18 14:00:00,2025-10-19 03:51:51.494438728,13.86,1,0,4,Resolved
T03879,CU0092,A010,C02,Chat,2025-10-17 08:00:00,2025-10-17 16:52:33.865609785,8.88,1,0,4,Resolved
T03880,CU0400,A009,C03,Email,2025-06-11 10:00:00,2025-06-12 11:52:54.103335020,25.88,0,0,5,Resolved
T03881,CU0580,A001,C02,Chat,2025-08-24 11:00:00,2025-08-25 12:44:35.544153739,25.74,0,0,4,Resolved
T03882,CU0876,A018,C01,Chat,2025-03-19 12:00:00,2025-03-19 18:59:18.495740576,6.99,1,0,5,Resolved
T03883,CU0699,A004,C05,Email,2025-06-19 20:00:00,2025-06-20 20:13:10.174151701,24.22,1,0,5,Resolved
T03884,CU0772,A004,C03,Email,2025-03-10 12:00:00,2025-03-11 11:28:00.597946728,23.47,1,0,4,Resolved
T03885,CU0889,A015,C02,Chat,2025-01-10 15:00:00,2025-01-10 23:25:16.914269560,8.42,1,0,5,Resolved
T03886,CU0630,A002,C06,Chat,2025-11-09 11:00:00,2025-11-10 17:43:02.374122590,30.72,1,0,4,Resolved
T03887,CU0772,A014,C05,Chat,2025-10-21 16:00:00,2025-10-23 04:39:27.297877258,36.66,1,0,5,Resolved
T03888,CU0274,A007,C06,Web,2025-07-06 15:00:00,2025-07-08 07:42:45.104433472,40.71,0,1,4,Resolved
T03889,CU0644,A013,C01,Chat,2025-01-06 09:00:00,2025-01-06 20:40:21.497398485,11.67,1,1,5,Resolved
T03890,CU0566,A004,C06,Chat,2025-02-02 14:00:00,2025-02-03 16:10:31.274657378,26.18,1,0,4,Resolved
T03891,CU0407,A013,C05,Email,2025-02-10 09:00:00,2025-02-11 23:46:37.017095278,38.78,1,0,5,Resolved
T03892,CU0578,A018,C04,Email,2025-09-19 19:00:00,2025-09-20 02:43:28.539711048,7.72,1,0,5,Resolved
T03893,CU0649,A010,C01,Web,2025-03-16 17:00:00,2025-03-17 03:32:53.983418981,10.55,1,0,5,Resolved
T03894,CU0371,A011,C06,Chat,2025-04-02 20:00:00,2025-04-04 20:24:34.410250735,48.41,0,1,3,Resolved
T03895,CU0759,A012,C04,Web,2025-11-11 19:00:00,2025-11-12 07:42:32.995158066,12.71,1,0,4,Resolved
T03896,CU0033,A007,C06,Chat,2025-11-16 10:00:00,2025-11-17 18:46:01.323439514,32.77,1,0,5,Resolved
T03897,CU0292,A010,C05,Web,2025-10-06 17:00:00,2025-10-07 22:30:14.151912825,29.5,1,0,4,Resolved
T03898,CU0330,A012,C06,Chat,2025-04-23 09:00:00,2025-04-24 22:20:11.948295883,37.34,0,0,5,Resolved
T03899,CU0748,A001,C05,Web,2025-07-31 20:00:00,2025-08-03 06:49:31.451183655,58.83,0,1,4,Resolved
T03900,CU0458,A009,C06,Web,2025-03-15 18:00:00,2025-03-16 12:11:42.411055466,18.2,1,1,4,Resolved
T03901,CU0840,A010,C02,Email,2025-11-10 16:00:00,2025-11-11 12:14:59.985839918,20.25,1,0,4,Resolved
T03902,CU0856,A004,C02,Email,2025-01-31 20:00:00,2025-02-01 02:42:38.236158064,6.71,1,0,5,Resolved
T03903,CU0413,A009,C05,Chat,2025-09-29 19:00:00,2025-10-02 00:10:34.641226405,53.18,0,0,2,Resolved
T03904,CU0655,A008,C04,Chat,2025-07-06 19:00:00,2025-07-07 06:50:39.835146116,11.84,1,0,5,Resolved
T03905,CU0222,A010,C05,Chat,2025-10-04 09:00:00,2025-10-05 15:54:47.319539169,30.91,1,1,4,Resolved
T03906,CU0098,A006,C05,Email,2025-06-14 08:00:00,2025-06-15 17:29:40.308004248,33.49,1,0,4,Resolved
T03907,CU0442,A017,C04,Chat,2025-02-27 20:00:00,2025-02-28 05:45:10.502110195,9.75,1,1,4,Resolved
T03908,CU0272,A012,C06,Chat,2025-10-02 11:00:00,2025-10-03 18:28:49.825465467,31.48,1,0,4,Resolved
T03909,CU0658,A012,C03,Chat,2025-08-19 13:00:00,2025-08-20 11:19:23.954788333,22.32,1,0,5,Resolved
T03910,CU0470,A015,C06,Email,2025-06-19 08:00:00,2025-06-20 02:56:11.554758654,18.94,1,0,5,Resolved
T03911,CU0123,A001,C01,Chat,2025-05-17 16:00:00,2025-05-18 06:36:31.588560766,14.61,0,0,5,Resolved
T03912,CU0407,A005,C05,Email,2025-05-06 18:00:00,,33.99,1,0,4,Open
T03913,CU0362,A004,C06,Chat,2025-06-25 18:00:00,2025-06-27 03:12:22.276897095,33.21,1,0,5,Resolved
T03914,CU0005,A012,C02,Chat,2025-04-06 15:00:00,2025-04-07 17:29:00.634353774,26.48,0,0,4,Resolved
T03915,CU0491,A007,C03,Chat,2025-04-14 16:00:00,2025-04-15 23:55:18.999799816,31.92,0,0,5,Resolved
T03916,CU0842,A013,C03,Chat,2025-04-12 14:00:00,2025-04-13 12:04:03.862785795,22.07,1,0,5,Resolved
T03917,CU0808,A017,C04,Email,2025-01-05 13:00:00,2025-01-05 22:35:57.787673366,9.6,1,0,5,Resolved
T03918,CU0814,A007,C04,Chat,2025-12-05 15:00:00,2025-12-05 20:46:50.598784383,5.78,1,0,5,Resolved
T03919,CU0805,A006,C01,Web,2025-03-28 20:00:00,2025-03-29 04:46:47.239812994,8.78,1,0,5,Resolved
T03920,CU0832,A009,C06,Chat,2025-03-02 11:00:00,,40.91,0,0,4,Open
T03921,CU0088,A009,C02,Chat,2025-02-25 14:00:00,2025-02-26 06:25:11.934640959,16.42,1,0,5,Resolved
T03922,CU0386,A007,C04,Web,2025-12-27 15:00:00,2025-12-27 17:20:04.491756646,2.33,1,0,4,Resolved
T03923,CU0491,A007,C05,Web,2025-06-24 15:00:00,2025-06-26 12:51:23.105965629,45.86,1,0,4,Resolved
T03924,CU0751,A007,C01,Chat,2025-04-30 08:00:00,2025-04-30 20:09:56.329249921,12.17,0,0,4,Resolved
T03925,CU0336,A009,C01,Chat,2025-05-28 11:00:00,2025-05-28 17:59:09.182724273,6.99,1,0,5,Resolved
T03926,CU0638,A009,C06,Chat,2025-02-02 16:00:00,2025-02-04 07:00:10.801752908,39.0,0,0,3,Resolved
T03927,CU0704,A009,C05,Email,2025-04-25 17:00:00,2025-04-27 10:07:23.401836368,41.12,1,0,4,Resolved
T03928,CU0461,A006,C01,Chat,2025-04-01 17:00:00,2025-04-01 22:52:35.445242186,5.88,1,0,5,Resolved
T03929,CU0218,A012,C06,Chat,2025-10-21 20:00:00,2025-10-23 16:17:56.276203826,44.3,0,0,5,Resolved
T03930,CU0070,A009,C04,Email,2025-01-22 16:00:00,2025-01-22 22:13:06.643369354,6.22,1,0,4,Resolved
T03931,CU0401,A005,C01,Chat,2025-06-05 15:00:00,2025-06-06 00:30:42.451419949,9.51,1,1,3,Resolved
T03932,CU0152,A014,C05,Web,2025-10-16 12:00:00,2025-10-17 16:53:07.428205989,28.89,1,0,5,Resolved
T03933,CU0580,A016,C04,Chat,2025-11-01 12:00:00,2025-11-01 21:15:22.498801210,9.26,1,1,5,Resolved
T03934,CU0215,A008,C02,Web,2025-07-07 18:00:00,2025-07-08 14:32:42.521112456,20.55,1,0,4,Resolved
T03935,CU0790,A010,C06,Email,2025-03-23 14:00:00,2025-03-25 11:05:04.739329431,45.08,0,0,5,Resolved
T03936,CU0807,A018,C03,Web,2025-05-04 17:00:00,2025-05-05 22:48:20.255612428,29.81,0,0,4,Resolved
T03937,CU0753,A006,C03,Email,2025-03-23 09:00:00,2025-03-24 08:32:37.656651656,23.54,1,0,3,Resolved
T03938,CU0599,A004,C02,Chat,2025-08-30 09:00:00,2025-08-30 17:21:14.755282282,8.35,1,0,4,Resolved
T03939,CU0105,A007,C06,Chat,2025-04-17 10:00:00,2025-04-17 23:42:14.870082686,13.7,1,0,5,Resolved
T03940,CU0885,A009,C05,Chat,2025-08-19 10:00:00,2025-08-21 12:27:28.167447848,50.46,0,0,4,Resolved
T03941,CU0060,A008,C06,Email,2025-08-28 15:00:00,2025-08-30 04:10:57.850303202,37.18,0,0,5,Resolved
T03942,CU0510,A011,C02,Chat,2025-12-10 16:00:00,2025-12-11 03:11:20.007445869,11.19,1,0,4,Resolved
T03943,CU0724,A005,C06,Email,2025-05-16 15:00:00,2025-05-19 01:55:31.233518468,58.93,0,0,4,Resolved
T03944,CU0077,A010,C05,Web,2025-12-17 11:00:00,2025-12-18 19:30:44.958172499,32.51,1,0,4,Resolved
T03945,CU0448,A002,C03,Chat,2025-05-27 15:00:00,2025-05-28 12:41:58.970154397,21.7,1,0,5,Resolved
T03946,CU0430,A018,C01,Email,2025-09-06 09:00:00,2025-09-07 00:58:20.158912794,15.97,0,0,4,Resolved
T03947,CU0178,A006,C06,Web,2025-08-30 14:00:00,2025-09-01 04:42:19.790919093,38.71,0,0,4,Resolved
T03948,CU0101,A006,C02,Email,2025-10-26 10:00:00,2025-10-28 06:55:36.610445521,44.93,0,0,4,Resolved
T03949,CU0819,A003,C05,Chat,2025-06-21 08:00:00,2025-06-22 04:18:14.528457457,20.3,1,0,5,Resolved
T03950,CU0812,A007,C04,Chat,2025-10-17 10:00:00,2025-10-17 18:22:27.346302782,8.37,1,0,5,Resolved
T03951,CU0085,A018,C01,Email,2025-05-10 09:00:00,2025-05-10 14:14:02.290042572,5.23,1,0,5,Resolved
T03952,CU0251,A011,C06,Chat,2025-06-29 14:00:00,2025-07-01 16:30:17.947723575,50.5,0,0,3,Resolved
T03953,CU0354,A013,C06,Chat,2025-07-02 15:00:00,2025-07-05 09:05:29.328115081,66.09,0,1,2,Resolved
T03954,CU0178,A011,C04,Web,2025-09-15 15:00:00,2025-09-16 02:01:18.950598976,11.02,1,0,5,Resolved
T03955,CU0060,A007,C05,Chat,2025-08-14 13:00:00,2025-08-15 20:44:28.529179508,31.74,1,0,4,Resolved
T03956,CU0461,A015,C04,Chat,2025-01-29 10:00:00,2025-01-30 06:30:49.544683232,20.51,0,0,4,Resolved
T03957,CU0398,A007,C05,Chat,2025-10-23 08:00:00,2025-10-24 20:28:45.703248528,36.48,1,0,4,Resolved
T03958,CU0727,A015,C01,Web,2025-10-04 17:00:00,2025-10-05 08:05:29.288958378,15.09,0,0,4,Resolved
T03959,CU0267,A018,C04,Chat,2025-02-08 20:00:00,2025-02-09 06:42:22.514717703,10.71,1,0,4,Resolved
T03960,CU0460,A001,C03,Chat,2025-12-18 11:00:00,2025-12-19 08:24:01.025958027,21.4,1,0,4,Resolved
T03961,CU0283,A004,C04,Email,2025-08-30 10:00:00,2025-08-31 02:07:00.224094471,16.12,1,0,5,Resolved
T03962,CU0035,A014,C04,Chat,2025-02-01 12:00:00,2025-02-01 20:18:23.604285344,8.31,1,0,5,Resolved
T03963,CU0655,A003,C02,Chat,2025-06-29 10:00:00,2025-06-29 23:07:14.582462970,13.12,1,0,5,Resolved
T03964,CU0669,A013,C06,Email,2025-11-02 10:00:00,2025-11-03 00:40:19.115722801,14.67,1,0,4,Resolved
T03965,CU0598,A005,C01,Email,2025-04-13 14:00:00,2025-04-13 23:59:31.374084260,9.99,1,0,5,Resolved
T03966,CU0031,A011,C01,Chat,2025-12-07 18:00:00,2025-12-08 05:16:06.285815306,11.27,1,0,4,Resolved
T03967,CU0627,A012,C03,Chat,2025-06-02 17:00:00,2025-06-03 19:32:36.694360424,26.54,0,0,3,Resolved
T03968,CU0544,A006,C05,Email,2025-03-24 20:00:00,2025-03-26 13:50:35.988137430,41.84,1,0,4,Resolved
T03969,CU0397,A016,C02,Chat,2025-05-11 12:00:00,2025-05-12 01:12:54.486215074,13.22,1,0,5,Resolved
T03970,CU0556,A017,C04,Web,2025-07-11 14:00:00,2025-07-12 18:18:28.564672572,28.31,0,0,4,Resolved
T03971,CU0100,A004,C05,Chat,2025-09-09 12:00:00,2025-09-12 09:57:30.179731039,69.96,0,0,5,Resolved
T03972,CU0188,A014,C01,Chat,2025-12-05 08:00:00,2025-12-05 22:56:37.189331149,14.94,0,0,4,Resolved
T03973,CU0117,A013,C06,Email,2025-03-13 13:00:00,,58.6,0,1,4,Open
T03974,CU0402,A005,C03,Email,2025-12-17 11:00:00,2025-12-18 03:03:56.921072486,16.07,1,0,5,Resolved
T03975,CU0806,A015,C05,Chat,2025-07-12 14:00:00,2025-07-15 10:01:01.361929227,68.02,0,1,3,Resolved
T03976,CU0006,A006,C01,Chat,2025-02-16 10:00:00,2025-02-16 21:20:10.104893998,11.34,1,0,5,Resolved
T03977,CU0402,A005,C05,Web,2025-12-05 17:00:00,2025-12-06 11:29:00.264494788,18.48,1,0,5,Resolved
T03978,CU0256,A013,C06,Chat,2025-05-08 18:00:00,2025-05-09 12:22:03.393930968,18.37,1,1,5,Resolved
T03979,CU0844,A003,C01,Chat,2025-08-15 20:00:00,2025-08-16 01:42:23.513048629,5.71,1,0,5,Resolved
T03980,CU0558,A017,C01,Chat,2025-09-12 09:00:00,2025-09-12 18:45:13.666906400,9.75,1,0,5,Resolved
T03981,CU0200,A007,C03,Chat,2025-01-05 09:00:00,2025-01-05 23:37:55.713918741,14.63,1,0,5,Resolved
T03982,CU0256,A009,C01,Chat,2025-03-22 20:00:00,2025-03-23 00:11:34.396834722,4.19,1,0,4,Resolved
T03983,CU0523,A013,C06,Web,2025-09-08 19:00:00,2025-09-10 11:23:06.452855916,40.39,0,0,4,Resolved
T03984,CU0043,A016,C05,Web,2025-04-29 15:00:00,2025-04-30 20:41:39.863103277,29.69,1,0,5,Resolved
T03985,CU0061,A014,C05,Web,2025-01-04 12:00:00,2025-01-06 16:46:21.961177428,52.77,0,0,3,Resolved
T03986,CU0607,A007,C06,Chat,2025-01-09 14:00:00,2025-01-12 03:51:00.960031677,61.85,0,0,4,Resolved
T03987,CU0723,A014,C06,Chat,2025-10-29 14:00:00,2025-10-30 20:42:01.748822796,30.7,1,0,4,Resolved
T03988,CU0669,A008,C06,Chat,2025-02-26 19:00:00,2025-02-27 13:16:20.664049461,18.27,1,0,5,Resolved
T03989,CU0155,A010,C03,Chat,2025-02-06 14:00:00,2025-02-07 12:44:33.318744352,22.74,1,0,5,Resolved
T03990,CU0777,A013,C03,Email,2025-07-25 08:00:00,2025-07-26 05:51:04.626597927,21.85,1,0,5,Resolved
T03991,CU0203,A010,C03,Chat,2025-02-13 17:00:00,2025-02-14 08:15:31.712632153,15.26,1,0,3,Resolved
T03992,CU0788,A001,C03,Chat,2025-08-27 18:00:00,2025-08-28 08:45:58.964935644,14.77,1,0,4,Resolved
T03993,CU0267,A001,C03,Web,2025-07-18 11:00:00,2025-07-19 04:39:27.876088778,17.66,1,0,5,Resolved
T03994,CU0447,A003,C02,Email,2025-08-25 09:00:00,2025-08-26 01:32:31.727102143,16.54,1,0,5,Resolved
T03995,CU0862,A002,C03,Web,2025-06-29 09:00:00,2025-06-30 09:24:41.609842444,24.41,0,0,5,Resolved
T03996,CU0367,A014,C04,Chat,2025-10-12 18:00:00,2025-10-13 07:50:38.642125941,13.84,1,0,5,Resolved
T03997,CU0601,A004,C03,Web,2025-08-24 13:00:00,2025-08-26 14:28:50.518530634,49.48,0,0,5,Resolved
T03998,CU0528,A005,C02,Chat,2025-06-01 14:00:00,2025-06-02 08:57:48.148329574,18.96,1,0,5,Resolved
T03999,CU0068,A006,C03,Chat,2025-01-06 20:00:00,2025-01-07 16:34:35.134232296,20.58,1,0,5,Resolved
T04000,CU0714,A004,C04,Chat,2025-04-10 08:00:00,2025-04-10 17:35:02.281552173,9.58,1,0,4,Resolved
T04001,CU0323,A016,C05,Email,2025-02-17 10:00:00,2025-02-18 05:26:09.729171729,19.44,1,0,5,Resolved
T04002,CU0428,A002,C05,Chat,2025-01-06 18:00:00,2025-01-07 17:59:15.198126007,23.99,1,0,4,Resolved
T04003,CU0275,A004,C02,Email,2025-04-10 15:00:00,2025-04-11 01:13:04.029751412,10.22,1,0,4,Resolved
T04004,CU0896,A005,C01,Chat,2025-03-17 08:00:00,2025-03-17 10:31:37.205869555,2.53,1,0,5,Resolved
T04005,CU0496,A002,C03,Web,2025-01-29 17:00:00,2025-01-30 03:47:51.560370128,10.8,1,0,5,Resolved
T04006,CU0574,A005,C02,Chat,2025-04-25 09:00:00,2025-04-26 13:47:26.447852047,28.79,0,0,4,Resolved
T04007,CU0471,A004,C03,Email,2025-07-04 18:00:00,2025-07-06 01:20:12.621104206,31.34,0,1,5,Resolved
T04008,CU0278,A007,C06,Web,2025-03-07 18:00:00,2025-03-08 15:06:12.690138477,21.1,1,0,4,Resolved
T04009,CU0528,A003,C02,Email,2025-04-10 18:00:00,2025-04-11 10:44:58.491994678,16.75,1,0,4,Resolved
T04010,CU0715,A017,C03,Web,2025-01-08 14:00:00,2025-01-08 21:03:29.297565709,7.06,1,0,5,Resolved
T04011,CU0086,A015,C05,Email,2025-01-19 11:00:00,2025-01-20 22:11:45.439984856,35.2,1,0,4,Resolved
T04012,CU0136,A012,C04,Chat,2025-02-27 19:00:00,2025-02-28 14:32:45.327636265,19.55,0,0,4,Resolved
T04013,CU0149,A011,C01,Email,2025-06-15 15:00:00,2025-06-15 22:34:32.345705229,7.58,1,0,5,Resolved
T04014,CU0843,A013,C02,Email,2025-09-01 16:00:00,2025-09-02 00:04:22.711658581,8.07,1,0,5,Resolved
T04015,CU0519,A017,C06,Chat,2025-10-15 09:00:00,2025-10-16 10:18:59.134410180,25.32,1,1,4,Resolved
T04016,CU0307,A003,C01,Chat,2025-08-18 16:00:00,2025-08-19 10:12:35.909769718,18.21,0,0,5,Resolved
T04017,CU0179,A010,C05,Chat,2025-08-14 15:00:00,2025-08-16 19:36:05.481436773,52.6,0,0,4,Resolved
T04018,CU0617,A004,C06,Chat,2025-12-08 11:00:00,2025-12-09 03:06:38.722614638,16.11,1,1,4,Resolved
T04019,CU0473,A009,C02,Web,2025-04-04 17:00:00,2025-04-06 09:37:45.623200638,40.63,0,0,4,Resolved
T04020,CU0563,A017,C05,Web,2025-10-19 09:00:00,2025-10-20 02:37:58.877809125,17.63,1,0,4,Resolved
T04021,CU0644,A012,C02,Email,2025-12-08 17:00:00,2025-12-09 08:18:40.735602867,15.31,1,1,5,Resolved
T04022,CU0087,A012,C03,Chat,2025-07-27 20:00:00,2025-07-28 09:38:35.937124587,13.64,1,0,5,Resolved
T04023,CU0612,A002,C03,Chat,2025-11-03 15:00:00,2025-11-04 01:39:55.731048706,10.67,1,0,5,Resolved
T04024,CU0650,A015,C06,Chat,2025-02-20 09:00:00,2025-02-21 05:23:50.667980028,20.4,1,0,5,Resolved
T04025,CU0250,A013,C02,Chat,2025-11-17 15:00:00,2025-11-18 09:38:25.012760571,18.64,1,0,4,Resolved
T04026,CU0281,A007,C01,Email,2025-07-25 14:00:00,2025-07-26 08:18:09.204745215,18.3,0,0,4,Resolved
T04027,CU0533,A007,C06,Chat,2025-03-22 15:00:00,2025-03-23 12:00:43.687473724,21.01,1,0,5,Resolved
T04028,CU0344,A011,C02,Chat,2025-01-23 11:00:00,2025-01-23 19:53:10.103063395,8.89,1,0,3,Resolved
T04029,CU0838,A014,C06,Chat,2025-09-20 16:00:00,2025-09-22 14:50:07.221911182,46.84,0,0,4,Resolved
T04030,CU0087,A010,C05,Web,2025-06-07 11:00:00,2025-06-09 01:57:40.956205694,38.96,1,0,5,Resolved
T04031,CU0153,A016,C05,Chat,2025-04-24 15:00:00,2025-04-26 01:32:28.785193087,34.54,1,0,4,Resolved
T04032,CU0730,A004,C06,Chat,2025-05-23 15:00:00,2025-05-25 01:31:45.649111756,34.53,1,1,4,Resolved
T04033,CU0613,A013,C05,Chat,2025-12-28 16:00:00,2025-12-29 21:28:07.704090984,29.47,1,0,5,Resolved
T04034,CU0775,A015,C01,Chat,2025-06-06 18:00:00,,8.36,1,0,4,Open
T04035,CU0022,A013,C06,Email,2025-01-29 19:00:00,2025-01-30 18:02:15.787387935,23.04,1,0,5,Resolved
T04036,CU0121,A007,C06,Email,2025-04-13 18:00:00,2025-04-15 10:28:01.006954946,40.47,0,0,4,Resolved
T04037,CU0754,A009,C06,Email,2025-02-23 18:00:00,2025-02-26 14:08:52.993690947,68.15,0,0,4,Resolved
T04038,CU0732,A009,C05,Chat,2025-09-08 19:00:00,2025-09-11 08:55:59.545205767,61.93,0,1,4,Resolved
T04039,CU0744,A006,C04,Web,2025-10-20 11:00:00,2025-10-20 21:58:03.055558663,10.97,1,0,5,Resolved
T04040,CU0809,A003,C04,Email,2025-11-03 11:00:00,2025-11-03 23:20:32.302238888,12.34,1,0,5,Resolved
T04041,CU0208,A004,C01,Web,2025-08-20 14:00:00,2025-08-20 21:36:57.202767910,7.62,1,0,5,Resolved
T04042,CU0088,A012,C04,Chat,2025-10-08 14:00:00,2025-10-09 05:31:12.336632075,15.52,1,0,4,Resolved
T04043,CU0267,A005,C05,Web,2025-06-02 17:00:00,2025-06-04 06:48:28.237616899,37.81,1,0,4,Resolved
T04044,CU0898,A015,C05,Email,2025-08-18 08:00:00,2025-08-19 22:45:02.702347030,38.75,1,0,4,Resolved
T04045,CU0466,A015,C03,Chat,2025-02-09 09:00:00,2025-02-10 10:30:42.693294891,25.51,0,0,5,Resolved
T04046,CU0005,A008,C04,Chat,2025-07-16 17:00:00,2025-07-17 07:12:03.005017927,14.2,1,0,5,Resolved
T04047,CU0670,A007,C05,Chat,2025-07-23 18:00:00,2025-07-25 00:15:37.037644369,30.26,1,0,5,Resolved
T04048,CU0759,A018,C04,Web,2025-01-12 11:00:00,2025-01-12 23:53:08.478430036,12.89,1,0,5,Resolved
T04049,CU0111,A001,C06,Chat,2025-07-20 12:00:00,,51.25,0,1,3,Open
T04050,CU0503,A005,C05,Email,2025-09-21 15:00:00,2025-09-24 15:08:08.732754114,72.14,0,0,3,Resolved
T04051,CU0671,A013,C01,Email,2025-05-15 14:00:00,2025-05-16 01:37:50.081003644,11.63,1,0,5,Resolved
T04052,CU0862,A016,C01,Email,2025-07-18 10:00:00,2025-07-18 19:44:55.875494583,9.75,1,0,4,Resolved
T04053,CU0547,A009,C05,Chat,2025-04-15 14:00:00,2025-04-16 15:04:00.824870589,25.07,1,0,4,Resolved
T04054,CU0305,A013,C04,Web,2025-04-09 18:00:00,2025-04-10 05:00:31.085820763,11.01,1,0,5,Resolved
T04055,CU0820,A004,C06,Chat,2025-02-17 17:00:00,2025-02-18 22:26:25.115684434,29.44,1,0,4,Resolved
T04056,CU0325,A017,C02,Web,2025-04-30 18:00:00,2025-05-01 11:24:17.328206214,17.4,1,0,4,Resolved
T04057,CU0570,A011,C01,Chat,2025-10-21 16:00:00,2025-10-22 01:09:43.613607848,9.16,1,0,5,Resolved
T04058,CU0757,A014,C03,Chat,2025-12-08 19:00:00,2025-12-09 11:19:10.773268575,16.32,1,0,4,Resolved
T04059,CU0478,A004,C05,Chat,2025-08-21 11:00:00,2025-08-24 12:19:37.329239668,73.33,0,0,4,Resolved
T04060,CU0640,A009,C06,Email,2025-08-16 08:00:00,2025-08-17 11:52:38.455762440,27.88,1,0,5,Resolved
T04061,CU0758,A014,C06,Email,2025-08-13 09:00:00,2025-08-18 04:14:09.473596645,115.24,0,0,2,Resolved
T04062,CU0541,A008,C04,Chat,2025-06-23 20:00:00,2025-06-24 11:30:24.385459644,15.51,1,0,5,Resolved
T04063,CU0379,A018,C06,Chat,2025-06-04 16:00:00,2025-06-05 10:21:48.153990193,18.36,1,1,4,Resolved
T04064,CU0580,A015,C01,Email,2025-08-15 11:00:00,2025-08-15 22:07:48.426856507,11.13,1,0,4,Resolved
T04065,CU0361,A003,C05,Chat,2025-10-14 19:00:00,2025-10-16 14:53:25.308894670,43.89,1,0,4,Resolved
T04066,CU0615,A016,C06,Chat,2025-06-01 12:00:00,2025-06-02 09:21:46.744143861,21.36,1,0,4,Resolved
T04067,CU0074,A007,C03,Email,2025-07-26 15:00:00,2025-07-27 02:06:12.529114495,11.1,1,0,4,Resolved
T04068,CU0044,A011,C06,Chat,2025-06-21 11:00:00,2025-06-22 02:39:46.563629972,15.66,1,0,5,Resolved
T04069,CU0428,A008,C02,Chat,2025-04-15 09:00:00,2025-04-16 02:52:04.012095554,17.87,1,0,5,Resolved
T04070,CU0107,A013,C01,Chat,2025-04-16 11:00:00,2025-04-16 14:37:56.254796504,3.63,1,0,5,Resolved
T04071,CU0658,A008,C04,Email,2025-01-29 10:00:00,2025-01-29 15:43:47.477803447,5.73,1,0,5,Resolved
T04072,CU0164,A009,C06,Email,2025-06-10 15:00:00,,38.83,0,1,4,Open
T04073,CU0450,A011,C03,Chat,2025-09-18 08:00:00,2025-09-19 08:01:02.515968519,24.02,0,1,3,Resolved
T04074,CU0160,A004,C06,Chat,2025-09-08 11:00:00,2025-09-09 20:40:59.620398441,33.68,1,1,3,Resolved
T04075,CU0830,A008,C02,Chat,2025-12-26 15:00:00,2025-12-27 04:40:15.694548938,13.67,1,1,5,Resolved
T04076,CU0759,A001,C05,Chat,2025-01-15 13:00:00,2025-01-16 04:59:33.064848135,15.99,1,0,4,Resolved
T04077,CU0002,A002,C04,Chat,2025-10-05 16:00:00,2025-10-06 05:40:46.247014592,13.68,1,0,5,Resolved
T04078,CU0356,A012,C02,Chat,2025-10-18 16:00:00,2025-10-19 01:44:19.498499260,9.74,1,0,4,Resolved
T04079,CU0848,A006,C05,Email,2025-06-09 20:00:00,2025-06-10 20:21:32.165890232,24.36,1,0,4,Resolved
T04080,CU0441,A013,C05,Chat,2025-04-14 18:00:00,2025-04-16 14:12:26.509310377,44.21,1,1,3,Resolved
T04081,CU0760,A014,C04,Web,2025-05-11 10:00:00,2025-05-11 21:57:22.912623856,11.96,1,1,3,Resolved
T04082,CU0081,A012,C02,Web,2025-09-07 17:00:00,2025-09-08 06:03:01.657692360,13.05,1,0,5,Resolved
T04083,CU0387,A008,C01,Chat,2025-11-11 16:00:00,2025-11-11 19:16:04.989103694,3.27,1,0,5,Resolved
T04084,CU0784,A011,C06,Email,2025-08-23 15:00:00,2025-08-25 21:20:59.651157267,54.35,0,1,4,Resolved
T04085,CU0176,A015,C05,Email,2025-07-07 18:00:00,2025-07-09 18:31:00.205189726,48.52,0,0,3,Resolved
T04086,CU0010,A007,C06,Chat,2025-08-27 09:00:00,2025-08-28 14:55:01.103566573,29.92,1,0,4,Resolved
T04087,CU0661,A008,C05,Chat,2025-01-26 12:00:00,2025-01-27 07:26:11.740436487,19.44,1,0,5,Resolved
T04088,CU0075,A005,C06,Web,2025-08-10 18:00:00,2025-08-12 16:19:57.109540166,46.33,0,1,4,Resolved
T04089,CU0271,A004,C02,Chat,2025-01-16 19:00:00,2025-01-17 12:22:44.840521822,17.38,1,0,4,Resolved
T04090,CU0731,A002,C04,Email,2025-12-17 08:00:00,2025-12-17 19:29:40.949373152,11.49,1,0,4,Resolved
T04091,CU0803,A002,C05,Email,2025-11-21 14:00:00,2025-11-24 21:02:27.839666104,79.04,0,1,2,Resolved
T04092,CU0118,A003,C01,Chat,2025-07-05 11:00:00,2025-07-06 01:03:41.884927927,14.06,0,0,5,Resolved
T04093,CU0448,A014,C02,Email,2025-05-17 10:00:00,2025-05-17 23:20:24.619454739,13.34,1,0,4,Resolved
T04094,CU0715,A012,C05,Web,2025-09-25 08:00:00,2025-09-28 01:16:24.841216002,65.27,0,0,4,Resolved
T04095,CU0353,A002,C06,Chat,2025-08-21 14:00:00,2025-08-23 04:35:45.561428034,38.6,0,0,4,Resolved
T04096,CU0316,A014,C05,Chat,2025-09-15 16:00:00,2025-09-17 15:47:03.708235230,47.78,1,0,5,Resolved
T04097,CU0489,A014,C01,Chat,2025-07-08 14:00:00,2025-07-09 08:21:02.361944908,18.35,0,0,4,Resolved
T04098,CU0699,A017,C06,Email,2025-03-28 12:00:00,2025-03-29 04:41:20.397593400,16.69,1,0,5,Resolved
T04099,CU0037,A018,C01,Email,2025-01-27 18:00:00,2025-01-28 02:05:03.682971589,8.08,1,0,4,Resolved
T04100,CU0046,A002,C02,Chat,2025-04-14 16:00:00,2025-04-15 15:54:47.194854688,23.91,1,0,5,Resolved
T04101,CU0096,A010,C06,Email,2025-07-13 19:00:00,2025-07-15 14:23:34.480491212,43.39,0,0,3,Resolved
T04102,CU0308,A015,C06,Web,2025-06-04 12:00:00,2025-06-05 13:49:58.808910705,25.83,1,1,4,Resolved
T04103,CU0251,A005,C06,Chat,2025-07-04 11:00:00,2025-07-05 04:31:20.538088960,17.52,1,0,5,Resolved
T04104,CU0434,A011,C06,Email,2025-04-12 13:00:00,2025-04-12 21:59:59.842003236,9.0,1,0,5,Resolved
T04105,CU0271,A002,C05,Chat,2025-12-09 14:00:00,2025-12-12 20:54:24.858003438,78.91,0,0,4,Resolved
T04106,CU0564,A006,C03,Chat,2025-05-14 13:00:00,2025-05-15 08:31:54.462919130,19.53,1,0,4,Resolved
T04107,CU0290,A018,C03,Chat,2025-11-05 18:00:00,2025-11-06 07:04:14.865734334,13.07,1,0,4,Resolved
T04108,CU0753,A014,C06,Chat,2025-05-23 08:00:00,2025-05-24 19:41:38.358403530,35.69,1,1,5,Resolved
T04109,CU0279,A005,C06,Web,2025-06-11 14:00:00,2025-06-12 06:19:13.827985039,16.32,1,0,5,Resolved
T04110,CU0221,A018,C03,Chat,2025-08-09 13:00:00,2025-08-10 07:44:49.139768911,18.75,1,0,5,Resolved
T04111,CU0775,A004,C03,Email,2025-04-07 10:00:00,2025-04-07 21:07:53.850432086,11.13,1,0,5,Resolved
T04112,CU0593,A007,C03,Chat,2025-03-22 16:00:00,2025-03-23 01:00:00.507182745,9.0,1,0,5,Resolved
T04113,CU0044,A008,C03,Chat,2025-05-19 18:00:00,2025-05-20 00:35:33.889510140,6.59,1,0,5,Resolved
T04114,CU0137,A012,C06,Web,2025-10-21 15:00:00,2025-10-22 03:10:53.908305808,12.18,1,0,5,Resolved
T04115,CU0044,A005,C01,Web,2025-02-22 09:00:00,2025-02-22 21:40:02.150747058,12.67,0,0,5,Resolved
T04116,CU0716,A005,C04,Chat,2025-06-09 08:00:00,2025-06-09 15:03:19.569770607,7.06,1,0,4,Resolved
T04117,CU0565,A013,C06,Chat,2025-09-03 13:00:00,2025-09-05 13:02:09.783615044,48.04,0,0,5,Resolved
T04118,CU0840,A004,C04,Chat,2025-09-15 16:00:00,2025-09-16 13:39:18.803087978,21.66,0,0,5,Resolved
T04119,CU0296,A003,C04,Web,2025-06-08 12:00:00,2025-06-09 01:31:13.796967982,13.52,1,1,4,Resolved
T04120,CU0043,A003,C03,Chat,2025-01-30 12:00:00,2025-01-31 02:51:45.900844239,14.86,1,0,5,Resolved
T04121,CU0414,A006,C01,Chat,2025-01-06 19:00:00,2025-01-07 03:29:36.621123547,8.49,1,0,5,Resolved
T04122,CU0072,A001,C02,Email,2025-06-21 08:00:00,2025-06-21 19:36:23.938118254,11.61,1,0,5,Resolved
T04123,CU0131,A001,C01,Web,2025-10-23 09:00:00,2025-10-23 22:45:08.013980545,13.75,0,0,5,Resolved
T04124,CU0709,A014,C01,Chat,2025-01-11 10:00:00,2025-01-12 04:36:48.242251702,18.61,0,0,5,Resolved
T04125,CU0341,A010,C02,Email,2025-11-20 20:00:00,2025-11-21 22:52:56.722831035,26.88,0,0,5,Resolved
T04126,CU0793,A003,C03,Chat,2025-09-04 14:00:00,2025-09-04 22:15:49.246733887,8.26,1,0,5,Resolved
T04127,CU0463,A005,C01,Email,2025-01-03 10:00:00,2025-01-03 18:01:03.106976656,8.02,1,1,5,Resolved
T04128,CU0584,A013,C06,Chat,2025-05-06 12:00:00,2025-05-07 13:02:48.602851018,25.05,1,0,4,Resolved
T04129,CU0751,A015,C01,Web,2025-03-22 20:00:00,2025-03-23 05:51:12.277266483,9.85,1,0,5,Resolved
T04130,CU0416,A016,C03,Email,2025-12-13 17:00:00,2025-12-14 00:48:50.535179762,7.81,1,0,5,Resolved
T04131,CU0288,A004,C06,Web,2025-07-22 10:00:00,2025-07-23 03:13:51.017336835,17.23,1,0,5,Resolved
T04132,CU0693,A016,C01,Chat,2025-04-29 11:00:00,2025-04-30 01:24:13.932442630,14.4,0,0,5,Resolved
T04133,CU0748,A008,C04,Web,2025-04-12 08:00:00,2025-04-12 16:33:11.091923578,8.55,1,0,5,Resolved
T04134,CU0270,A006,C06,Email,2025-07-25 18:00:00,2025-07-26 17:35:19.367887214,23.59,1,1,4,Resolved
T04135,CU0741,A011,C04,Chat,2025-01-02 09:00:00,2025-01-02 15:41:39.491839708,6.69,1,0,5,Resolved
T04136,CU0893,A003,C02,Chat,2025-04-04 11:00:00,2025-04-05 03:41:21.667670430,16.69,1,0,4,Resolved
T04137,CU0175,A009,C05,Email,2025-03-02 12:00:00,2025-03-03 09:24:34.662201548,21.41,1,0,5,Resolved
T04138,CU0764,A008,C05,Chat,2025-08-15 16:00:00,2025-08-17 20:12:02.022967522,52.2,0,0,5,Resolved
T04139,CU0079,A011,C03,Email,2025-09-02 15:00:00,2025-09-03 05:00:29.683206050,14.01,1,0,4,Resolved
T04140,CU0799,A004,C01,Email,2025-06-20 18:00:00,2025-06-20 21:38:57.691725028,3.65,1,0,5,Resolved
T04141,CU0802,A002,C01,Email,2025-02-21 11:00:00,2025-02-22 02:11:11.713804778,15.19,0,0,4,Resolved
T04142,CU0770,A007,C06,Email,2025-05-16 13:00:00,2025-05-17 18:54:21.832095682,29.91,1,0,4,Resolved
T04143,CU0314,A018,C03,Email,2025-11-04 13:00:00,2025-11-05 06:50:51.827098794,17.85,1,1,4,Resolved
T04144,CU0840,A011,C01,Email,2025-03-16 08:00:00,2025-03-16 14:19:37.258691415,6.33,1,0,5,Resolved
T04145,CU0499,A010,C04,Email,2025-03-01 17:00:00,2025-03-02 14:15:56.902230673,21.27,0,0,4,Resolved
T04146,CU0059,A012,C06,Chat,2025-02-10 14:00:00,2025-02-11 22:37:28.294604706,32.62,1,0,5,Resolved
T04147,CU0765,A010,C01,Email,2025-10-26 14:00:00,,13.4,0,0,5,Open
T04148,CU0818,A004,C01,Email,2025-02-13 20:00:00,2025-02-14 02:09:07.257684812,6.15,1,0,5,Resolved
T04149,CU0273,A018,C04,Chat,2025-08-01 10:00:00,,14.4,1,0,5,Open
T04150,CU0224,A005,C05,Chat,2025-12-31 20:00:00,2026-01-02 09:09:01.731345026,37.15,1,0,4,Resolved
T04151,CU0513,A012,C04,Chat,2025-08-23 16:00:00,2025-08-24 02:59:33.436471459,10.99,1,0,4,Resolved
T04152,CU0324,A016,C06,Web,2025-05-31 10:00:00,2025-06-01 09:56:52.934729456,23.95,1,0,5,Resolved
T04153,CU0576,A012,C01,Web,2025-03-17 16:00:00,2025-03-17 22:09:08.078298494,6.15,1,0,3,Resolved
T04154,CU0334,A018,C03,Chat,2025-01-01 17:00:00,2025-01-02 13:20:38.689644703,20.34,1,0,5,Resolved
T04155,CU0196,A004,C03,Web,2025-02-26 12:00:00,2025-02-26 21:22:48.209608938,9.38,1,0,5,Resolved
T04156,CU0210,A012,C03,Chat,2025-12-14 12:00:00,2025-12-15 09:59:24.953785548,21.99,1,0,4,Resolved
T04157,CU0592,A002,C04,Web,2025-02-22 18:00:00,2025-02-23 06:39:02.686866811,12.65,1,0,4,Resolved
T04158,CU0395,A011,C06,Web,2025-01-08 10:00:00,2025-01-09 08:48:51.435213746,22.81,1,0,4,Resolved
T04159,CU0014,A004,C03,Chat,2025-10-25 08:00:00,2025-10-26 04:48:40.676342292,20.81,1,0,5,Resolved
T04160,CU0455,A012,C05,Web,2025-06-02 16:00:00,2025-06-03 18:18:18.469762196,26.31,1,0,4,Resolved
T04161,CU0710,A006,C02,Email,2025-05-11 19:00:00,2025-05-12 07:38:00.478967996,12.63,1,1,4,Resolved
T04162,CU0134,A003,C04,Chat,2025-09-19 14:00:00,2025-09-20 07:58:59.140086870,17.98,1,0,4,Resolved
T04163,CU0220,A016,C03,Email,2025-07-10 09:00:00,2025-07-11 13:20:19.459017376,28.34,0,0,4,Resolved
T04164,CU0324,A017,C04,Chat,2025-11-30 15:00:00,2025-11-30 23:45:17.959013910,8.75,1,0,5,Resolved
T04165,CU0835,A004,C01,Chat,2025-06-20 11:00:00,2025-06-20 17:07:34.173439867,6.13,1,0,5,Resolved
T04166,CU0314,A004,C06,Chat,2025-09-18 18:00:00,2025-09-20 04:46:31.694555215,34.78,1,0,5,Resolved
T04167,CU0754,A001,C06,Email,2025-11-17 15:00:00,2025-11-18 10:30:04.128971781,19.5,1,0,4,Resolved
T04168,CU0608,A013,C06,Email,2025-06-19 12:00:00,2025-06-22 00:35:02.280316092,60.58,0,1,3,Resolved
T04169,CU0893,A017,C06,Web,2025-04-14 16:00:00,2025-04-15 20:49:34.859673314,28.83,1,0,4,Resolved
T04170,CU0523,A004,C02,Web,2025-12-22 16:00:00,2025-12-23 06:05:32.223473347,14.09,1,0,5,Resolved
T04171,CU0286,A009,C04,Web,2025-03-24 16:00:00,2025-03-24 23:13:46.178063886,7.23,1,0,4,Resolved
T04172,CU0645,A013,C03,Email,2025-01-15 12:00:00,2025-01-16 16:55:19.918713918,28.92,0,1,4,Resolved
T04173,CU0082,A008,C06,Web,2025-07-31 15:00:00,2025-08-01 19:40:30.255317720,28.68,1,0,4,Resolved
T04174,CU0706,A014,C02,Chat,2025-12-27 08:00:00,2025-12-27 18:26:11.841933372,10.44,1,0,5,Resolved
T04175,CU0211,A014,C02,Email,2025-02-01 13:00:00,2025-02-02 13:10:53.130895971,24.18,0,1,4,Resolved
T04176,CU0601,A014,C05,Chat,2025-11-07 12:00:00,2025-11-09 00:54:09.415751925,36.9,1,0,5,Resolved
T04177,CU0523,A013,C01,Chat,2025-10-31 14:00:00,2025-10-31 16:35:35.496504859,2.59,1,0,5,Resolved
T04178,CU0218,A008,C05,Chat,2025-12-06 20:00:00,2025-12-08 00:52:31.475263591,28.88,1,0,4,Resolved
T04179,CU0434,A008,C02,Chat,2025-06-03 20:00:00,2025-06-04 10:48:48.719013386,14.81,1,0,5,Resolved
T04180,CU0452,A011,C05,Web,2025-04-03 14:00:00,2025-04-04 16:36:24.682313160,26.61,1,0,4,Resolved
T04181,CU0691,A002,C06,Chat,2025-07-06 16:00:00,2025-07-08 08:35:08.257446394,40.59,0,0,5,Resolved
T04182,CU0420,A011,C05,Web,2025-02-21 09:00:00,2025-02-21 22:43:50.193831190,13.73,1,0,5,Resolved
T04183,CU0053,A001,C02,Chat,2025-11-04 14:00:00,2025-11-04 17:54:57.985366597,3.92,1,0,5,Resolved
T04184,CU0067,A013,C01,Email,2025-08-31 16:00:00,2025-08-31 22:36:06.446090556,6.6,1,0,5,Resolved
T04185,CU0599,A011,C01,Chat,2025-06-26 16:00:00,2025-06-27 01:05:00.376511074,9.08,1,0,5,Resolved
T04186,CU0806,A009,C01,Web,2025-07-08 20:00:00,2025-07-08 22:23:56.566968439,2.4,1,0,5,Resolved
T04187,CU0392,A006,C05,Chat,2025-09-17 14:00:00,2025-09-18 22:01:58.727258047,32.03,1,0,4,Resolved
T04188,CU0083,A010,C03,Email,2025-07-10 19:00:00,2025-07-11 04:09:35.499004779,9.16,1,0,4,Resolved
T04189,CU0154,A012,C02,Web,2025-11-03 20:00:00,2025-11-04 08:33:07.038977752,12.55,1,0,5,Resolved
T04190,CU0879,A013,C02,Email,2025-12-04 15:00:00,2025-12-06 08:13:17.828800611,41.22,0,1,3,Resolved
T04191,CU0633,A017,C06,Web,2025-12-13 09:00:00,2025-12-14 07:40:20.501373100,22.67,1,0,4,Resolved
T04192,CU0029,A004,C01,Chat,2025-08-15 12:00:00,2025-08-15 21:45:23.105303953,9.76,1,0,5,Resolved
T04193,CU0234,A001,C03,Chat,2025-09-29 17:00:00,2025-10-01 00:44:41.098629426,31.74,0,0,5,Resolved
T04194,CU0657,A012,C04,Chat,2025-04-24 15:00:00,2025-04-25 02:06:21.508881786,11.11,1,0,4,Resolved
T04195,CU0569,A003,C01,Chat,2025-01-14 20:00:00,2025-01-15 03:15:44.245019555,7.26,1,0,5,Resolved
T04196,CU0259,A003,C06,Chat,2025-05-27 18:00:00,2025-05-29 07:56:04.951442551,37.93,0,0,4,Resolved
T04197,CU0627,A005,C01,Email,2025-11-15 08:00:00,2025-11-15 17:53:33.493782393,9.89,1,0,5,Resolved
T04198,CU0815,A014,C05,Web,2025-02-18 19:00:00,2025-02-20 14:03:55.403636759,43.07,1,1,4,Resolved
T04199,CU0811,A002,C05,Email,2025-07-19 12:00:00,2025-07-21 07:59:15.815465610,43.99,1,0,3,Resolved
T04200,CU0742,A008,C06,Email,2025-03-12 18:00:00,2025-03-13 15:23:41.188028514,21.39,1,0,5,Resolved
